{"type": "FeatureCollection", "features": [{"type": "Feature", "properties": {"dt_code": "558", "district": "Bidar", "st_code": "29", "year": "2011_c", "st_nm": "Karnataka"}, "geometry": {"type": "Polygon", "coordinates": [[[77.44324144153933, 17.584279313523126], [77.37871764917703, 17.583953963478937], [77.3793794316628, 17.59501586498137], [77.35952595708979, 17.600221465688396], [77.34033426500254, 17.587858164009205], [77.31055405314302, 17.59534121502556], [77.29764929467056, 17.606403116527993], [77.27448690766872, 17.62690016931191], [77.27448690766872, 17.62690016931191], [77.27316334269719, 17.6272255193561], [77.19772013931974, 17.63210577001894], [77.18878607576188, 17.615512917765287], [77.1500718003445, 17.632431120063128], [77.12591673961401, 17.686764577442723], [77.12426228339959, 17.685788527310155], [77.08521711673933, 17.65910982368664], [77.05808403482288, 17.673099875586775], [77.03525253906392, 17.669521025100696], [77.03425986533527, 17.68058292660313], [77.0177153031911, 17.677980126249615], [76.99091311251752, 17.69587437868002], [76.97701568031641, 17.67993222651475], [76.9872733088458, 17.658133773554074], [76.94028675235634, 17.609005916881504], [76.9210950602691, 17.61063266710245], [76.91778614784026, 17.62364666887002], [76.9290364500983, 17.637636720770153], [76.90785941055375, 17.63503392041664], [76.8989253469959, 17.64479442174232], [76.79304014927317, 17.653253522891234], [76.77848093458628, 17.636009970549207], [76.7702086535142, 17.64642117196326], [76.77351756594304, 17.66691822474718], [76.73281794306835, 17.665616824570424], [76.71428803346689, 17.63893812094691], [76.69906703629424, 17.642516971432993], [76.70039060126577, 17.64479442174232], [76.70899377358074, 17.658133773554074], [76.71097912103804, 17.661387273995963], [76.6957581238654, 17.661712624040156], [76.69443455889386, 17.662037974084342], [76.69443455889386, 17.66268867417272], [76.6858313865789, 17.682209676824073], [76.69079475522214, 17.680908276647315], [76.69311099392233, 17.692620878238127], [76.69608901510829, 17.70888838044759], [76.69972881878, 17.727107982922185], [76.70039060126577, 17.72743333296637], [76.72818546566799, 17.737519184336236], [76.71428803346689, 17.7807907402134], [76.76193637244211, 17.786972391052995], [76.7903930193301, 17.82633974639989], [76.76756152357113, 17.852042399890834], [76.73844309419738, 17.856597300509485], [76.74009755041179, 17.899543506342457], [76.7682233060569, 17.901170256563404], [76.77517202215745, 17.87774505338178], [76.8042904515312, 17.87058735240962], [76.80462134277408, 17.870912702453808], [76.81024649390311, 17.887180204663267], [76.83109264220477, 17.885553454442324], [76.83969581451974, 17.89889280625408], [76.88436613230903, 17.89433790563543], [76.90124158569608, 17.917112408728674], [76.91910971281179, 17.916136358596106], [76.90554317185357, 18.009837171322594], [76.91447723541143, 18.035214474769354], [76.95219883710014, 18.04009472543219], [76.94525012099959, 18.083040931265167], [76.96642716054414, 18.098332383342058], [76.92043327778333, 18.1181787360376], [76.93201447128425, 18.13347018811449], [76.92407308145505, 18.14648418988206], [76.93168358004137, 18.159498191649625], [76.94227209981364, 18.156244691207736], [76.95186794585726, 18.188128995538275], [76.99058222127464, 18.19008109580341], [77.0011707410469, 18.160799591826382], [77.0233404543201, 18.15852214151706], [77.02300956307722, 18.175765693859088], [77.03326719160661, 18.18194734469868], [77.05212799245098, 18.173162893505573], [77.06404007719479, 18.150713740456517], [77.11069574244137, 18.155268641075168], [77.11069574244137, 18.155593991119357], [77.11367376362732, 18.16210099200314], [77.11698267605615, 18.16958404301949], [77.11632089357039, 18.17056009315206], [77.0977909839689, 18.196588096687194], [77.15172625655893, 18.217085149471114], [77.14874823537298, 18.23888360243179], [77.16992527491752, 18.261007405436658], [77.17488864356078, 18.284757958662468], [77.21294113649238, 18.280203058043817], [77.19937459553415, 18.315666212860442], [77.21922807010716, 18.325752064230308], [77.22948569863655, 18.34820121727936], [77.22022074383582, 18.34917726741193], [77.22584589496483, 18.365119419577198], [77.24636115202362, 18.370650370328416], [77.24636115202362, 18.370650370328416], [77.24603026078073, 18.371626420460984], [77.23577263225134, 18.394400923554226], [77.24172867462325, 18.412620526028824], [77.26555284411086, 18.422381027354497], [77.31684098675781, 18.44222738005004], [77.32378970285836, 18.45426533168504], [77.3452976336458, 18.43344292885693], [77.36581289070458, 18.450686481198957], [77.36581289070458, 18.449710431066393], [77.37276160680513, 18.401233274482202], [77.41246855595115, 18.393424873421658], [77.4137921209227, 18.392448823289094], [77.39493132007833, 18.36837292001909], [77.40022557996447, 18.34755051719098], [77.35853328336114, 18.31761831312558], [77.35787150087538, 18.3169676130372], [77.36581289070458, 18.307207111711524], [77.40915964352232, 18.301350810916116], [77.4376162904103, 18.310460612153413], [77.43827807289607, 18.286384708883414], [77.44522678899662, 18.27987770799963], [77.46110956865503, 18.264260905878547], [77.4621022423837, 18.26328485574598], [77.46276402486946, 18.26361020579017], [77.46508026356965, 18.2626341556576], [77.48493373814266, 18.27076790676233], [77.49287512797186, 18.26718905627625], [77.51173592881622, 18.282155158308953], [77.51272860254487, 18.30948456202085], [77.55144287796224, 18.29159030959044], [77.55144287796224, 18.29191565963463], [77.56170050649163, 18.285083308706657], [77.5726199175068, 18.293217059811386], [77.57295080874968, 18.293217059811386], [77.60537815055227, 18.281504458220574], [77.60074567315189, 18.27564815742517], [77.60041478190901, 18.27564815742517], [77.57195813502102, 18.24408920313882], [77.58552467597926, 18.21968794982463], [77.56368585394894, 18.19561204655463], [77.58122308982176, 18.16242634204733], [77.59677497823729, 18.155919341163546], [77.5987603256946, 18.09442818281179], [77.5987603256946, 18.093452132679218], [77.5984294344517, 18.093126782635032], [77.57295080874968, 18.078811380690706], [77.56302407146318, 18.07328042993949], [77.54780307429053, 18.056036877597464], [77.55375911666243, 18.035865174857733], [77.580561307336, 18.031635624283272], [77.5885026971652, 18.01211462163192], [77.60603993303803, 18.02024837273665], [77.62787875506834, 17.99682316955503], [77.64905579461289, 17.998775269820165], [77.65600451071344, 17.968843065754758], [77.65567361947056, 17.96851771571057], [77.64938668585577, 17.949972763191784], [77.63714370986908, 17.95225021350111], [77.63317301495448, 17.967541665578], [77.6245698426395, 17.95973326451746], [77.63251123246872, 17.94671926274989], [77.61861380026761, 17.93956156177773], [77.61894469151049, 17.904098406961108], [77.58618645846502, 17.907677257447187], [77.59909121693748, 17.873190152763133], [77.5765906124214, 17.875467603072458], [77.55409000790532, 17.820158095560295], [77.5282804909604, 17.827966496620835], [77.52894227344616, 17.81300039458813], [77.50644166893008, 17.785996340920427], [77.53754544576114, 17.779814690080833], [77.55475179039108, 17.763872537915564], [77.56931100507796, 17.766475338269075], [77.56864922259219, 17.74890643588286], [77.5461486180761, 17.726782632877995], [77.52199355734561, 17.726131932789617], [77.45250639634007, 17.694572978503263], [77.44820481018257, 17.650976072581912], [77.4558153087689, 17.634057870284074], [77.45548441752602, 17.632756470107317], [77.45283728758295, 17.620718518472316], [77.44423411526797, 17.584279313523126], [77.44324144153933, 17.584279313523126]]]}}, {"type": "Feature", "properties": {"dt_code": "579", "district": "Kalaburagi", "st_code": "29", "year": "2011_c", "st_nm": "Karnataka"}, "geometry": {"type": "Polygon", "coordinates": [[[76.6858313865789, 17.682209676824073], [76.69443455889386, 17.66268867417272], [76.69443455889386, 17.662037974084342], [76.6957581238654, 17.661712624040156], [76.71097912103804, 17.661387273995963], [76.70899377358074, 17.658133773554074], [76.70039060126577, 17.64479442174232], [76.69906703629424, 17.642516971432993], [76.71428803346689, 17.63893812094691], [76.73281794306835, 17.665616824570424], [76.77351756594304, 17.66691822474718], [76.7702086535142, 17.64642117196326], [76.77848093458628, 17.636009970549207], [76.79304014927317, 17.653253522891234], [76.8989253469959, 17.64479442174232], [76.90785941055375, 17.63503392041664], [76.9290364500983, 17.637636720770153], [76.91778614784026, 17.62364666887002], [76.9210950602691, 17.61063266710245], [76.94028675235634, 17.609005916881504], [76.9872733088458, 17.658133773554074], [76.97701568031641, 17.67993222651475], [76.99091311251752, 17.69587437868002], [77.0177153031911, 17.677980126249615], [77.03425986533527, 17.68058292660313], [77.03525253906392, 17.669521025100696], [77.05808403482288, 17.673099875586775], [77.08521711673933, 17.65910982368664], [77.12426228339959, 17.685788527310155], [77.12591673961401, 17.686764577442723], [77.1500718003445, 17.632431120063128], [77.18878607576188, 17.615512917765287], [77.19772013931974, 17.63210577001894], [77.27316334269719, 17.6272255193561], [77.27448690766872, 17.62690016931191], [77.27448690766872, 17.62690016931191], [77.29764929467056, 17.606403116527993], [77.31055405314302, 17.59534121502556], [77.34033426500254, 17.587858164009205], [77.35952595708979, 17.600221465688396], [77.3793794316628, 17.59501586498137], [77.37871764917703, 17.583953963478937], [77.44324144153933, 17.584279313523126], [77.44324144153933, 17.583953963478937], [77.45250639634007, 17.581025813081233], [77.46177135114081, 17.580700463037044], [77.46640382854117, 17.576796262506775], [77.4779850220421, 17.56671041113691], [77.4938678017005, 17.568011811313667], [77.49452958418628, 17.5670357611811], [77.50710345141584, 17.542309157822718], [77.5282804909604, 17.575494862330018], [77.53754544576114, 17.575494862330018], [77.5504502042336, 17.551744309104205], [77.59379695705134, 17.564432960827585], [77.59677497823729, 17.53417540671799], [77.67387263782916, 17.514654404066636], [77.68479204884432, 17.512051603713125], [77.68876274375891, 17.511075553580557], [77.68843185251603, 17.475287048719743], [77.68843185251603, 17.475287048719743], [77.65236470704173, 17.482770099736097], [77.65732807568497, 17.506520652961907], [77.64475420845541, 17.477564499029068], [77.61530488783878, 17.47300959841042], [77.61431221411011, 17.446005544742718], [77.57625972117852, 17.456091396112583], [77.57592882993563, 17.430714092665824], [77.53721455451826, 17.443728094433393], [77.51305949378775, 17.430714092665824], [77.51405216751641, 17.414121240412175], [77.53787633700402, 17.405987489307446], [77.5243097960458, 17.38809323687704], [77.52927316468904, 17.372801784800146], [77.52993494717481, 17.370849684535013], [77.52728781723175, 17.369873634402445], [77.483941064414, 17.35490753236974], [77.47434521837037, 17.361414533253527], [77.47897769577075, 17.370849684535013], [77.45349907006872, 17.374103184976903], [77.45614620001179, 17.33115697914393], [77.43794718165319, 17.291789623797037], [77.45846243871198, 17.279100972073657], [77.42636598815227, 17.256326468980415], [77.42040994578036, 17.23778151646163], [77.40816696979367, 17.24136036694771], [77.38037210539146, 17.222490064384736], [77.40386538363619, 17.20980141266136], [77.39393864634968, 17.19450996058447], [77.37243071556225, 17.195486010717033], [77.36382754324728, 17.158721455723654], [77.40684340482214, 17.12455970108379], [77.4637566985981, 17.109918949095274], [77.46276402486946, 17.093976796930004], [77.48096304322804, 17.079336044941492], [77.49684582288646, 17.042571489948113], [77.5021400827726, 17.009385785440813], [77.47963947825652, 16.996046433629058], [77.48129393447094, 16.971319830270676], [77.48129393447094, 16.97034378013811], [77.4779850220421, 16.967415629740408], [77.46640382854117, 16.95407627792865], [77.46938184972713, 16.919263823200406], [77.45416085255448, 16.91405822249338], [77.45879332995486, 16.88477671851635], [77.42504242318073, 16.885102068560542], [77.41114499097962, 16.874690867146487], [77.401549144936, 16.883149968295406], [77.40651251357926, 16.90202027085838], [77.37673230171973, 16.89453721984203], [77.35158456726059, 16.907876571653784], [77.34165782997408, 16.934229925233108], [77.31882633421512, 16.936507375542433], [77.31154672687168, 16.927397574305136], [77.28937701359848, 16.937158075630812], [77.2629057141678, 16.928373624437704], [77.24205956586613, 16.943014376426216], [77.21128668027796, 16.944966476691352], [77.19606568310532, 16.926746874216757], [77.18415359836152, 16.94236367633784], [77.16562368876004, 16.93878482585176], [77.1603294288739, 16.915684972714324], [77.12558584837113, 16.91796242302365], [77.09481296278295, 16.906249821432837], [77.08620979046798, 16.936832725586623], [77.0716505757811, 16.939760875984327], [77.06503275092344, 16.95375092788446], [77.06503275092344, 16.95375092788446], [77.04120858143582, 16.923168023730675], [77.01970065064839, 16.927397574305136], [77.0177153031911, 16.898766770416486], [77.03392897409238, 16.89323581966527], [77.0415394726787, 16.870135966527837], [77.00712678341881, 16.857772664848646], [76.97999370150237, 16.86135151533473], [76.9833026139312, 16.83987841241824], [76.99521469867501, 16.83727561206473], [76.98495707014561, 16.814501108971484], [76.98264083144544, 16.809620858308648], [76.94425744727094, 16.831093961225132], [76.91083743173971, 16.81645320923662], [76.90157247693897, 16.854844514450946], [76.92076416902621, 16.870135966527837], [76.90157247693897, 16.878269717632566], [76.90157247693897, 16.892585119576893], [76.8704687001079, 16.895838620018786], [76.84135027073415, 16.866557116041754], [76.8165334275179, 16.87371481701392], [76.81322451508906, 16.858423364937025], [76.79105480181586, 16.849964263788106], [76.78906945435855, 16.83727561206473], [76.75995102498482, 16.8441079629927], [76.75465676509867, 16.820357409766892], [76.74473002781217, 16.81580250914824], [76.74506091905505, 16.75170855044297], [76.74373735408352, 16.75170855044297], [76.72884724815376, 16.753986000752292], [76.73480329052566, 16.778712604110673], [76.70932466482363, 16.78066470437581], [76.70204505748019, 16.793028006054996], [76.67954445296411, 16.784894254950267], [76.67557375804951, 16.765047902254725], [76.66068365211974, 16.76700000251986], [76.65274226229054, 16.75105785035459], [76.65869830466244, 16.725029846819453], [76.63553591766059, 16.73511569818932], [76.63553591766059, 16.745852249647562], [76.62296205043103, 16.742598749205673], [76.62362383291679, 16.765698602343104], [76.59649075100033, 16.765698602343104], [76.54718795581068, 16.7478043499127], [76.51641507022252, 16.75105785035459], [76.50351031175006, 16.741297349028915], [76.5028485292643, 16.72307774655432], [76.48134059847686, 16.712015845051887], [76.47141386119036, 16.711690495007698], [76.46148712390385, 16.71103979491932], [76.46082534141809, 16.71103979491932], [76.45222216910311, 16.722101696421753], [76.44858236543139, 16.721450996333374], [76.44097186684508, 16.713642595272834], [76.42277284848647, 16.716896095714723], [76.42905978210126, 16.737718498542833], [76.44031008435931, 16.741948049117294], [76.43600849820182, 16.76439720216635], [76.37082292335376, 16.768626752740808], [76.37744074821143, 16.801812457248104], [76.4101989812569, 16.798884306850404], [76.41383878492861, 16.813525058838916], [76.35229301375229, 16.819706709678513], [76.37446272702547, 16.858748714981214], [76.42905978210126, 16.850614963876485], [76.42939067334414, 16.83727561206473], [76.47108296994747, 16.838902362285673], [76.4585091027179, 16.866882466085947], [76.43799384565912, 16.86785851621851], [76.43336136825874, 16.88184856811865], [76.43369225950164, 16.89779072028392], [76.46545781881845, 16.902670970946758], [76.4585091027179, 16.928048274393515], [76.43402315074452, 16.943339726470406], [76.42806710837262, 16.927397574305136], [76.39894867899886, 16.935205975365676], [76.40027224397039, 16.977176131066084], [76.43667028068758, 16.98173103168473], [76.4406409756022, 16.996697133717433], [76.42740532588685, 17.053633391450546], [76.42939067334414, 17.099507747681223], [76.3982868965131, 17.069900893660005], [76.38802926798371, 17.07250369401352], [76.39034550668389, 17.097230297371897], [76.3622197510388, 17.11610059993487], [76.39133818041255, 17.130741351923383], [76.39464709284138, 17.143104653602574], [76.3599035123386, 17.14017650320487], [76.36883757589646, 17.166855206828387], [76.35626370866689, 17.18865365978906], [76.33343221290792, 17.170759407358656], [76.27684981037483, 17.167505906916762], [76.26394505190237, 17.150913054663114], [76.25633455331605, 17.150913054663114], [76.24607692478666, 17.150913054663114], [76.24276801235783, 17.150913054663114], [76.24177533862918, 17.15221445483987], [76.22059829908463, 17.185400159347168], [76.18817095728204, 17.186376209479736], [76.18188402366725, 17.192557860319333], [76.12761785983436, 17.244939217433792], [76.0885726931741, 17.256977169068794], [76.0885726931741, 17.257627869157172], [76.09485962678889, 17.276498171720146], [76.09916121294637, 17.29016287357609], [76.09949210418925, 17.291138923708658], [76.0664029799009, 17.31131062644839], [76.06507941492937, 17.312286676580957], [76.0723590222728, 17.334085129541634], [76.07302080475857, 17.336362579850956], [76.07533704345876, 17.336362579850956], [76.07930773837336, 17.33148232918812], [76.08195486831643, 17.336037229806767], [76.09982299543213, 17.364668033695416], [76.11901468751938, 17.370524334490824], [76.16269233158, 17.345147031044064], [76.1650085702802, 17.30317687534366], [76.17625887253824, 17.300899425034334], [76.1832075886388, 17.31944437755312], [76.17030283016634, 17.352630082060415], [76.22953236264249, 17.365318733783795], [76.22853968891384, 17.37572993519785], [76.24210622987206, 17.378983435639743], [76.25070940218703, 17.36043848312096], [76.27221733297446, 17.36043848312096], [76.27651891913195, 17.334735829630013], [76.31788032449239, 17.332458379320688], [76.31424052082068, 17.348400531485957], [76.34534429765172, 17.35458218232555], [76.3539474699667, 17.314238776846093], [76.38306589934045, 17.314564126890282], [76.39663244029867, 17.3470991313092], [76.4121843287142, 17.351003331839472], [76.40920630752825, 17.37150038462339], [76.36354331601032, 17.377682035462986], [76.37148470583952, 17.43657039346123], [76.33343221290792, 17.433967593107717], [76.33078508296485, 17.470081448012717], [76.37545540075413, 17.490253150752448], [76.34567518889462, 17.492530601061773], [76.34666786262326, 17.512702303801504], [76.36718311968204, 17.519860004773665], [76.36718311968204, 17.519860004773665], [76.36288153352456, 17.53742890715988], [76.34071182025136, 17.542634507866907], [76.33144686545062, 17.596317265158127], [76.41979482730052, 17.60380031617448], [76.42905978210126, 17.64349302156556], [76.42905978210126, 17.64349302156556], [76.42939067334414, 17.64479442174232], [76.44494256175967, 17.640890221212047], [76.44196454057372, 17.649349322360965], [76.45288395158887, 17.65585632324475], [76.48994377079184, 17.6604112238634], [76.48729664084877, 17.714744681242994], [76.52402556880884, 17.715070031287183], [76.52336378632307, 17.759642987341103], [76.57266658151272, 17.76061903747367], [76.56406340919774, 17.750858536147994], [76.57035034281253, 17.705309529961507], [76.58193153631346, 17.705634880005697], [76.60046144591495, 17.725806582745427], [76.61435887811605, 17.770379538799347], [76.61435887811605, 17.770704888843536], [76.63189611398887, 17.754762736678266], [76.63321967896042, 17.72808403305475], [76.6557202834765, 17.717998181684884], [76.66432345579146, 17.6874152775311], [76.68450782160735, 17.685788527310155], [76.6858313865789, 17.682209676824073]]]}}, {"type": "Feature", "properties": {"dt_code": "555", "district": "Belagavi", "st_code": "29", "year": "2011_c", "st_nm": "Karnataka"}, "geometry": {"type": "Polygon", "coordinates": [[[74.11833774411338, 15.652098293716332], [74.09859275847246, 15.66536475289524], [74.08833512994308, 15.669919653513887], [74.09065136864326, 15.670570353602265], [74.12572584038891, 15.68098155501632], [74.13234366524658, 15.702454657932808], [74.12208603671719, 15.720674260407403], [74.16146209462033, 15.751257164561187], [74.20149993500924, 15.75874021557754], [74.20877954235269, 15.780864018582404], [74.20911043359557, 15.781189368626594], [74.22102251833937, 15.786069619289432], [74.22830212568282, 15.78672031937781], [74.23359638556894, 15.787045669422], [74.22797123443993, 15.767524666770647], [74.22764034319704, 15.761017665886863], [74.23955242794085, 15.744424813633213], [74.26833996607172, 15.754836015047267], [74.28720076691609, 15.74214736332389], [74.30804691521774, 15.748654364207674], [74.32326791239039, 15.772730267477673], [74.34576851690647, 15.764596516372944], [74.36198218780777, 15.781189368626594], [74.36959268639409, 15.793878020349972], [74.36992357763697, 15.802011771454701], [74.36165129656489, 15.816001823354839], [74.36098951407911, 15.817628573575783], [74.36065862283623, 15.817953923619973], [74.38315922735231, 15.849187527862135], [74.33815801832014, 15.855043828657541], [74.3633057527793, 15.874890181353082], [74.3633057527793, 15.87554088144146], [74.3672764476939, 15.889530933341597], [74.36860001266544, 15.894411184004433], [74.38812259599557, 15.854393128569162], [74.40632161435416, 15.85536917870173], [74.38679903102403, 15.905147735462677], [74.43080756632754, 15.956553042444572], [74.46323490813013, 16.039191953668627], [74.46224223440147, 16.04992850512687], [74.42981489259888, 16.05903830636417], [74.37356338130868, 16.036589153315113], [74.37753407622328, 16.055134105833897], [74.36132040532199, 16.05383270565714], [74.37223981633716, 16.07823395897133], [74.39110061718152, 16.080511409280653], [74.39010794345286, 16.089621210517954], [74.42782954514159, 16.112070363567007], [74.48341927394603, 16.091898660827276], [74.48507373016044, 16.09450146118079], [74.48937531631793, 16.11109431343444], [74.47977947027431, 16.14720816833944], [74.4940077937183, 16.186575523686333], [74.50128740106173, 16.189178324039847], [74.50492720473345, 16.19601067496782], [74.49665492366137, 16.213904927398225], [74.49632403241849, 16.214555627486604], [74.4959931411756, 16.215206327574982], [74.50294185727616, 16.225942879033227], [74.49433868496118, 16.235052680270524], [74.48044125276007, 16.250018782303226], [74.46886005925914, 16.24025828097755], [74.45496262705804, 16.25327228274512], [74.4175719166122, 16.25815253340796], [74.41459389542625, 16.282553786722147], [74.38282833610943, 16.277348186015118], [74.3732324900658, 16.261731383894038], [74.3593350578647, 16.290687537826877], [74.34576851690647, 16.29361568822458], [74.35040099430684, 16.275396085749986], [74.3249223686048, 16.271817235263903], [74.3209516736902, 16.284505886987283], [74.34279049572052, 16.298170588843227], [74.32525325984768, 16.313787390964308], [74.32889306351942, 16.323873242334173], [74.31665008753272, 16.326476042687688], [74.32260612990463, 16.334284443748228], [74.31532652256118, 16.340140744543636], [74.32723860730499, 16.34241819485296], [74.31731187001849, 16.381134850111472], [74.3249223686048, 16.378206699713772], [74.33584177961997, 16.393823501834852], [74.35337901549279, 16.36649409812296], [74.36363664402218, 16.405210753381475], [74.33517999713419, 16.401306552851203], [74.33253286719113, 16.45466396009823], [74.28951700561626, 16.463123061247153], [74.2908405705878, 16.504767866903368], [74.27959026832976, 16.504767866903368], [74.27462689968651, 16.485572214296205], [74.2607294674854, 16.48004126354499], [74.24749381777006, 16.496959465842828], [74.27793581211535, 16.504767866903368], [74.26436927115712, 16.539905671675804], [74.27065620477191, 16.548039422780533], [74.27131798725767, 16.546738022603776], [74.28323007200149, 16.52461421959891], [74.29183324431645, 16.534049370880396], [74.30142909036007, 16.52916912021756], [74.30175998160296, 16.52916912021756], [74.30606156776045, 16.5037918167708], [74.31532652256118, 16.504767866903368], [74.31565741380406, 16.554546423664316], [74.33981247453457, 16.54771407273634], [74.35635703667874, 16.559752024371342], [74.35801149289316, 16.538278921454854], [74.37985031492347, 16.52851842012918], [74.39672576831053, 16.583177227552966], [74.42220439401257, 16.584478627729723], [74.43544004372791, 16.60107147998337], [74.46687471180185, 16.606927780778776], [74.45496262705804, 16.647271186258237], [74.46886005925914, 16.663864038511885], [74.4698527329878, 16.66223728829094], [74.48904442507505, 16.63002763391621], [74.54463415387949, 16.635558584667425], [74.54364148015082, 16.595215179187967], [74.56713475839557, 16.585454677862288], [74.5562153473804, 16.563656224901614], [74.55985515105212, 16.56072807450391], [74.5704436708244, 16.554546423664316], [74.60320190386987, 16.567235075387693], [74.61875379228539, 16.584153277685534], [74.6306658770292, 16.583827927641345], [74.6389381581013, 16.607253130822965], [74.63993083182994, 16.61018128122067], [74.63993083182994, 16.610506631264858], [74.64820311290202, 16.60985593117648], [74.68724827956228, 16.608554530999722], [74.68757917080517, 16.61798968228121], [74.65349737278817, 16.63881208510932], [74.6650785662891, 16.66581613877702], [74.68956451826247, 16.676878040279455], [74.6809613459475, 16.685987841516752], [74.68956451826247, 16.68631319156094], [74.68857184453383, 16.712666545140266], [74.6951896693915, 16.713642595272834], [74.69552056063438, 16.71559469553797], [74.73224948859445, 16.71819749589148], [74.77195643774047, 16.750732500310402], [74.7957806072281, 16.7478043499127], [74.84475251117486, 16.761794401812836], [74.85004677106099, 16.772856303315265], [74.86559865947652, 16.76342115203378], [74.86956935439112, 16.774157703492023], [74.91953393206654, 16.77253095327108], [74.90166580495082, 16.862652915511486], [74.9605644461841, 16.88087251798608], [74.96354246737005, 16.90950332187473], [74.95560107754085, 16.90527377130027], [74.93276958178188, 16.918938473156217], [74.93078423432458, 16.923493373774868], [74.92515908319555, 16.934880625321487], [74.92317373573826, 16.939435525940137], [74.92979156059593, 16.941712976249462], [74.9344240379963, 16.943339726470406], [74.93674027669648, 16.944315776602974], [74.9645351410987, 16.926746874216757], [74.9645351410987, 16.947569277044867], [74.99034465804361, 16.952124177663514], [74.99166822301515, 16.951798827619328], [75.0267426947608, 16.943990426558784], [75.02541912978927, 16.928048274393515], [75.0892811396658, 16.951473477575135], [75.09622985576635, 16.913732872449188], [75.11740689531089, 16.913407522405002], [75.13494413118373, 16.894862569886214], [75.13659858739814, 16.874365517102298], [75.17663642778705, 16.86785851621851], [75.18921029501662, 16.875341567234862], [75.18193068767319, 16.843457262904323], [75.21435802947578, 16.841830512683376], [75.22759367919112, 16.843131912860134], [75.2378513077205, 16.86785851621851], [75.26465349839407, 16.862652915511486], [75.2821907342669, 16.880221817897702], [75.2901321240961, 16.903972371123515], [75.27954360432383, 16.923493373774868], [75.27954360432383, 16.956679078282164], [75.34175115798594, 16.956028378193785], [75.33579511561403, 16.869485266439458], [75.39502464809019, 16.863303615599865], [75.37881097718889, 16.82393626025297], [75.38443612831792, 16.76342115203378], [75.36623710995931, 16.76016765159189], [75.3625973062876, 16.714293295361212], [75.28913945036746, 16.71494399544959], [75.27557290940923, 16.7025806937704], [75.26564617212273, 16.692494842400535], [75.26829330206579, 16.641089535418644], [75.25869745602216, 16.607903830911344], [75.25869745602216, 16.607253130822965], [75.22130674557633, 16.61701363214864], [75.17001860292937, 16.599119379718235], [75.1574447356998, 16.584153277685534], [75.15711384445692, 16.583827927641345], [75.16141543061441, 16.539905671675804], [75.16207721310018, 16.534374720924585], [75.15645206197115, 16.531121220482692], [75.1412310647985, 16.521686069201206], [75.1154215478536, 16.506069267080125], [75.11376709163918, 16.50867206743364], [75.07141301255008, 16.567560425431886], [75.06678053514972, 16.539254971587425], [75.00755100267355, 16.538278921454854], [74.9886902018292, 16.5008636663731], [74.9867048543719, 16.466376561689042], [74.98835931058632, 16.453687909965666], [75.0168159574743, 16.458568160628502], [75.01780863120295, 16.43969785806553], [75.02806625973234, 16.433516207225935], [75.07803083740775, 16.437745757800393], [75.0730674687645, 16.404560053293096], [75.03964745323326, 16.39805305240931], [75.0350149758329, 16.38666580086269], [75.04328725690497, 16.318342291582958], [75.07637638119334, 16.331681643394717], [75.12964987129759, 16.331030943306338], [75.14884156338483, 16.315414141185254], [75.1594300831571, 16.320945091936473], [75.14817978089907, 16.282553786722147], [75.23421150404879, 16.259453933584712], [75.23222615659148, 16.210000726867953], [75.28583053793862, 16.201216275674845], [75.28450697296708, 16.176489672316468], [75.29244836279629, 16.172910821830385], [75.27590380065212, 16.120204114671736], [75.32785372578483, 16.1153238640089], [75.35432502521552, 16.128663215820655], [75.35531769894416, 16.1153238640089], [75.40462049413381, 16.114022463832143], [75.41190010147724, 16.13061531608579], [75.41587079639186, 16.11564921405309], [75.4390331833937, 16.11564921405309], [75.42778288113566, 16.092874710959844], [75.43109179356449, 16.069124157734034], [75.44532011700849, 16.069124157734034], [75.44498922576561, 16.05285665552457], [75.41851792633491, 16.052531305480386], [75.4168634701205, 16.0460243045966], [75.42612842492125, 16.00925974960322], [75.43804050966504, 16.003078098763627], [75.43175357605026, 15.975423345007545], [75.43969496587947, 15.966638893814435], [75.4248048599497, 15.921415237672138], [75.44168031333678, 15.918487087274436], [75.43804050966504, 15.893760483916056], [75.45160705062328, 15.886277432899703], [75.45193794186616, 15.882698582413623], [75.45392328932346, 15.881071832192678], [75.45789398423807, 15.818604623708351], [75.4370478359364, 15.77858656827308], [75.41421634017743, 15.784768219112674], [75.42447396870682, 15.842029826889974], [75.37484028227429, 15.845283327331865], [75.3645826537449, 15.804939921852405], [75.34108937550018, 15.804939921852405], [75.33943491928575, 15.827714424945649], [75.32487570459888, 15.811121572691999], [75.30369866505433, 15.812748322912945], [75.30601490375452, 15.7658979165497], [75.31825787974121, 15.764596516372944], [75.31825787974121, 15.745075513721591], [75.31428718482661, 15.73010941168889], [75.29972797013973, 15.727506611335375], [75.29906618765396, 15.728808011512132], [75.29377192776782, 15.741171313191323], [75.27458023568057, 15.740520613102944], [75.27424934443769, 15.7177461100097], [75.27888182183807, 15.688464606032671], [75.28947034161034, 15.690742056341996], [75.27788914810941, 15.687163205855915], [75.27391845319481, 15.64877190064159], [75.24910160997855, 15.647145150420645], [75.2361968515061, 15.679029454751184], [75.20277683597484, 15.681632255104699], [75.20277683597484, 15.649097250685779], [75.10814194051015, 15.671871753779023], [75.09192826960886, 15.607777795073751], [75.05652290662033, 15.632504398432129], [75.05983181904917, 15.681957605148888], [75.04858151679112, 15.677728054574429], [75.0469270605767, 15.670570353602265], [75.02839715097522, 15.669919653513887], [75.01946308741736, 15.643891649978752], [74.966520488556, 15.654302851392806], [74.96519692358447, 15.627298797725103], [74.90232758743659, 15.63185369834375], [74.87883430919186, 15.617863646443617], [74.83052418773086, 15.610380595427266], [74.84111270750313, 15.574917440610642], [74.79809684592827, 15.548564087031316], [74.81397962558668, 15.504967181109965], [74.78684654367024, 15.486096878546991], [74.77824337135526, 15.459418174923478], [74.74879405073862, 15.496182729916857], [74.7272861199512, 15.489025028944694], [74.74449246458114, 15.463647725497937], [74.72960235865138, 15.431438071123207], [74.739198204695, 15.414194518781178], [74.74085266090943, 15.410941018339287], [74.69949125554898, 15.409964968206719], [74.68956451826247, 15.39792701657172], [74.64952667787357, 15.390118615511177], [74.61412131488503, 15.358559661224826], [74.54463415387949, 15.416797319134693], [74.48275749146026, 15.395974916306583], [74.46455847310166, 15.415170568913746], [74.45661708327246, 15.403132617278747], [74.42650598017005, 15.398577716660096], [74.42187350276969, 15.463647725497937], [74.41327033045471, 15.47405892691199], [74.37488694628023, 15.480891277839964], [74.34245960447764, 15.517981182877532], [74.27826670335823, 15.52286143354037], [74.27793581211535, 15.546286636721993], [74.26172214121405, 15.564831589240777], [74.24517757906987, 15.566783689505911], [74.26436927115712, 15.615586196134291], [74.24418490534123, 15.625997397548346], [74.25212629517043, 15.654302851392806], [74.2365744067549, 15.668618253337131], [74.20513973868097, 15.651049350950913], [74.20414706495231, 15.663738002674293], [74.18694072032237, 15.667642203204563], [74.19091141523697, 15.679029454751184], [74.18098467795046, 15.682282955193077], [74.16708724574936, 15.671871753779023], [74.16444011580629, 15.653652151304428], [74.13565257767542, 15.6484465505974], [74.12638762287467, 15.65267610117186], [74.11910801553124, 15.65235075112767], [74.11833774411338, 15.652098293716332]]]}}, {"type": "Feature", "properties": {"dt_code": "580", "district": "Yadgir", "st_code": "29", "year": "2011_c", "st_nm": "Karnataka"}, "geometry": {"type": "Polygon", "coordinates": [[[76.46148712390385, 16.71103979491932], [76.47141386119036, 16.711690495007698], [76.48134059847686, 16.712015845051887], [76.5028485292643, 16.72307774655432], [76.50351031175006, 16.741297349028915], [76.51641507022252, 16.75105785035459], [76.54718795581068, 16.7478043499127], [76.59649075100033, 16.765698602343104], [76.62362383291679, 16.765698602343104], [76.62296205043103, 16.742598749205673], [76.63553591766059, 16.745852249647562], [76.63553591766059, 16.73511569818932], [76.65869830466244, 16.725029846819453], [76.65274226229054, 16.75105785035459], [76.66068365211974, 16.76700000251986], [76.67557375804951, 16.765047902254725], [76.67954445296411, 16.784894254950267], [76.70204505748019, 16.793028006054996], [76.70932466482363, 16.78066470437581], [76.73480329052566, 16.778712604110673], [76.72884724815376, 16.753986000752292], [76.74373735408352, 16.75170855044297], [76.74506091905505, 16.75170855044297], [76.74473002781217, 16.81580250914824], [76.75465676509867, 16.820357409766892], [76.75995102498482, 16.8441079629927], [76.78906945435855, 16.83727561206473], [76.79105480181586, 16.849964263788106], [76.81322451508906, 16.858423364937025], [76.8165334275179, 16.87371481701392], [76.84135027073415, 16.866557116041754], [76.8704687001079, 16.895838620018786], [76.90157247693897, 16.892585119576893], [76.90157247693897, 16.878269717632566], [76.92076416902621, 16.870135966527837], [76.90157247693897, 16.854844514450946], [76.91083743173971, 16.81645320923662], [76.94425744727094, 16.831093961225132], [76.98264083144544, 16.809620858308648], [76.98495707014561, 16.814501108971484], [76.99521469867501, 16.83727561206473], [76.9833026139312, 16.83987841241824], [76.97999370150237, 16.86135151533473], [77.00712678341881, 16.857772664848646], [77.0415394726787, 16.870135966527837], [77.03392897409238, 16.89323581966527], [77.0177153031911, 16.898766770416486], [77.01970065064839, 16.927397574305136], [77.04120858143582, 16.923168023730675], [77.06503275092344, 16.95375092788446], [77.06503275092344, 16.95375092788446], [77.0716505757811, 16.939760875984327], [77.08620979046798, 16.936832725586623], [77.09481296278295, 16.906249821432837], [77.12558584837113, 16.91796242302365], [77.1603294288739, 16.915684972714324], [77.16562368876004, 16.93878482585176], [77.18415359836152, 16.94236367633784], [77.19606568310532, 16.926746874216757], [77.21128668027796, 16.944966476691352], [77.24205956586613, 16.943014376426216], [77.2629057141678, 16.928373624437704], [77.28937701359848, 16.937158075630812], [77.31154672687168, 16.927397574305136], [77.31882633421512, 16.936507375542433], [77.34165782997408, 16.934229925233108], [77.35158456726059, 16.907876571653784], [77.37673230171973, 16.89453721984203], [77.40651251357926, 16.90202027085838], [77.401549144936, 16.883149968295406], [77.41114499097962, 16.874690867146487], [77.42504242318073, 16.885102068560542], [77.45879332995486, 16.88477671851635], [77.46044778616927, 16.88477671851635], [77.4597860036835, 16.876968317455812], [77.45713887374043, 16.830117911092564], [77.47666145707056, 16.78847310543635], [77.46706561102694, 16.78033935433162], [77.43960163786761, 16.789123805524728], [77.44324144153933, 16.762445101901214], [77.42603509690939, 16.721450996333374], [77.43860896413895, 16.711690495007698], [77.44721213645393, 16.720800296244995], [77.47401432712749, 16.716570745670538], [77.47004363221289, 16.6876145917377], [77.46408758984099, 16.676227340191076], [77.41875548956594, 16.668744289174725], [77.42901311809534, 16.650850036744316], [77.43893985538185, 16.643366985727965], [77.46243313362658, 16.6544288872304], [77.4759996745848, 16.650199336655938], [77.4538299613116, 16.61668828210445], [77.4677273935127, 16.60985593117648], [77.4621022423837, 16.585454677862288], [77.43960163786761, 16.587081428083234], [77.42206440199477, 16.56886182560864], [77.42140261950901, 16.56821112552026], [77.39294597262102, 16.569837875741207], [77.40386538363619, 16.551292923222423], [77.41908638080884, 16.549015472913098], [77.41710103335153, 16.522011419245395], [77.41677014210865, 16.517456518626748], [77.38335012657741, 16.514853718273233], [77.37904854041992, 16.513877668140665], [77.36912180313341, 16.4888257147381], [77.32974574523027, 16.485897564340394], [77.29864196839922, 16.49630876575445], [77.29400949099885, 16.476787763103097], [77.24172867462325, 16.473208912617018], [77.25033184693822, 16.461170960982017], [77.28639899241253, 16.41106705417688], [77.28838433986982, 16.408789603867554], [77.28805344862694, 16.408789603867554], [77.2728324514543, 16.404885403337286], [77.26522195286798, 16.404234703248907], [77.26158214919626, 16.405536103425664], [77.24305223959479, 16.417574055060662], [77.17488864356078, 16.432214807049178], [77.17389596983212, 16.432540157093367], [77.15602784271641, 16.47255821252864], [77.09216583283988, 16.493380615356745], [77.05775314358, 16.519733968936073], [77.0134137170336, 16.499562266196342], [77.00878123963324, 16.538604271499047], [77.00977391336188, 16.54478592233864], [77.00778856590458, 16.546412672559587], [76.99918539358961, 16.55324502348756], [76.98826598257445, 16.561704124636478], [76.9833026139312, 16.559101324282963], [76.97403765913046, 16.554221073620127], [76.9694051817301, 16.551618273266612], [76.9694051817301, 16.546738022603776], [76.97139052918739, 16.5037918167708], [76.91183010546835, 16.484921514207826], [76.87079959135079, 16.489151064782288], [76.86980691762214, 16.489476414826477], [76.8648435489789, 16.456941410407556], [76.84101937949127, 16.43058805682823], [76.78542965068684, 16.417899405104855], [76.76094369871346, 16.428635956563095], [76.74439913656929, 16.409440303955932], [76.6113808569301, 16.341767494764582], [76.47968614226245, 16.292639638092012], [76.47836257729091, 16.292314288047823], [76.47042118746171, 16.28645798725242], [76.3337631041508, 16.19568532492363], [76.33210864793638, 16.19503462483525], [76.35295479623805, 16.235378030314713], [76.34799142759479, 16.27767353605931], [76.29968130613379, 16.283204486810526], [76.30299021856263, 16.318992991671337], [76.29240169879036, 16.331356293350527], [76.31424052082068, 16.34534634525066], [76.30596823974858, 16.381134850111472], [76.31060071714896, 16.396751652232556], [76.33310132166504, 16.391220701481338], [76.33310132166504, 16.393498151790663], [76.33210864793638, 16.42700920634215], [76.35758727363842, 16.422128955679312], [76.38538213804064, 16.42570780616539], [76.39034550668389, 16.438071107844582], [76.43468493323029, 16.437745757800393], [76.43534671571605, 16.437745757800393], [76.43402315074452, 16.518757918803505], [76.40490472137077, 16.643041635683776], [76.42541997842955, 16.69542299279824], [76.45222216910311, 16.714293295361212], [76.46214890638961, 16.708436994565808], [76.46148712390385, 16.71103979491932]]]}}, {"type": "Feature", "properties": {"dt_code": "556", "district": "Bagalkote", "st_code": "29", "year": "2011_c", "st_nm": "Karnataka"}, "geometry": {"type": "Polygon", "coordinates": [[[75.45160705062328, 15.886277432899703], [75.43804050966504, 15.893760483916056], [75.44168031333678, 15.918487087274436], [75.4248048599497, 15.921415237672138], [75.43969496587947, 15.966638893814435], [75.43175357605026, 15.975423345007545], [75.43804050966504, 16.003078098763627], [75.42612842492125, 16.00925974960322], [75.4168634701205, 16.0460243045966], [75.41851792633491, 16.052531305480386], [75.44498922576561, 16.05285665552457], [75.44532011700849, 16.069124157734034], [75.43109179356449, 16.069124157734034], [75.42778288113566, 16.092874710959844], [75.4390331833937, 16.11564921405309], [75.41587079639186, 16.11564921405309], [75.41190010147724, 16.13061531608579], [75.40462049413381, 16.114022463832143], [75.35531769894416, 16.1153238640089], [75.35432502521552, 16.128663215820655], [75.32785372578483, 16.1153238640089], [75.27590380065212, 16.120204114671736], [75.29244836279629, 16.172910821830385], [75.28450697296708, 16.176489672316468], [75.28583053793862, 16.201216275674845], [75.23222615659148, 16.210000726867953], [75.23421150404879, 16.259453933584712], [75.14817978089907, 16.282553786722147], [75.1594300831571, 16.320945091936473], [75.14884156338483, 16.315414141185254], [75.12964987129759, 16.331030943306338], [75.07637638119334, 16.331681643394717], [75.04328725690497, 16.318342291582958], [75.0350149758329, 16.38666580086269], [75.03964745323326, 16.39805305240931], [75.0730674687645, 16.404560053293096], [75.07803083740775, 16.437745757800393], [75.02806625973234, 16.433516207225935], [75.01780863120295, 16.43969785806553], [75.0168159574743, 16.458568160628502], [74.98835931058632, 16.453687909965666], [74.9867048543719, 16.466376561689042], [74.9886902018292, 16.5008636663731], [75.00755100267355, 16.538278921454854], [75.06678053514972, 16.539254971587425], [75.07141301255008, 16.567560425431886], [75.11376709163918, 16.50867206743364], [75.1154215478536, 16.506069267080125], [75.1412310647985, 16.521686069201206], [75.15645206197115, 16.531121220482692], [75.16207721310018, 16.534374720924585], [75.16141543061441, 16.539905671675804], [75.15711384445692, 16.583827927641345], [75.1574447356998, 16.584153277685534], [75.17001860292937, 16.599119379718235], [75.22130674557633, 16.61701363214864], [75.25869745602216, 16.607253130822965], [75.25869745602216, 16.607903830911344], [75.26829330206579, 16.641089535418644], [75.26564617212273, 16.692494842400535], [75.27557290940923, 16.7025806937704], [75.28913945036746, 16.71494399544959], [75.3625973062876, 16.714293295361212], [75.36623710995931, 16.76016765159189], [75.38443612831792, 16.76342115203378], [75.40495138537669, 16.765698602343104], [75.42182683876375, 16.76732535256405], [75.49197578225507, 16.74422549942662], [75.48833597858335, 16.69444694266567], [75.43770961842216, 16.697700443107564], [75.46219557039555, 16.622544582899856], [75.49363023846948, 16.59326307892283], [75.47245319892494, 16.563330874857424], [75.48833597858335, 16.555197123752695], [75.48601973988316, 16.50867206743364], [75.45557774553788, 16.506719967168504], [75.4631882441242, 16.473859612705397], [75.43473159723621, 16.433516207225935], [75.43274624977892, 16.43091340687242], [75.44631279073714, 16.41594730483972], [75.44796724695155, 16.413995204574583], [75.44895992068021, 16.413344504486204], [75.48701241361181, 16.417574055060662], [75.48767419609759, 16.41855010519323], [75.48899776106911, 16.420176855414176], [75.49859360711274, 16.43058805682823], [75.4992553895985, 16.453687909965666], [75.53466075258704, 16.465725861600664], [75.55219798845987, 16.455965360274988], [75.55683046586024, 16.424731756032827], [75.56642631190387, 16.41529660475134], [75.56841165936116, 16.413344504486204], [75.57006611557559, 16.411717754265258], [75.59951543619222, 16.4465302089935], [75.63359723420922, 16.44392740863999], [75.72095252233048, 16.39089535143715], [75.81029315790903, 16.370398298653228], [75.95621619602068, 16.29719453871066], [76.026365139512, 16.300773389196742], [76.06541030617225, 16.262056733938227], [76.0644176324436, 16.237980830668228], [76.05779980758592, 16.227569629254173], [76.06342495871495, 16.21650772775174], [76.06706476238666, 16.20902467673539], [76.06772654487243, 16.20772327655863], [76.13919905333528, 16.181044572935118], [76.16997193892345, 16.184623423421197], [76.19379610841106, 16.178441772581603], [76.23846642620035, 16.16510242076985], [76.23813553495746, 16.161523570283766], [76.23747375247169, 16.160872870195387], [76.23416484004285, 16.13061531608579], [76.24640781602955, 16.128012515732276], [76.25567277083029, 16.097104261534305], [76.26791574681698, 16.10979291325768], [76.33243953917926, 16.091898660827276], [76.32813795302178, 16.077583258882953], [76.26890842054563, 16.08669306012025], [76.2573272270447, 16.088319810341197], [76.2576581182876, 16.086042360031872], [76.25898168325912, 16.07400440839687], [76.30332110980552, 16.073353708308492], [76.31192428212049, 16.000149948365923], [76.29802684991938, 15.999173898233355], [76.29802684991938, 15.989413396907679], [76.3278070617789, 15.933778539351326], [76.31225517336337, 15.922716637848893], [76.2854529826898, 15.92889828868849], [76.28479120020404, 15.902870285153353], [76.28181317901809, 15.903195635197543], [76.26195970444508, 15.906774485683624], [76.25699633580182, 15.922716637848893], [76.22986325388537, 15.923367337937272], [76.22655434145653, 15.940936240323488], [76.20041393326873, 15.943864390721192], [76.19975215078297, 15.935079939528084], [76.16070698412271, 15.921089887627948], [76.14515509570718, 15.895387234137], [76.11736023130497, 15.886277432899703], [76.10114656040368, 15.90059283484403], [76.0581306988288, 15.907425185772002], [76.0581306988288, 15.907425185772002], [76.0846019982595, 15.996245747835653], [76.07897684713048, 16.010886499824167], [76.0564762426144, 16.00925974960322], [75.98963621155191, 16.005355549072952], [75.97375343189351, 15.986485246509977], [75.97375343189351, 15.968590994079571], [75.97441521437928, 15.861876179585515], [75.97375343189351, 15.861876179585515], [75.92842133161847, 15.87554088144146], [75.91419300817446, 15.91230543643484], [75.90161914094489, 15.923692687981461], [75.89169240365838, 15.91620963696511], [75.87713318897151, 15.931501089042001], [75.78845433587873, 15.924994088158218], [75.77356422994896, 15.902544935109164], [75.77356422994896, 15.902544935109164], [75.81029315790903, 15.893760483916056], [75.82749950253898, 15.90026748479984], [75.83544089236818, 15.882373232369433], [75.82816128502475, 15.866431080204162], [75.84867654208352, 15.87196203095538], [75.84702208586911, 15.83910167649227], [75.84702208586911, 15.83910167649227], [75.84702208586911, 15.83877632644808], [75.80003552937964, 15.857646629011054], [75.79771929067947, 15.847886127685378], [75.78018205480663, 15.848862177817946], [75.77952027232087, 15.817303223531594], [75.74477669181809, 15.812748322912945], [75.74246045311791, 15.814049723089703], [75.73683530198889, 15.813399023001324], [75.6905105279852, 15.829991875254972], [75.68720161555636, 15.829991875254972], [75.68323092064176, 15.830317225299162], [75.67694398702697, 15.822183474194432], [75.67595131329831, 15.821207424061864], [75.6723115096266, 15.836173526094568], [75.65675962121107, 15.82673837481308], [75.64253129776708, 15.841379126801595], [75.63128099550904, 15.83096792538754], [75.6177144545508, 15.835522826006189], [75.61672178082216, 15.821207424061864], [75.58727246020553, 15.833245375696865], [75.57701483167614, 15.824786274547947], [75.56642631190387, 15.838450976403891], [75.55319066218853, 15.825762324680515], [75.55219798845987, 15.824786274547947], [75.55649957461736, 15.832594675608487], [75.53002827518668, 15.834872125917812], [75.51249103931384, 15.85146497817146], [75.51977064665728, 15.857646629011054], [75.50223341078446, 15.858297329099432], [75.49793182462697, 15.87228738099957], [75.47874013253973, 15.870985980822812], [75.45160705062328, 15.886277432899703]]]}}, {"type": "Feature", "properties": {"dt_code": "559", "district": "Raichur", "st_code": "29", "year": "2011_c", "st_nm": "Karnataka"}, "geometry": {"type": "Polygon", "coordinates": [[[76.33210864793638, 16.19503462483525], [76.3337631041508, 16.19568532492363], [76.47042118746171, 16.28645798725242], [76.47836257729091, 16.292314288047823], [76.47968614226245, 16.292639638092012], [76.6113808569301, 16.341767494764582], [76.74439913656929, 16.409440303955932], [76.76094369871346, 16.428635956563095], [76.78542965068684, 16.417899405104855], [76.84101937949127, 16.43058805682823], [76.8648435489789, 16.456941410407556], [76.86980691762214, 16.489476414826477], [76.87079959135079, 16.489151064782288], [76.91183010546835, 16.484921514207826], [76.97139052918739, 16.5037918167708], [76.9694051817301, 16.546738022603776], [76.9694051817301, 16.551618273266612], [76.97403765913046, 16.554221073620127], [76.9833026139312, 16.559101324282963], [76.98826598257445, 16.561704124636478], [76.99918539358961, 16.55324502348756], [77.00778856590458, 16.546412672559587], [77.00977391336188, 16.54478592233864], [77.00878123963324, 16.538604271499047], [77.0134137170336, 16.499562266196342], [77.05775314358, 16.519733968936073], [77.09216583283988, 16.493380615356745], [77.15602784271641, 16.47255821252864], [77.17389596983212, 16.432540157093367], [77.17488864356078, 16.432214807049178], [77.24305223959479, 16.417574055060662], [77.26158214919626, 16.405536103425664], [77.26522195286798, 16.404234703248907], [77.2728324514543, 16.404885403337286], [77.28805344862694, 16.408789603867554], [77.29400949099885, 16.406837503602418], [77.29731840342768, 16.40716285364661], [77.30823781444285, 16.40228260298377], [77.3631657607615, 16.384388350553365], [77.37871764917703, 16.385364400685933], [77.40518894860772, 16.371048998741607], [77.41412301216558, 16.368120848343906], [77.42603509690939, 16.37072364869742], [77.48923532430014, 16.385039050641744], [77.50710345141584, 16.380158799978908], [77.52265533983137, 16.376254599448636], [77.52298623107426, 16.375929249404447], [77.52331712231714, 16.375929249404447], [77.56368585394894, 16.347623795559986], [77.59478963077999, 16.34306889494134], [77.5944587395371, 16.34241819485296], [77.58883358840808, 16.334284443748228], [77.5885026971652, 16.33395909370404], [77.59578230450865, 16.30174943932931], [77.59776765196594, 16.29329033818039], [77.56335496270606, 16.30174943932931], [77.54515594434746, 16.291663587959444], [77.53688366327538, 16.266936984601067], [77.52199355734561, 16.277998886103497], [77.50478721271567, 16.275721435794175], [77.49022799802879, 16.255224383010255], [77.49221334548609, 16.22919637947512], [77.51570662373082, 16.227894979298362], [77.50114740904395, 16.221713328458765], [77.48625730311419, 16.163150320504712], [77.4898971067859, 16.119553414583358], [77.51339038503063, 16.108166163036735], [77.50081651780107, 16.106214062771603], [77.49353691045762, 16.08636771007606], [77.50677256017296, 16.07953535914809], [77.4938678017005, 16.036914503359302], [77.51405216751641, 16.007958349426463], [77.51339038503063, 15.927922238555922], [77.4296749005811, 15.94906999142822], [77.3793794316628, 15.939960190190922], [77.24900828196668, 15.964686793549301], [77.15304982153046, 15.94906999142822], [77.1523880390447, 15.94906999142822], [77.14974090910162, 15.948093941295651], [77.07628305318147, 15.91198008639065], [77.07264324950975, 15.910353336169704], [77.07198146702399, 15.909377286037138], [77.04981175375079, 15.87521553139727], [77.02532580177741, 15.837474926271325], [76.99587648116078, 15.805590621940784], [76.94293388229941, 15.76199371601943], [76.91679347411161, 15.699526507535104], [76.88932950095227, 15.684885755546592], [76.85756394163545, 15.642264899757805], [76.8344015546336, 15.627949497813482], [76.83473244587648, 15.564180889152398], [76.81090827638887, 15.54758803689875], [76.75895835125615, 15.566783689505911], [76.74969339645541, 15.5882567924224], [76.68880940776485, 15.59573984343875], [76.67954445296411, 15.61265804573659], [76.68053712669276, 15.626973447680914], [76.69344188516521, 15.624695997371589], [76.69046386397926, 15.648121200553211], [76.67027949816337, 15.639011399315914], [76.67193395437779, 15.658207051923076], [76.59946877218628, 15.673823854044159], [76.59715253348611, 15.699526507535104], [76.53196695863805, 15.699201157490915], [76.51045902785062, 15.716770059877131], [76.49159822700625, 15.707334908595644], [76.44725880045986, 15.73433896226335], [76.43964830187353, 15.784442869068485], [76.41284611119997, 15.796806170747676], [76.45156038661734, 15.845934027420244], [76.41814037108611, 15.869033880557676], [76.42674354340107, 15.890181633429975], [76.37512450951125, 15.902219585064975], [76.37347005329683, 15.917511037141868], [76.35361657872382, 15.902870285153353], [76.35891083860996, 15.881722532281056], [76.35130034002363, 15.86382827985065], [76.33806469030829, 15.871636680911191], [76.34501340640884, 15.90059283484403], [76.31589497703509, 15.905147735462677], [76.31357873833491, 15.894736534048622], [76.29041635133306, 15.892784433783488], [76.28975456884729, 15.892784433783488], [76.28975456884729, 15.893435133871867], [76.28181317901809, 15.903195635197543], [76.28479120020404, 15.902870285153353], [76.2854529826898, 15.92889828868849], [76.31225517336337, 15.922716637848893], [76.3278070617789, 15.933778539351326], [76.29802684991938, 15.989413396907679], [76.29802684991938, 15.999173898233355], [76.31192428212049, 16.000149948365923], [76.30332110980552, 16.073353708308492], [76.25898168325912, 16.07400440839687], [76.2576581182876, 16.086042360031872], [76.2573272270447, 16.088319810341197], [76.26890842054563, 16.08669306012025], [76.32813795302178, 16.077583258882953], [76.33243953917926, 16.091898660827276], [76.26791574681698, 16.10979291325768], [76.25567277083029, 16.097104261534305], [76.24640781602955, 16.128012515732276], [76.23416484004285, 16.13061531608579], [76.23747375247169, 16.160872870195387], [76.23813553495746, 16.161523570283766], [76.23846642620035, 16.16510242076985], [76.24045177365764, 16.164777070725656], [76.28048961404656, 16.152739119090658], [76.29802684991938, 16.184948773465386], [76.33144686545062, 16.194058574702684], [76.33210864793638, 16.19503462483525]]]}}, {"type": "Feature", "properties": {"dt_code": "560", "district": "Koppal", "st_code": "29", "year": "2011_c", "st_nm": "Karnataka"}, "geometry": {"type": "Polygon", "coordinates": [[[75.84702208586911, 15.83910167649227], [75.84702208586911, 15.83910167649227], [75.84867654208352, 15.87196203095538], [75.82816128502475, 15.866431080204162], [75.83544089236818, 15.882373232369433], [75.82749950253898, 15.90026748479984], [75.81029315790903, 15.893760483916056], [75.77356422994896, 15.902544935109164], [75.77356422994896, 15.902544935109164], [75.78845433587873, 15.924994088158218], [75.87713318897151, 15.931501089042001], [75.89169240365838, 15.91620963696511], [75.90161914094489, 15.923692687981461], [75.91419300817446, 15.91230543643484], [75.92842133161847, 15.87554088144146], [75.97375343189351, 15.861876179585515], [75.97441521437928, 15.861876179585515], [75.97375343189351, 15.968590994079571], [75.97375343189351, 15.986485246509977], [75.98963621155191, 16.005355549072952], [76.0564762426144, 16.00925974960322], [76.07897684713048, 16.010886499824167], [76.0846019982595, 15.996245747835653], [76.0581306988288, 15.907425185772002], [76.0581306988288, 15.907425185772002], [76.10114656040368, 15.90059283484403], [76.11736023130497, 15.886277432899703], [76.14515509570718, 15.895387234137], [76.16070698412271, 15.921089887627948], [76.19975215078297, 15.935079939528084], [76.20041393326873, 15.943864390721192], [76.22655434145653, 15.940936240323488], [76.22986325388537, 15.923367337937272], [76.25699633580182, 15.922716637848893], [76.26195970444508, 15.906774485683624], [76.28181317901809, 15.903195635197543], [76.28975456884729, 15.893435133871867], [76.28975456884729, 15.892784433783488], [76.29041635133306, 15.892784433783488], [76.31357873833491, 15.894736534048622], [76.31589497703509, 15.905147735462677], [76.34501340640884, 15.90059283484403], [76.33806469030829, 15.871636680911191], [76.35130034002363, 15.86382827985065], [76.35891083860996, 15.881722532281056], [76.35361657872382, 15.902870285153353], [76.37347005329683, 15.917511037141868], [76.37512450951125, 15.902219585064975], [76.42674354340107, 15.890181633429975], [76.41814037108611, 15.869033880557676], [76.45156038661734, 15.845934027420244], [76.41284611119997, 15.796806170747676], [76.43964830187353, 15.784442869068485], [76.44725880045986, 15.73433896226335], [76.49159822700625, 15.707334908595644], [76.51045902785062, 15.716770059877131], [76.53196695863805, 15.699201157490915], [76.59715253348611, 15.699526507535104], [76.59946877218628, 15.673823854044159], [76.67193395437779, 15.658207051923076], [76.67027949816337, 15.639011399315914], [76.69046386397926, 15.648121200553211], [76.69344188516521, 15.624695997371589], [76.68053712669276, 15.626973447680914], [76.67954445296411, 15.61265804573659], [76.68880940776485, 15.59573984343875], [76.74969339645541, 15.5882567924224], [76.75895835125615, 15.566783689505911], [76.81090827638887, 15.54758803689875], [76.81157005887464, 15.514076982347262], [76.80991560266023, 15.512450232126316], [76.79138569305874, 15.500412280491316], [76.70899377358074, 15.488699678900504], [76.66663969449165, 15.45030837368618], [76.61237353065874, 15.442825322669828], [76.59252005608573, 15.412893118604423], [76.5551293456399, 15.396625616394962], [76.49325268322067, 15.34489495936888], [76.47703901231938, 15.349449859987528], [76.40457383012789, 15.325699306761717], [76.3638742072532, 15.328302107115231], [76.3337631041508, 15.263557448321581], [76.30299021856263, 15.25574904726104], [76.29140902506171, 15.22321404284212], [76.2573272270447, 15.206295840544282], [76.24905494597262, 15.1906790384232], [76.21894384287022, 15.196535339218606], [76.2311868188569, 15.23134779394685], [76.18750917479628, 15.234926644432932], [76.16004520163695, 15.21508029173739], [76.15607450672233, 15.195884639130227], [76.11173508017595, 15.19881278952793], [76.09386695306023, 15.162698934622929], [76.05680713385728, 15.156842633827523], [76.04654950532789, 15.148708882722794], [76.03529920306984, 15.145130032236713], [75.97838590929388, 15.152938433297253], [75.95257639234896, 15.138297681308739], [75.95158371862031, 15.138297681308739], [75.94827480619148, 15.173110136036984], [75.92478152794675, 15.18254528731847], [75.92445063670385, 15.205970490500093], [75.91187676947429, 15.240457595184147], [75.89996468473048, 15.245337845846985], [75.89930290224471, 15.276571450089147], [75.88871438247244, 15.290561501989284], [75.8873908175009, 15.353354060517798], [75.90294270591643, 15.354330110650366], [75.90393537964508, 15.402807267234557], [75.86588288671348, 15.407687517897394], [75.85893417061291, 15.444126722846585], [75.82617593756744, 15.451284423818747], [75.82385969886727, 15.451609773862936], [75.82021989519555, 15.460394225056044], [75.81194761412345, 15.481216627884153], [75.80963137542327, 15.48674757863537], [75.81360207033788, 15.489025028944694], [75.82419059011015, 15.495857379872668], [75.81922722146689, 15.507895331507667], [75.86025773558445, 15.513751632303073], [75.86687556044212, 15.59606519348294], [75.89764844603029, 15.607127094985373], [75.89831022851605, 15.625021347415778], [75.88573636128649, 15.633805798608886], [75.8873908175009, 15.668292903292942], [75.8711771465996, 15.672522453867401], [75.8711771465996, 15.714492609567808], [75.88705992625802, 15.716770059877131], [75.88308923134342, 15.73759246270524], [75.8973175547874, 15.75060646447281], [75.90161914094489, 15.748654364207674], [75.90261181467355, 15.748003664119295], [75.91055320450275, 15.744424813633213], [75.91055320450275, 15.738893862881998], [75.92147261551791, 15.726205211158618], [75.91551657314601, 15.697574407269968], [75.94033341636226, 15.69334485669551], [75.9436423287911, 15.676426654397671], [75.96713560703584, 15.679029454751184], [75.96713560703584, 15.678704104706995], [75.96812828076449, 15.664388702762672], [76.01114414233935, 15.662436602497536], [76.0141221635253, 15.680330854927941], [75.98334927793714, 15.667316853160374], [75.98434195166578, 15.6936702067397], [76.00485720872456, 15.715468659700376], [76.02338711832604, 15.70928700886078], [76.04158613668463, 15.718396810098078], [76.04125524544175, 15.728482661467943], [76.03893900674157, 15.768500716903215], [76.031990290641, 15.772404917433484], [75.99459958019517, 15.780864018582404], [75.98434195166578, 15.80233712149889], [75.96382669460701, 15.79452872043835], [75.96084867342105, 15.783792168980106], [75.92908311410423, 15.790949869952268], [75.84702208586911, 15.83910167649227]]]}}, {"type": "Feature", "properties": {"dt_code": "561", "district": "Gadag", "st_code": "29", "year": "2011_c", "st_nm": "Karnataka"}, "geometry": {"type": "Polygon", "coordinates": [[[75.28947034161034, 15.690742056341996], [75.27888182183807, 15.688464606032671], [75.27424934443769, 15.7177461100097], [75.27458023568057, 15.740520613102944], [75.29377192776782, 15.741171313191323], [75.29906618765396, 15.728808011512132], [75.29972797013973, 15.727506611335375], [75.31428718482661, 15.73010941168889], [75.31825787974121, 15.745075513721591], [75.31825787974121, 15.764596516372944], [75.30601490375452, 15.7658979165497], [75.30369866505433, 15.812748322912945], [75.32487570459888, 15.811121572691999], [75.33943491928575, 15.827714424945649], [75.34108937550018, 15.804939921852405], [75.3645826537449, 15.804939921852405], [75.37484028227429, 15.845283327331865], [75.42447396870682, 15.842029826889974], [75.41421634017743, 15.784768219112674], [75.4370478359364, 15.77858656827308], [75.45789398423807, 15.818604623708351], [75.45392328932346, 15.881071832192678], [75.45193794186616, 15.882698582413623], [75.45160705062328, 15.886277432899703], [75.47874013253973, 15.870985980822812], [75.49793182462697, 15.87228738099957], [75.50223341078446, 15.858297329099432], [75.51977064665728, 15.857646629011054], [75.51249103931384, 15.85146497817146], [75.53002827518668, 15.834872125917812], [75.55649957461736, 15.832594675608487], [75.55219798845987, 15.824786274547947], [75.55319066218853, 15.825762324680515], [75.56642631190387, 15.838450976403891], [75.57701483167614, 15.824786274547947], [75.58727246020553, 15.833245375696865], [75.61672178082216, 15.821207424061864], [75.6177144545508, 15.835522826006189], [75.63128099550904, 15.83096792538754], [75.64253129776708, 15.841379126801595], [75.65675962121107, 15.82673837481308], [75.6723115096266, 15.836173526094568], [75.67595131329831, 15.821207424061864], [75.67694398702697, 15.822183474194432], [75.68323092064176, 15.830317225299162], [75.68720161555636, 15.829991875254972], [75.6905105279852, 15.829991875254972], [75.73683530198889, 15.813399023001324], [75.74246045311791, 15.814049723089703], [75.74477669181809, 15.812748322912945], [75.77952027232087, 15.817303223531594], [75.78018205480663, 15.848862177817946], [75.79771929067947, 15.847886127685378], [75.80003552937964, 15.857646629011054], [75.84702208586911, 15.83877632644808], [75.84702208586911, 15.83910167649227], [75.92908311410423, 15.790949869952268], [75.96084867342105, 15.783792168980106], [75.96382669460701, 15.79452872043835], [75.98434195166578, 15.80233712149889], [75.99459958019517, 15.780864018582404], [76.031990290641, 15.772404917433484], [76.03893900674157, 15.768500716903215], [76.04125524544175, 15.728482661467943], [76.04158613668463, 15.718396810098078], [76.02338711832604, 15.70928700886078], [76.00485720872456, 15.715468659700376], [75.98434195166578, 15.6936702067397], [75.98334927793714, 15.667316853160374], [76.0141221635253, 15.680330854927941], [76.01114414233935, 15.662436602497536], [75.96812828076449, 15.664388702762672], [75.96713560703584, 15.678704104706995], [75.96713560703584, 15.679029454751184], [75.9436423287911, 15.676426654397671], [75.94033341636226, 15.69334485669551], [75.91551657314601, 15.697574407269968], [75.92147261551791, 15.726205211158618], [75.91055320450275, 15.738893862881998], [75.91055320450275, 15.744424813633213], [75.90261181467355, 15.748003664119295], [75.90161914094489, 15.748654364207674], [75.8973175547874, 15.75060646447281], [75.88308923134342, 15.73759246270524], [75.88705992625802, 15.716770059877131], [75.8711771465996, 15.714492609567808], [75.8711771465996, 15.672522453867401], [75.8873908175009, 15.668292903292942], [75.88573636128649, 15.633805798608886], [75.89831022851605, 15.625021347415778], [75.89764844603029, 15.607127094985373], [75.86687556044212, 15.59606519348294], [75.86025773558445, 15.513751632303073], [75.81922722146689, 15.507895331507667], [75.82419059011015, 15.495857379872668], [75.81360207033788, 15.489025028944694], [75.80963137542327, 15.48674757863537], [75.81194761412345, 15.481216627884153], [75.82021989519555, 15.460394225056044], [75.82385969886727, 15.451609773862936], [75.82617593756744, 15.451284423818747], [75.85893417061291, 15.444126722846585], [75.86588288671348, 15.407687517897394], [75.90393537964508, 15.402807267234557], [75.90294270591643, 15.354330110650366], [75.8873908175009, 15.353354060517798], [75.88871438247244, 15.290561501989284], [75.89930290224471, 15.276571450089147], [75.89996468473048, 15.245337845846985], [75.91187676947429, 15.240457595184147], [75.92445063670385, 15.205970490500093], [75.92478152794675, 15.18254528731847], [75.94827480619148, 15.173110136036984], [75.95158371862031, 15.138297681308739], [75.92809044037558, 15.14187653179482], [75.90228092343067, 15.131790680424956], [75.88474368755783, 15.107714777154955], [75.88573636128649, 15.106738727022387], [75.90889874828834, 15.07680652295698], [75.90426627088796, 15.058912270526575], [75.88375101382918, 15.05240526964279], [75.87382427654268, 15.035487067344953], [75.84602941214045, 15.04492221862644], [75.833124653668, 15.02865471641698], [75.80764602796597, 15.02442516584252], [75.78481453220701, 15.002301362837654], [75.77918938107798, 14.977249409435085], [75.74080599690349, 14.945365105104544], [75.72029073984471, 14.95122140589995], [75.7083786551009, 14.94764255541387], [75.70109904775747, 14.948618605546438], [75.69150320171384, 14.973019858860628], [75.68984874549943, 14.973995908993194], [75.6862089418277, 14.97627335930252], [75.66867170595488, 14.986684560716572], [75.65841407742549, 14.98798596089333], [75.63194277799481, 14.991564811379412], [75.60911128223584, 14.973019858860628], [75.61076573845025, 14.958379106872112], [75.5978609799778, 14.954800256386031], [75.56543363817521, 14.979201509700221], [75.54127857744471, 14.978876159656032], [75.54293303365914, 15.013688614384277], [75.53300629637263, 15.034511017212385], [75.4952846946839, 15.047199668935765], [75.4612028966669, 15.043946168493871], [75.44862902943733, 15.06086437079171], [75.41719436136339, 15.061515070880088], [75.41653257887762, 15.084940274061712], [75.43340803226468, 15.1093415273759], [75.40329692916228, 15.171483385816037], [75.39568643057595, 15.165627085020631], [75.39899534300478, 15.201415589881444], [75.4330771410218, 15.19881278952793], [75.4330771410218, 15.209874691030363], [75.44929081192309, 15.208247940809416], [75.44035674836523, 15.22711824337239], [75.41587079639186, 15.234601294388742], [75.41653257887762, 15.262581398189013], [75.4029660379194, 15.260303947879688], [75.40197336419074, 15.273317949647256], [75.4168634701205, 15.274944699868202], [75.40627495034823, 15.277547500221715], [75.41256188396302, 15.299671303226582], [75.44962170316597, 15.301948753535905], [75.45756309299517, 15.341966808971177], [75.44465833452271, 15.386214414980907], [75.46881339525322, 15.385889064936718], [75.47543122011089, 15.395649566262394], [75.49230667349795, 15.368645512594691], [75.4952846946839, 15.46982937633753], [75.48701241361181, 15.489350378988883], [75.47179141643917, 15.492603879430774], [75.47510032886801, 15.516679782700775], [75.48171815372568, 15.531645884733479], [75.5293664927009, 15.537827535573074], [75.53432986134416, 15.59151029286429], [75.55451422716006, 15.647145150420645], [75.50256430202734, 15.647470500464834], [75.48767419609759, 15.702454657932808], [75.46848250401034, 15.700827907711862], [75.47013696022475, 15.684235055458213], [75.44763635570867, 15.682282955193077], [75.41322366644879, 15.655278901525374], [75.3625973062876, 15.668618253337131], [75.35961928510164, 15.645518400199698], [75.33579511561403, 15.64877190064159], [75.33711868058556, 15.673823854044159], [75.29377192776782, 15.691718106474564], [75.28947034161034, 15.690742056341996]]]}}, {"type": "Feature", "properties": {"dt_code": "562", "district": "Dharwad", "st_code": "29", "year": "2011_c", "st_nm": "Karnataka"}, "geometry": {"type": "Polygon", "coordinates": [[[74.739198204695, 15.414194518781178], [74.72960235865138, 15.431438071123207], [74.74449246458114, 15.463647725497937], [74.7272861199512, 15.489025028944694], [74.74879405073862, 15.496182729916857], [74.77824337135526, 15.459418174923478], [74.78684654367024, 15.486096878546991], [74.81397962558668, 15.504967181109965], [74.79809684592827, 15.548564087031316], [74.84111270750313, 15.574917440610642], [74.83052418773086, 15.610380595427266], [74.87883430919186, 15.617863646443617], [74.90232758743659, 15.63185369834375], [74.96519692358447, 15.627298797725103], [74.966520488556, 15.654302851392806], [75.01946308741736, 15.643891649978752], [75.02839715097522, 15.669919653513887], [75.0469270605767, 15.670570353602265], [75.04858151679112, 15.677728054574429], [75.05983181904917, 15.681957605148888], [75.05652290662033, 15.632504398432129], [75.09192826960886, 15.607777795073751], [75.10814194051015, 15.671871753779023], [75.20277683597484, 15.649097250685779], [75.20277683597484, 15.681632255104699], [75.2361968515061, 15.679029454751184], [75.24910160997855, 15.647145150420645], [75.27391845319481, 15.64877190064159], [75.27788914810941, 15.687163205855915], [75.28947034161034, 15.690742056341996], [75.29377192776782, 15.691718106474564], [75.33711868058556, 15.673823854044159], [75.33579511561403, 15.64877190064159], [75.35961928510164, 15.645518400199698], [75.3625973062876, 15.668618253337131], [75.41322366644879, 15.655278901525374], [75.44763635570867, 15.682282955193077], [75.47013696022475, 15.684235055458213], [75.46848250401034, 15.700827907711862], [75.48767419609759, 15.702454657932808], [75.50256430202734, 15.647470500464834], [75.55451422716006, 15.647145150420645], [75.53432986134416, 15.59151029286429], [75.5293664927009, 15.537827535573074], [75.48171815372568, 15.531645884733479], [75.47510032886801, 15.516679782700775], [75.47179141643917, 15.492603879430774], [75.48701241361181, 15.489350378988883], [75.4952846946839, 15.46982937633753], [75.49230667349795, 15.368645512594691], [75.47543122011089, 15.395649566262394], [75.46881339525322, 15.385889064936718], [75.44465833452271, 15.386214414980907], [75.45756309299517, 15.341966808971177], [75.44962170316597, 15.301948753535905], [75.41256188396302, 15.299671303226582], [75.40627495034823, 15.277547500221715], [75.4168634701205, 15.274944699868202], [75.40197336419074, 15.273317949647256], [75.4029660379194, 15.260303947879688], [75.41653257887762, 15.262581398189013], [75.41587079639186, 15.234601294388742], [75.44035674836523, 15.22711824337239], [75.44929081192309, 15.208247940809416], [75.4330771410218, 15.209874691030363], [75.4330771410218, 15.19881278952793], [75.39899534300478, 15.201415589881444], [75.39568643057595, 15.165627085020631], [75.40329692916228, 15.171483385816037], [75.43340803226468, 15.1093415273759], [75.41653257887762, 15.084940274061712], [75.41653257887762, 15.059562970614953], [75.36921513114527, 15.050127819333467], [75.34406739668613, 15.067046021631304], [75.33314798567096, 15.086567024282656], [75.3506852215438, 15.100231726138603], [75.35002343905802, 15.100557076182792], [75.34472917917189, 15.10576267688982], [75.33711868058556, 15.113245727906172], [75.3364568980998, 15.161722884490361], [75.30700757748316, 15.155215883606576], [75.30965470742623, 15.138297681308739], [75.28715410291015, 15.136996281131982], [75.26068280347947, 15.118451328613197], [75.25340319613603, 15.097954275829279], [75.23884398144915, 15.10901617733171], [75.18821762128798, 15.097954275829279], [75.15810651818558, 15.10153312631536], [75.15876830067134, 15.10966687742009], [75.13924571734121, 15.104461276713062], [75.13295878372642, 15.119102028701576], [75.15281225829943, 15.14578073232509], [75.14090017355562, 15.160421484313606], [75.1395766085841, 15.15814403400428], [75.13196610999778, 15.144804682192524], [75.10417124559555, 15.141225831706443], [75.10450213683843, 15.140575131618064], [75.1134362003963, 15.117149928436442], [75.07736905492199, 15.110317577508468], [75.08200153232235, 15.074529072647657], [75.05817736283474, 15.072251622338332], [75.05420666792014, 15.082988173796576], [75.0128452625597, 15.068347421808062], [74.94071097161108, 15.066395321542927], [74.9403800803682, 15.051754569554411], [74.93012245183881, 15.046223618803197], [74.91688680212347, 15.038740567786846], [74.9082836298085, 15.050778519421845], [74.88876104647836, 15.050453169377656], [74.87850341794898, 15.073878372559278], [74.8920699589072, 15.096978225696711], [74.89008461144991, 15.0973035757409], [74.85931172586173, 15.102834526492117], [74.83879646880295, 15.128211829938873], [74.83284042643105, 15.135369530911037], [74.84177448998891, 15.153589133385632], [74.87751074422033, 15.193281838776713], [74.87320915806283, 15.216381691914147], [74.9102689772658, 15.25119414664239], [74.90530560862254, 15.278523550354283], [74.9043129348939, 15.282102400840365], [74.88876104647836, 15.307154354242932], [74.87387094054861, 15.298369903049824], [74.87618717924879, 15.31658950552442], [74.8536865747327, 15.341316108882799], [74.82853884027357, 15.34066540879442], [74.81927388547282, 15.370272262815636], [74.83085507897374, 15.37287506316915], [74.82092834168724, 15.385238364848341], [74.79511882474232, 15.378731363964556], [74.7653386128828, 15.399553766792664], [74.76666217785434, 15.415821269002125], [74.76666217785434, 15.41712266917888], [74.74019087842366, 15.414519868825368], [74.739198204695, 15.414194518781178]]]}}, {"type": "Feature", "properties": {"dt_code": "563", "district": "Uttara Kannada", "st_code": "29", "year": "2011_c", "st_nm": "Karnataka"}, "geometry": {"type": "Polygon", "coordinates": [[[74.27826670335823, 15.52286143354037], [74.27826670335823, 15.52286143354037], [74.34245960447764, 15.517981182877532], [74.37488694628023, 15.480891277839964], [74.41327033045471, 15.47405892691199], [74.42187350276969, 15.463647725497937], [74.42650598017005, 15.398577716660096], [74.45661708327246, 15.403132617278747], [74.46455847310166, 15.415170568913746], [74.48275749146026, 15.395974916306583], [74.54463415387949, 15.416797319134693], [74.61412131488503, 15.358559661224826], [74.64952667787357, 15.390118615511177], [74.68956451826247, 15.39792701657172], [74.69949125554898, 15.409964968206719], [74.74085266090943, 15.410941018339287], [74.739198204695, 15.414194518781178], [74.74019087842366, 15.414519868825368], [74.76666217785434, 15.41712266917888], [74.76666217785434, 15.415821269002125], [74.7653386128828, 15.399553766792664], [74.79511882474232, 15.378731363964556], [74.82092834168724, 15.385238364848341], [74.83085507897374, 15.37287506316915], [74.81927388547282, 15.370272262815636], [74.82853884027357, 15.34066540879442], [74.8536865747327, 15.341316108882799], [74.87618717924879, 15.31658950552442], [74.87387094054861, 15.298369903049824], [74.88876104647836, 15.307154354242932], [74.9043129348939, 15.282102400840365], [74.90530560862254, 15.278523550354283], [74.9102689772658, 15.25119414664239], [74.87320915806283, 15.216381691914147], [74.87751074422033, 15.193281838776713], [74.84177448998891, 15.153589133385632], [74.83284042643105, 15.135369530911037], [74.83879646880295, 15.128211829938873], [74.85931172586173, 15.102834526492117], [74.89008461144991, 15.0973035757409], [74.8920699589072, 15.096978225696711], [74.87850341794898, 15.073878372559278], [74.88876104647836, 15.050453169377656], [74.9082836298085, 15.050778519421845], [74.91688680212347, 15.038740567786846], [74.93012245183881, 15.046223618803197], [74.9403800803682, 15.051754569554411], [74.94071097161108, 15.066395321542927], [75.0128452625597, 15.068347421808062], [75.05420666792014, 15.082988173796576], [75.05817736283474, 15.072251622338332], [75.08200153232235, 15.074529072647657], [75.06942766509277, 15.015315364605222], [75.07637638119334, 14.973995908993194], [75.08398687977966, 14.956427006606978], [75.09887698570941, 14.956427006606978], [75.10284768062402, 14.934303203602113], [75.06744231763548, 14.91868640148103], [75.07439103373603, 14.868907844720084], [75.06843499136413, 14.839300990698867], [75.09159737836598, 14.811320886898596], [75.05553023289167, 14.814574387340487], [75.07008944757855, 14.783015433054135], [75.04130190944768, 14.773905631816838], [75.04725795181959, 14.74462412783981], [75.03832388826173, 14.728031275586162], [75.01516150125988, 14.720548224569809], [75.01714684871718, 14.709811673111567], [75.03203695464694, 14.70785957284643], [75.0310442809183, 14.664913367013456], [75.0508977554913, 14.649621914936564], [75.02608091227503, 14.61090525967805], [75.02343378233196, 14.587805406540618], [75.02310289108908, 14.567308353756697], [75.03236784588982, 14.55787320247521], [75.06148627526358, 14.543557800530886], [75.0370003232902, 14.52956774863075], [75.04064012696192, 14.500286244653722], [75.01847041368872, 14.496707394167641], [74.98968287555785, 14.47263149089764], [74.9906755492865, 14.50126229478629], [74.97181474844214, 14.520783297437642], [74.97975613827134, 14.524362147923723], [74.97677811708539, 14.548763401237913], [74.9542775125693, 14.551366201591428], [74.93574760296782, 14.518831197172506], [74.92681353940998, 14.528917048542372], [74.90100402246506, 14.529242398586561], [74.88942282896413, 14.479463841825615], [74.92085749703807, 14.459292139085884], [74.89041550269279, 14.461894939439397], [74.87453272303438, 14.447579537495074], [74.87883430919186, 14.435541585860072], [74.91721769336635, 14.431637385329802], [74.93376225551053, 14.40398263157372], [74.94732879646875, 14.399427730955072], [74.94865236144028, 14.399102380910882], [74.94765968771164, 14.394872830336423], [74.93938740663955, 14.358433625387233], [74.9744618783852, 14.337611222559124], [74.97512366087098, 14.332730971896286], [74.97545455211386, 14.329152121410205], [74.97677811708539, 14.319716970128718], [74.9724765309279, 14.319391620084529], [74.96585870607024, 14.31906627004034], [74.92251195325248, 14.315812769598448], [74.91754858460924, 14.309305768714664], [74.9082836298085, 14.287181965709799], [74.90894541229426, 14.283277765179529], [74.91291610720887, 14.278072164472501], [74.9264826481671, 14.277421464384123], [74.92681353940998, 14.276445414251555], [74.92714443065286, 14.276770764295744], [74.92747532189574, 14.275144014074797], [74.9344240379963, 14.247489260318716], [74.93541671172494, 14.243259709744256], [74.93144601681034, 14.240982259434933], [74.90861452105138, 14.227642907623176], [74.89008461144991, 14.216906356164932], [74.87784163546321, 14.215930306032364], [74.87320915806283, 14.241307609479122], [74.85335568348982, 14.211375405413715], [74.83217864394528, 14.2299203579325], [74.79180991231348, 14.227317557578987], [74.76368415666839, 14.238054109037229], [74.72993324989426, 14.263756762528176], [74.71603581769315, 14.233173858374393], [74.71868294763622, 14.21397820576723], [74.74780137700998, 14.142726546089795], [74.66540945753198, 14.184371351746012], [74.62537161714306, 14.162572898785335], [74.62901142081478, 14.14435329631074], [74.64489420047319, 14.142075846001417], [74.64621776544473, 14.114421092245335], [74.65581361148836, 14.113445042112767], [74.63728370188687, 14.094574739549794], [74.6607769801316, 14.058460884644793], [74.65515182900259, 14.03926523203763], [74.67765243351866, 14.034710331418982], [74.66640213126063, 13.98688387492317], [74.6650785662891, 13.98232897430452], [74.64423241798742, 13.957602370946141], [74.64754133041626, 13.940358818604114], [74.64721043917338, 13.940358818604114], [74.63033498578632, 13.945564419311141], [74.59724586149797, 13.931574367411006], [74.59559140528354, 13.941334868736682], [74.58268664681108, 13.9257180666156], [74.56878921460998, 13.95011931992979], [74.54926663127985, 13.948167219664654], [74.51518483326285, 13.98688387492317], [74.46952184174492, 14.188275552276282], [74.44139608609981, 14.224389407181283], [74.39440952961036, 14.418623383562235], [74.38249744486654, 14.421226183915747], [74.38382100983807, 14.439445786390344], [74.3553643629501, 14.50907069584683], [74.31003226267505, 14.521433997526021], [74.31466474007541, 14.545835250840211], [74.26999442228613, 14.62717276188751], [74.28190650702994, 14.62717276188751], [74.28554631070166, 14.645717714406294], [74.27231066098632, 14.70005117178589], [74.25675877257079, 14.70785957284643], [74.26304570618558, 14.719246824393053], [74.23425816805472, 14.748202978325892], [74.22764034319704, 14.737466426867648], [74.20480884743809, 14.73681572677927], [74.2084486511098, 14.717945424216296], [74.20183082625213, 14.719897524481432], [74.17767576552163, 14.750480428635216], [74.15219713981959, 14.747226928193324], [74.15749139970573, 14.759915579916703], [74.14160862004732, 14.779436582568055], [74.11910801553124, 14.774556331905217], [74.11811534180259, 14.78594358345184], [74.09296760734344, 14.804163185926434], [74.11315197315933, 14.805139236059], [74.11315197315933, 14.797005484954271], [74.12473316666026, 14.80546458610319], [74.12506405790315, 14.840602390875624], [74.1118284081878, 14.849712192112921], [74.09594562852939, 14.898189348697112], [74.085688, 14.900792149050625], [74.1240713841745, 14.924868052320626], [74.16179298586322, 14.911854050553057], [74.1541824872769, 14.94341300483941], [74.16344744207764, 14.958053756827924], [74.16477100704917, 14.958053756827924], [74.17933022173605, 14.956752356651167], [74.20149993500924, 14.925518752409005], [74.2365744067549, 14.966512857976843], [74.25245718641331, 14.958704456916301], [74.26436927115712, 14.978550809611843], [74.25344986014196, 14.997746462219006], [74.26800907482884, 15.001650662749276], [74.29646572171683, 15.041343368140359], [74.2726415522292, 15.09762892578509], [74.2848845282159, 15.113896427994549], [74.28521541945878, 15.148708882722794], [74.3169809787756, 15.18644948784874], [74.30175998160296, 15.224515443018877], [74.25973679375674, 15.241108295272525], [74.25146451268466, 15.258677197658741], [74.27628135590092, 15.283078450972932], [74.32624593357635, 15.283403801017121], [74.33617267086285, 15.294791052563744], [74.3169809787756, 15.329278157247797], [74.32326791239039, 15.367669462462123], [74.27595046465804, 15.391745365732124], [74.26900174855749, 15.419074769444016], [74.27561957341516, 15.449332323553612], [74.25113362144178, 15.491302479254019], [74.25113362144178, 15.491627829298208], [74.27826670335823, 15.52286143354037]]]}}, {"type": "Feature", "properties": {"dt_code": "564", "district": "Haveri", "st_code": "29", "year": "2011_c", "st_nm": "Karnataka"}, "geometry": {"type": "Polygon", "coordinates": [[[75.41653257887762, 15.084940274061712], [75.41719436136339, 15.061515070880088], [75.44862902943733, 15.06086437079171], [75.4612028966669, 15.043946168493871], [75.4952846946839, 15.047199668935765], [75.53300629637263, 15.034511017212385], [75.54293303365914, 15.013688614384277], [75.54127857744471, 14.978876159656032], [75.56543363817521, 14.979201509700221], [75.5978609799778, 14.954800256386031], [75.61076573845025, 14.958379106872112], [75.60911128223584, 14.973019858860628], [75.63194277799481, 14.991564811379412], [75.65841407742549, 14.98798596089333], [75.66867170595488, 14.986684560716572], [75.6862089418277, 14.97627335930252], [75.68984874549943, 14.973995908993194], [75.69150320171384, 14.973019858860628], [75.70109904775747, 14.948618605546438], [75.69150320171384, 14.942762304751032], [75.68290002939887, 14.940159504397517], [75.68356181188464, 14.937882054088194], [75.6961356791142, 14.892007697857517], [75.72823212967391, 14.897538648608734], [75.73915154068908, 14.887452797238868], [75.73286460707429, 14.863702244013057], [75.7126802412584, 14.852640342510623], [75.69017963674231, 14.856869893085083], [75.66403922855451, 14.807091336324136], [75.66503190228316, 14.806115286191568], [75.6742968570839, 14.79765618504265], [75.69183409295673, 14.782364732965757], [75.72227608730202, 14.771953531551702], [75.7044079601863, 14.725103125188458], [75.70672419888649, 14.72412707505589], [75.70804776385802, 14.723801725011702], [75.71797450114452, 14.719572174437243], [75.7388206494462, 14.729983375851296], [75.75900501526209, 14.734212926425755], [75.76363749266245, 14.725103125188458], [75.76396838390534, 14.722825674879134], [75.76231392769093, 14.720873574613998], [75.74014421441773, 14.694194870990485], [75.73782797571754, 14.691266720592782], [75.73981332317484, 14.689965320416025], [75.76363749266245, 14.675324568427511], [75.79771929067947, 14.681180869222917], [75.80334444180848, 14.669793617676294], [75.81029315790903, 14.651899365245889], [75.80466800678002, 14.598541957998862], [75.81856543898112, 14.565030903447372], [75.79970463813676, 14.541280350221562], [75.79738839943658, 14.511022796111966], [75.75768145029055, 14.514601646598047], [75.71565826244434, 14.472306140853451], [75.68984874549943, 14.491827143504803], [75.66172298985433, 14.451809088069533], [75.65477427375377, 14.463847039704532], [75.63690614663805, 14.465473789925479], [75.63028832178038, 14.44465138709737], [75.64286218900996, 14.431312035285613], [75.62300871443695, 14.344118223442909], [75.63326634296634, 14.317114169775206], [75.61076573845025, 14.315812769598448], [75.60348613110682, 14.293038266505205], [75.58230909156228, 14.27839751451669], [75.53565342631569, 14.277421464384123], [75.53300629637263, 14.277421464384123], [75.53399897010128, 14.289459416019124], [75.50256430202734, 14.308004368537908], [75.50090984581293, 14.344443573487098], [75.47642389383954, 14.34379287339872], [75.47741656756818, 14.317439519819395], [75.34869987408649, 14.388040479408449], [75.35928839385876, 14.409188232280748], [75.37781830346024, 14.40788683210399], [75.38211988961773, 14.433589485594938], [75.3645826537449, 14.441723236699668], [75.35597948142993, 14.42838388488791], [75.34009670177151, 14.435866935904262], [75.34605274414342, 14.48532014262102], [75.31958144471274, 14.51362559646548], [75.26763151958002, 14.514926996642236], [75.2679624108229, 14.527940998409804], [75.29708084019666, 14.540629650133184], [75.26531528087983, 14.579671655435888], [75.24347645884953, 14.578044905214941], [75.24049843766358, 14.554945052077509], [75.22527744049093, 14.567633703800887], [75.22726278794823, 14.583901206010346], [75.20740931337522, 14.572188604419535], [75.18424692637338, 14.585853306275482], [75.1815997964303, 14.597891257910483], [75.20509307467503, 14.597565907866294], [75.20542396591792, 14.637583963301564], [75.1878867300451, 14.62261786126886], [75.16538612552901, 14.633354412727105], [75.16009186564287, 14.617412260561835], [75.09953876819519, 14.652875415378457], [75.07273657752161, 14.65515286568778], [75.0508977554913, 14.649621914936564], [75.0310442809183, 14.664913367013456], [75.03203695464694, 14.70785957284643], [75.01714684871718, 14.709811673111567], [75.01516150125988, 14.720548224569809], [75.03832388826173, 14.728031275586162], [75.04725795181959, 14.74462412783981], [75.04130190944768, 14.773905631816838], [75.07008944757855, 14.783015433054135], [75.05553023289167, 14.814574387340487], [75.09159737836598, 14.811320886898596], [75.06843499136413, 14.839300990698867], [75.07439103373603, 14.868907844720084], [75.06744231763548, 14.91868640148103], [75.10284768062402, 14.934303203602113], [75.09887698570941, 14.956427006606978], [75.08398687977966, 14.956427006606978], [75.07637638119334, 14.973995908993194], [75.06942766509277, 15.015315364605222], [75.08200153232235, 15.074529072647657], [75.07736905492199, 15.110317577508468], [75.1134362003963, 15.117149928436442], [75.10450213683843, 15.140575131618064], [75.10417124559555, 15.141225831706443], [75.13196610999778, 15.144804682192524], [75.1395766085841, 15.15814403400428], [75.14090017355562, 15.160421484313606], [75.15281225829943, 15.14578073232509], [75.13295878372642, 15.119102028701576], [75.13924571734121, 15.104461276713062], [75.15876830067134, 15.10966687742009], [75.15810651818558, 15.10153312631536], [75.18821762128798, 15.097954275829279], [75.23884398144915, 15.10901617733171], [75.25340319613603, 15.097954275829279], [75.26068280347947, 15.118451328613197], [75.28715410291015, 15.136996281131982], [75.30965470742623, 15.138297681308739], [75.30700757748316, 15.155215883606576], [75.3364568980998, 15.161722884490361], [75.33711868058556, 15.113245727906172], [75.34472917917189, 15.10576267688982], [75.35002343905802, 15.100557076182792], [75.3506852215438, 15.100231726138603], [75.33314798567096, 15.086567024282656], [75.34406739668613, 15.067046021631304], [75.36921513114527, 15.050127819333467], [75.41653257887762, 15.059562970614953], [75.41653257887762, 15.084940274061712]]]}}, {"type": "Feature", "properties": {"dt_code": "566", "district": "Chitradurga", "st_code": "29", "year": "2011_c", "st_nm": "Karnataka"}, "geometry": {"type": "Polygon", "coordinates": [[[76.5107899190935, 14.560476002828725], [76.53329052360958, 14.561126702917104], [76.53428319733823, 14.560801352872915], [76.53461408858111, 14.561126702917104], [76.56737232162658, 14.587480056496428], [76.5852404487423, 14.617412260561835], [76.60079233715783, 14.620991111047914], [76.59615985975745, 14.63075161237359], [76.61204263941586, 14.648320514759808], [76.59748342472899, 14.653526115466835], [76.59814520721476, 14.669468267632105], [76.61071907444433, 14.668817567543726], [76.60840283574414, 14.6876878701067], [76.64480087246133, 14.713065173553458], [76.64877156737593, 14.756336729430622], [76.66697058573453, 14.775207031993595], [76.6676323682203, 14.79375198451238], [76.70469218742326, 14.817827887782379], [76.74175200662621, 14.818478587870757], [76.71164090352381, 14.83734889043373], [76.71329535973823, 14.865328994234002], [76.71329535973823, 14.865328994234002], [76.69741258007981, 14.888103497327247], [76.67788999674968, 14.887127447194679], [76.67722821426392, 14.91120335046468], [76.66531612952011, 14.916083601127518], [76.66299989081993, 14.926169452497383], [76.66002186963398, 14.941786254618464], [76.69708168883693, 14.927470852674139], [76.71329535973823, 14.944389054971978], [76.71660427216706, 14.947967905458059], [76.71528070719553, 14.97171845868387], [76.71528070719553, 14.972694508816438], [76.71528070719553, 14.973019858860628], [76.68880940776485, 14.978550809611843], [76.67325751934932, 15.019219565135494], [76.68814762527907, 15.025075865930898], [76.70171416623731, 15.0159660646936], [76.70171416623731, 15.01629141473779], [76.7036995136946, 15.033534967079817], [76.7218985320532, 15.03288426699144], [76.73050170436817, 15.027027966196034], [76.73182526933971, 15.013363264340088], [76.7341415080399, 14.985383160539817], [76.76094369871346, 14.989287361070087], [76.76656884984249, 14.97562265921414], [76.76689974108537, 14.97562265921414], [76.8181878837323, 14.969441008374545], [76.82844551226171, 14.956427006606978], [76.86749067892195, 14.969766358418735], [76.86385087525024, 14.895586548343598], [76.84565185689165, 14.889404897504003], [76.85723305039257, 14.869233194764274], [76.85392413796373, 14.843205191229137], [76.84168116197705, 14.836698190345352], [76.85392413796373, 14.80936878663346], [76.83737957581955, 14.810670186810217], [76.83671779333379, 14.790823834114676], [76.78278252074378, 14.78594358345184], [76.80296688655967, 14.742021327486297], [76.77517202215745, 14.680855519178728], [76.76491439362806, 14.602120808484942], [76.78178984701512, 14.596589857733726], [76.80627579898851, 14.531194498851697], [76.83109264220477, 14.530543798763318], [76.85557859417816, 14.509721395935209], [76.86782157016485, 14.473932891074398], [76.90057980321032, 14.48922434315129], [76.97469944161622, 14.48532014262102], [76.95980933568647, 14.450507687892776], [76.9449192297567, 14.450833037936965], [76.94293388229941, 14.399753080999261], [76.91580080038295, 14.42057548382737], [76.89859445575301, 14.398126330778314], [76.88469702355191, 14.395848880468991], [76.88469702355191, 14.34769707392899], [76.90355782439627, 14.32264512052642], [76.94558101224247, 14.313209969244934], [76.95683131450052, 14.29433966668196], [76.9250657551837, 14.273842613898042], [76.93962496987058, 14.244886459965203], [76.98561885263139, 14.247489260318716], [77.00580321844728, 14.235776658727906], [77.0054723272044, 14.232197808241825], [76.99918539358961, 14.229269657844121], [77.00282519726133, 14.198036053601959], [77.02267867183434, 14.179165751038985], [76.96047111817224, 14.181768551392498], [76.94756635969978, 14.198361403646148], [76.94227209981364, 14.173309450243579], [76.89462376083841, 14.167778499492364], [76.88602058852344, 14.138171645471147], [76.912822779197, 14.12873649418966], [76.9250657551837, 14.137195595338579], [76.94690457721401, 14.10823944140574], [76.94822814218554, 14.094574739549794], [76.92837466761253, 14.077981887296144], [76.92308040772639, 14.057159484468036], [76.91017564925394, 14.0643171854402], [76.88866771846651, 14.048049683230738], [76.8727849388081, 14.009333027972223], [76.83737957581955, 14.018117479165333], [76.82348214361845, 13.99436692593952], [76.8486298780776, 13.980376874039386], [76.84995344304913, 13.963458671741547], [76.81123916763175, 13.936454618073844], [76.81554075378925, 13.915957565289924], [76.76458350238518, 13.924416666438844], [76.74936250521253, 13.916282915334113], [76.75234052639848, 13.906522414008437], [76.72289120578185, 13.898388662903708], [76.76656884984249, 13.835921454419381], [76.76888508854266, 13.795252698895732], [76.76458350238518, 13.781913347083975], [76.74903161396965, 13.780611946907218], [76.73116348685394, 13.784516147437488], [76.7238838795105, 13.79980759951438], [76.69807436256559, 13.77150214566992], [76.68450782160735, 13.729857340013703], [76.68516960409313, 13.69048998466681], [76.67292662810644, 13.71879543851127], [76.62991076653158, 13.713589837804243], [76.62097670297372, 13.734086890588163], [76.56935766908389, 13.71456588793681], [76.57663727642732, 13.690164634622622], [76.53990834846725, 13.663160580954917], [76.52965071993786, 13.66608873135262], [76.53395230609534, 13.650797279275729], [76.50020139932123, 13.62184112534289], [76.46082534141809, 13.618912974945188], [76.45520019028906, 13.590932871144917], [76.43038334707279, 13.59321032145424], [76.41317700244285, 13.578244219421537], [76.39961046148463, 13.594837071675187], [76.38273500809757, 13.576942819244781], [76.37347005329683, 13.59321032145424], [76.35295479623805, 13.579545619598294], [76.34137360273712, 13.576292119156403], [76.33310132166504, 13.596463821896133], [76.30034308861957, 13.58898077087978], [76.27321000670311, 13.604922923045052], [76.28644565641845, 13.64656772870127], [76.2632832694166, 13.648845179010593], [76.22159097281329, 13.682030883517891], [76.21960562535598, 13.713264487760053], [76.17361174259517, 13.716843338246136], [76.16997193892345, 13.726929189616001], [76.1487948993789, 13.732460140367216], [76.12960320729165, 13.814448351502895], [76.11537488384766, 13.81217090119357], [76.0984994304606, 13.863901558219652], [76.07732239091605, 13.880169060429113], [76.05548356888575, 13.880819760517491], [76.04324059289905, 13.899039362992086], [76.04059346295598, 13.899039362992086], [76.02967405194083, 13.898714012947897], [76.02835048696929, 13.898714012947897], [76.02967405194083, 13.901967513389788], [76.04456415787058, 13.94231091886925], [76.06574119741514, 13.941660218780871], [76.0723590222728, 13.98232897430452], [76.05085109148537, 13.97875012381844], [76.05085109148537, 13.97875012381844], [76.05052020024249, 13.979075473862629], [76.04324059289905, 13.987209224967359], [76.04357148414194, 13.989486675276684], [76.05449089515709, 14.089043788798577], [76.04688039657077, 14.097502889947496], [76.03331385561255, 14.090019838931145], [76.02504157454045, 14.113119692068578], [76.046218614085, 14.155089847768984], [76.06342495871495, 14.159644748387633], [76.06110872001476, 14.222437306916149], [76.07897684713048, 14.245211810009392], [76.1348974671778, 14.255948361467635], [76.12993409853453, 14.280024264737637], [76.11702934006209, 14.277421464384123], [76.12000736124803, 14.294990366770339], [76.1064408202898, 14.310281818847232], [76.11603666633343, 14.3232958206148], [76.15673628920811, 14.320042320172908], [76.15541272423657, 14.386739079231694], [76.13622103214932, 14.427082484711153], [76.17195728638075, 14.447904887539263], [76.17328085135229, 14.460593539262641], [76.20769354061217, 14.45734003882075], [76.21861295162734, 14.442048586743857], [76.23813553495746, 14.450507687892776], [76.26129792195931, 14.44432603705318], [76.28115139653232, 14.40430798161791], [76.38339679058333, 14.420250133783181], [76.39663244029867, 14.434565535727504], [76.42409641345802, 14.438469736257776], [76.42343463097224, 14.449856987804397], [76.45983266768944, 14.451809088069533], [76.46148712390385, 14.506142545449128], [76.48498040214858, 14.504515795228183], [76.53031250242363, 14.538352199823859], [76.53262874112382, 14.541931050309941], [76.51773863519405, 14.55461970203332], [76.51012813660773, 14.560476002828725], [76.5107899190935, 14.560476002828725]]]}}, {"type": "Feature", "properties": {"dt_code": "567", "district": "Davanagere", "st_code": "29", "year": "2011_c", "st_nm": "Karnataka"}, "geometry": {"type": "Polygon", "coordinates": [[[75.75900501526209, 14.734212926425755], [75.75635788531902, 14.739743877176972], [75.75966679774785, 14.775207031993595], [75.7729024474632, 14.791799884247244], [75.79871196440811, 14.769025381154], [75.82419059011015, 14.778785882479676], [75.8251832638388, 14.779111232523865], [75.82617593756744, 14.781714032877378], [75.833124653668, 14.807416686368326], [75.83411732739665, 14.810019486721838], [75.833124653668, 14.811320886898596], [75.82981574123916, 14.816526487605623], [75.81790365649536, 14.834420740036029], [75.81459474406653, 14.831817939682516], [75.80930048418038, 14.83734889043373], [75.80168998559407, 14.868907844720084], [75.81591830903805, 14.899816098918057], [75.83213197993935, 14.883548596708597], [75.85397080196967, 14.883548596708597], [75.85363991072678, 14.863702244013057], [75.86919179914231, 14.85426709273157], [75.87316249405691, 14.867931794587516], [75.9658120420643, 14.908600550111165], [75.97706234432235, 14.8985146987413], [75.98467284290867, 14.908275200066976], [75.99724671013824, 14.898189348697112], [76.01048235985358, 14.905347049669274], [76.01279859855377, 14.896237248431976], [76.04522594035635, 14.93072435311603], [76.05118198272825, 14.916083601127518], [76.0846019982595, 14.913480800774003], [76.0664029799009, 14.883873946752786], [76.07268991351569, 14.868907844720084], [76.12894142480589, 14.869233194764274], [76.13059588102031, 14.860774093615355], [76.1547509417508, 14.861099443659542], [76.15938341915117, 14.847109391759407], [76.19081808722511, 14.846458691671028], [76.19445789089683, 14.820756038180082], [76.16070698412271, 14.82986583941738], [76.14647866067872, 14.823358838533597], [76.14283885700699, 14.793101284424], [76.14945668186466, 14.783991483186703], [76.16897926519479, 14.78529288336346], [76.1808913499386, 14.764145130491162], [76.19247254343954, 14.768374681065621], [76.2010757157545, 14.739093177088595], [76.18386937112456, 14.70037652183008], [76.23052503637113, 14.649296564892374], [76.25501098834452, 14.697123021388187], [76.26295237817372, 14.696472321299808], [76.2794969403179, 14.684759719708998], [76.33343221290792, 14.6876878701067], [76.33574845160811, 14.686711819974132], [76.34302805895155, 14.665889417146024], [76.37942609566873, 14.661985216615754], [76.37446272702547, 14.646693764538862], [76.390014615441, 14.648645864803997], [76.39365441911272, 14.62684741184332], [76.43203780328722, 14.618388310694401], [76.42376552221512, 14.581623755701022], [76.50516476796447, 14.565356253491561], [76.5107899190935, 14.560476002828725], [76.51012813660773, 14.560476002828725], [76.51773863519405, 14.55461970203332], [76.53262874112382, 14.541931050309941], [76.53031250242363, 14.538352199823859], [76.48498040214858, 14.504515795228183], [76.46148712390385, 14.506142545449128], [76.45983266768944, 14.451809088069533], [76.42343463097224, 14.449856987804397], [76.42409641345802, 14.438469736257776], [76.39663244029867, 14.434565535727504], [76.38339679058333, 14.420250133783181], [76.28115139653232, 14.40430798161791], [76.26129792195931, 14.44432603705318], [76.23813553495746, 14.450507687892776], [76.21861295162734, 14.442048586743857], [76.20769354061217, 14.45734003882075], [76.17328085135229, 14.460593539262641], [76.17195728638075, 14.447904887539263], [76.13622103214932, 14.427082484711153], [76.15541272423657, 14.386739079231694], [76.15673628920811, 14.320042320172908], [76.11603666633343, 14.3232958206148], [76.1064408202898, 14.310281818847232], [76.12000736124803, 14.294990366770339], [76.11702934006209, 14.277421464384123], [76.12993409853453, 14.280024264737637], [76.1348974671778, 14.255948361467635], [76.07897684713048, 14.245211810009392], [76.06110872001476, 14.222437306916149], [76.06342495871495, 14.159644748387633], [76.046218614085, 14.155089847768984], [76.02504157454045, 14.113119692068578], [76.03331385561255, 14.090019838931145], [76.04688039657077, 14.097502889947496], [76.05449089515709, 14.089043788798577], [76.04357148414194, 13.989486675276684], [76.04324059289905, 13.987209224967359], [76.05052020024249, 13.979075473862629], [76.05085109148537, 13.97875012381844], [76.05085109148537, 13.97875012381844], [76.0723590222728, 13.98232897430452], [76.06574119741514, 13.941660218780871], [76.04456415787058, 13.94231091886925], [76.02967405194083, 13.901967513389788], [76.02835048696929, 13.898714012947897], [76.02967405194083, 13.898714012947897], [76.03000494318371, 13.88570001118033], [76.02471068329757, 13.8684564588383], [76.01875464092566, 13.8684564588383], [76.01577661973971, 13.872035309324382], [76.01180592482511, 13.8684564588383], [75.98897442906615, 13.848610106142761], [75.97011362822178, 13.856418507203301], [75.949598371163, 13.833969354154247], [75.95224550110608, 13.81607510172384], [75.895663098573, 13.806314600398164], [75.87878764518592, 13.810218800928435], [75.87150803784249, 13.851212906496274], [75.8552943669412, 13.87268600941276], [75.85959595309869, 13.910426614538707], [75.8291539587534, 13.971592422846276], [75.82385969886727, 14.0190935292979], [75.79871196440811, 14.033408931242224], [75.82088167768131, 14.064967885528576], [75.81426385282364, 14.105636641052227], [75.80599157175155, 14.098153590035874], [75.75602699407614, 14.110191541670876], [75.7388206494462, 14.101081740433578], [75.73815886696042, 14.08741703857763], [75.72128341357336, 14.083512838047362], [75.72558499973086, 14.07570443698682], [75.67297329211236, 14.064967885528576], [75.634259016695, 14.07993398756128], [75.6177144545508, 14.076680487119388], [75.60348613110682, 14.056508784379657], [75.54326392490202, 14.077981887296144], [75.53135184015821, 14.097502889947496], [75.49065221728354, 14.104660590919659], [75.44862902943733, 14.095550789682362], [75.39965712549056, 14.117674592687226], [75.44366566079407, 14.163548948917903], [75.48436528366875, 14.176237600641283], [75.45690131050941, 14.205844454662499], [75.50256430202734, 14.2178824062975], [75.50686588818482, 14.219183806474256], [75.52671936275785, 14.202916304264797], [75.53300629637263, 14.277421464384123], [75.53565342631569, 14.277421464384123], [75.58230909156228, 14.27839751451669], [75.60348613110682, 14.293038266505205], [75.61076573845025, 14.315812769598448], [75.63326634296634, 14.317114169775206], [75.62300871443695, 14.344118223442909], [75.64286218900996, 14.431312035285613], [75.63028832178038, 14.44465138709737], [75.63690614663805, 14.465473789925479], [75.65477427375377, 14.463847039704532], [75.66172298985433, 14.451809088069533], [75.68984874549943, 14.491827143504803], [75.71565826244434, 14.472306140853451], [75.75768145029055, 14.514601646598047], [75.79738839943658, 14.511022796111966], [75.79970463813676, 14.541280350221562], [75.81856543898112, 14.565030903447372], [75.80466800678002, 14.598541957998862], [75.81029315790903, 14.651899365245889], [75.80334444180848, 14.669793617676294], [75.79771929067947, 14.681180869222917], [75.76363749266245, 14.675324568427511], [75.73981332317484, 14.689965320416025], [75.73782797571754, 14.691266720592782], [75.74014421441773, 14.694194870990485], [75.76231392769093, 14.720873574613998], [75.76396838390534, 14.722825674879134], [75.76363749266245, 14.725103125188458], [75.75900501526209, 14.734212926425755]]]}}, {"type": "Feature", "properties": {"dt_code": "568", "district": "Shivamogga", "st_code": "29", "year": "2011_c", "st_nm": "Karnataka"}, "geometry": {"type": "Polygon", "coordinates": [[[74.66640213126063, 13.98688387492317], [74.67765243351866, 14.034710331418982], [74.65515182900259, 14.03926523203763], [74.6607769801316, 14.058460884644793], [74.63728370188687, 14.094574739549794], [74.65581361148836, 14.113445042112767], [74.64621776544473, 14.114421092245335], [74.64489420047319, 14.142075846001417], [74.62901142081478, 14.14435329631074], [74.62537161714306, 14.162572898785335], [74.66540945753198, 14.184371351746012], [74.74780137700998, 14.142726546089795], [74.71868294763622, 14.21397820576723], [74.71603581769315, 14.233173858374393], [74.72993324989426, 14.263756762528176], [74.76368415666839, 14.238054109037229], [74.79180991231348, 14.227317557578987], [74.83217864394528, 14.2299203579325], [74.85335568348982, 14.211375405413715], [74.87320915806283, 14.241307609479122], [74.87784163546321, 14.215930306032364], [74.89008461144991, 14.216906356164932], [74.90861452105138, 14.227642907623176], [74.93144601681034, 14.240982259434933], [74.93541671172494, 14.243259709744256], [74.9344240379963, 14.247489260318716], [74.92747532189574, 14.275144014074797], [74.92714443065286, 14.276770764295744], [74.92681353940998, 14.276445414251555], [74.9264826481671, 14.277421464384123], [74.91291610720887, 14.278072164472501], [74.90894541229426, 14.283277765179529], [74.9082836298085, 14.287181965709799], [74.91754858460924, 14.309305768714664], [74.92251195325248, 14.315812769598448], [74.96585870607024, 14.31906627004034], [74.9724765309279, 14.319391620084529], [74.97677811708539, 14.319716970128718], [74.97545455211386, 14.329152121410205], [74.97512366087098, 14.332730971896286], [74.9744618783852, 14.337611222559124], [74.93938740663955, 14.358433625387233], [74.94765968771164, 14.394872830336423], [74.94865236144028, 14.399102380910882], [74.94732879646875, 14.399427730955072], [74.93376225551053, 14.40398263157372], [74.91721769336635, 14.431637385329802], [74.87883430919186, 14.435541585860072], [74.87453272303438, 14.447579537495074], [74.89041550269279, 14.461894939439397], [74.92085749703807, 14.459292139085884], [74.88942282896413, 14.479463841825615], [74.90100402246506, 14.529242398586561], [74.92681353940998, 14.528917048542372], [74.93574760296782, 14.518831197172506], [74.9542775125693, 14.551366201591428], [74.97677811708539, 14.548763401237913], [74.97975613827134, 14.524362147923723], [74.97181474844214, 14.520783297437642], [74.9906755492865, 14.50126229478629], [74.98968287555785, 14.47263149089764], [75.01847041368872, 14.496707394167641], [75.04064012696192, 14.500286244653722], [75.0370003232902, 14.52956774863075], [75.06148627526358, 14.543557800530886], [75.03236784588982, 14.55787320247521], [75.02310289108908, 14.567308353756697], [75.02343378233196, 14.587805406540618], [75.02608091227503, 14.61090525967805], [75.0508977554913, 14.649621914936564], [75.07273657752161, 14.65515286568778], [75.09953876819519, 14.652875415378457], [75.16009186564287, 14.617412260561835], [75.16538612552901, 14.633354412727105], [75.1878867300451, 14.62261786126886], [75.20542396591792, 14.637583963301564], [75.20509307467503, 14.597565907866294], [75.1815997964303, 14.597891257910483], [75.18424692637338, 14.585853306275482], [75.20740931337522, 14.572188604419535], [75.22726278794823, 14.583901206010346], [75.22527744049093, 14.567633703800887], [75.24049843766358, 14.554945052077509], [75.24347645884953, 14.578044905214941], [75.26531528087983, 14.579671655435888], [75.29708084019666, 14.540629650133184], [75.2679624108229, 14.527940998409804], [75.26763151958002, 14.514926996642236], [75.31958144471274, 14.51362559646548], [75.34605274414342, 14.48532014262102], [75.34009670177151, 14.435866935904262], [75.35597948142993, 14.42838388488791], [75.3645826537449, 14.441723236699668], [75.38211988961773, 14.433589485594938], [75.37781830346024, 14.40788683210399], [75.35928839385876, 14.409188232280748], [75.34869987408649, 14.388040479408449], [75.47741656756818, 14.317439519819395], [75.47642389383954, 14.34379287339872], [75.50090984581293, 14.344443573487098], [75.50256430202734, 14.308004368537908], [75.53399897010128, 14.289459416019124], [75.53300629637263, 14.277421464384123], [75.52671936275785, 14.202916304264797], [75.50686588818482, 14.219183806474256], [75.50256430202734, 14.2178824062975], [75.45690131050941, 14.205844454662499], [75.48436528366875, 14.176237600641283], [75.44366566079407, 14.163548948917903], [75.39965712549056, 14.117674592687226], [75.44862902943733, 14.095550789682362], [75.49065221728354, 14.104660590919659], [75.53135184015821, 14.097502889947496], [75.54326392490202, 14.077981887296144], [75.60348613110682, 14.056508784379657], [75.6177144545508, 14.076680487119388], [75.634259016695, 14.07993398756128], [75.67297329211236, 14.064967885528576], [75.72558499973086, 14.07570443698682], [75.72128341357336, 14.083512838047362], [75.73815886696042, 14.08741703857763], [75.7388206494462, 14.101081740433578], [75.75602699407614, 14.110191541670876], [75.80599157175155, 14.098153590035874], [75.81426385282364, 14.105636641052227], [75.82088167768131, 14.064967885528576], [75.79871196440811, 14.033408931242224], [75.82385969886727, 14.0190935292979], [75.8291539587534, 13.971592422846276], [75.85959595309869, 13.910426614538707], [75.8552943669412, 13.87268600941276], [75.87150803784249, 13.851212906496274], [75.87878764518592, 13.810218800928435], [75.82551415508168, 13.818677902077354], [75.80764602796597, 13.794601998807353], [75.77753492486356, 13.788420347967758], [75.76694640509129, 13.797204799160866], [75.7646301663911, 13.781587997039786], [75.68720161555636, 13.766621895007082], [75.6865398330706, 13.750029042753434], [75.66933348844064, 13.76401909465357], [75.65576694748242, 13.746124842223164], [75.67462774832678, 13.723350339129919], [75.65113447008206, 13.71879543851127], [75.63525169042364, 13.701551886169243], [75.63492079918076, 13.701226536125054], [75.62267782319407, 13.705781436743703], [75.61738356330792, 13.72302498908573], [75.62797208308021, 13.733110840455595], [75.60911128223584, 13.746124842223164], [75.61076573845025, 13.761090944255866], [75.57138968054711, 13.75555999350465], [75.5657645294181, 13.740919241516135], [75.54094768620183, 13.727905239748567], [75.50686588818482, 13.765645844874514], [75.49826271586986, 13.758162793858164], [75.48701241361181, 13.768248645228029], [75.48701241361181, 13.76792329518384], [75.48866686982623, 13.759789544079108], [75.47344587265358, 13.750029042753434], [75.45425418056634, 13.723675689174108], [75.41917970882069, 13.706106786787892], [75.38311256334639, 13.71098703745073], [75.40726762407688, 13.666414081396809], [75.41454723142031, 13.652749379540865], [75.41156921023436, 13.641687478038431], [75.40726762407688, 13.62574532587316], [75.39105395317559, 13.624118575652215], [75.38807593198963, 13.617286224724241], [75.38708325826099, 13.615008774414918], [75.38609058453233, 13.613382024193971], [75.37351671730276, 13.626070675917349], [75.3725240435741, 13.62574532587316], [75.36987691363105, 13.59711452198451], [75.34439828792901, 13.580521669730862], [75.32619926957041, 13.592559621365861], [75.29509549273936, 13.584751220305321], [75.27888182183807, 13.56457951756559], [75.24480002382106, 13.605248273089241], [75.23553506902032, 13.598415922161267], [75.22924813540553, 13.603296172824106], [75.22329209303363, 13.602645472735727], [75.21071822580406, 13.5854019203937], [75.22660100546247, 13.56848371809586], [75.21601248569019, 13.557747166637618], [75.22593922297669, 13.5281403126164], [75.22593922297669, 13.5281403126164], [75.17630553654416, 13.499184158683562], [75.16968771168649, 13.50796860987667], [75.13626769615526, 13.472505455060048], [75.14090017355562, 13.461443553557615], [75.11575243909648, 13.456888652938966], [75.10218589813826, 13.489098307313697], [75.08001618486506, 13.49235180775559], [75.07670727243622, 13.514475610760455], [75.06049360153493, 13.519355861423293], [75.06016271029205, 13.519355861423293], [75.05950092780627, 13.519355861423293], [75.0628098402351, 13.52879101270478], [75.04924329927688, 13.547335965223564], [75.0350149758329, 13.567182317919105], [75.0370003232902, 13.569785118272618], [75.04427993063364, 13.579870969642483], [75.0611553840207, 13.602320122691538], [75.0611553840207, 13.602645472735727], [75.02343378233196, 13.628998826315051], [75.01549239250276, 13.634855127110457], [75.01549239250276, 13.634855127110457], [75.0128452625597, 13.65795498024789], [75.02839715097522, 13.667390131529377], [75.01218348007393, 13.676825282810864], [75.0108599151024, 13.691140684755188], [75.02144843487467, 13.698298385727352], [74.99100644052938, 13.710010987318162], [74.9986169391157, 13.738316441162622], [74.9281371043815, 13.768899345316406], [74.93343136426765, 13.788094997923569], [74.93243869053899, 13.790372448232894], [74.90795273856561, 13.857719907380059], [74.87883430919186, 13.867480408705735], [74.86526776823364, 13.85739455733587], [74.8397891425316, 13.89741261277114], [74.8196047767157, 13.907823814185194], [74.76269148293973, 13.915957565289924], [74.71173423153567, 13.905221013831682], [74.70776353662107, 13.927019466792357], [74.69055719199112, 13.933526467676142], [74.69882947306321, 13.950770020018169], [74.6746744123327, 13.968989622492764], [74.67169639114677, 13.975171273332357], [74.66640213126063, 13.98688387492317]]]}}, {"type": "Feature", "properties": {"dt_code": "569", "district": "Udupi", "st_code": "29", "year": "2011_c", "st_nm": "Karnataka"}, "geometry": {"type": "Polygon", "coordinates": [[[74.58268664681108, 13.9257180666156], [74.59559140528354, 13.941334868736682], [74.59724586149797, 13.931574367411006], [74.63033498578632, 13.945564419311141], [74.64721043917338, 13.940358818604114], [74.64754133041626, 13.940358818604114], [74.64423241798742, 13.957602370946141], [74.6650785662891, 13.98232897430452], [74.66640213126063, 13.98688387492317], [74.67169639114677, 13.975171273332357], [74.6746744123327, 13.968989622492764], [74.69882947306321, 13.950770020018169], [74.69055719199112, 13.933526467676142], [74.70776353662107, 13.927019466792357], [74.71173423153567, 13.905221013831682], [74.76269148293973, 13.915957565289924], [74.8196047767157, 13.907823814185194], [74.8397891425316, 13.89741261277114], [74.86526776823364, 13.85739455733587], [74.87883430919186, 13.867480408705735], [74.90795273856561, 13.857719907380059], [74.93243869053899, 13.790372448232894], [74.93343136426765, 13.788094997923569], [74.9281371043815, 13.768899345316406], [74.9986169391157, 13.738316441162622], [74.99100644052938, 13.710010987318162], [75.02144843487467, 13.698298385727352], [75.0108599151024, 13.691140684755188], [75.01218348007393, 13.676825282810864], [75.02839715097522, 13.667390131529377], [75.0128452625597, 13.65795498024789], [75.01549239250276, 13.634855127110457], [75.01549239250276, 13.634855127110457], [75.02343378233196, 13.628998826315051], [75.0611553840207, 13.602645472735727], [75.0611553840207, 13.602320122691538], [75.04427993063364, 13.579870969642483], [75.0370003232902, 13.569785118272618], [75.0350149758329, 13.567182317919105], [75.04924329927688, 13.547335965223564], [75.0628098402351, 13.52879101270478], [75.05950092780627, 13.519355861423293], [75.06016271029205, 13.519355861423293], [75.06049360153493, 13.519355861423293], [75.07670727243622, 13.514475610760455], [75.08001618486506, 13.49235180775559], [75.10218589813826, 13.489098307313697], [75.11575243909648, 13.456888652938966], [75.14090017355562, 13.461443553557615], [75.15446671451386, 13.453309802452885], [75.15512849699962, 13.430209949315453], [75.13990749982698, 13.40678474613383], [75.14652532468465, 13.392794694233695], [75.12700274135452, 13.385311643217342], [75.12766452384028, 13.366115990610181], [75.11211263542477, 13.356355489284505], [75.08961203090868, 13.361235739947343], [75.07869261989352, 13.343016137472748], [75.11244352666765, 13.282501029253556], [75.13990749982698, 13.288031980004773], [75.16670969050054, 13.202790268427204], [75.2057548571608, 13.177087614936257], [75.15016512835636, 13.125031607865985], [75.1150906566107, 13.13121325870558], [75.12071580773973, 13.136418859412608], [75.09755342073788, 13.165049663301257], [75.0810088585937, 13.161796162859364], [75.08365598853678, 13.145854010694094], [75.05850825407762, 13.13153860874977], [75.0366694320473, 13.141624460119635], [75.01516150125988, 13.130887908661391], [74.99431535295821, 13.157241262240715], [74.97479276962808, 13.129586508484634], [74.9542775125693, 13.121452757379904], [74.95163038262623, 13.123730207689228], [74.94137275409685, 13.138045609633553], [74.94269631906839, 13.14325121034058], [74.9364093854536, 13.145203310605716], [74.92979156059593, 13.14715541087085], [74.9281371043815, 13.147806110959229], [74.91059986850868, 13.132840008926525], [74.91192343348021, 13.108113405568147], [74.8781725267061, 13.095424753844767], [74.8599735083475, 13.127959758263689], [74.82622260157338, 13.129586508484634], [74.8096780394292, 13.113319006275175], [74.79214080355636, 13.116897856761256], [74.79842773717115, 13.104209205037877], [74.79180991231348, 13.096726154021525], [74.7775815888695, 13.10290780486112], [74.77625802389797, 13.071674200618958], [74.71669760017892, 13.31405998353991], [74.69783679933457, 13.347571038091397], [74.69585145187726, 13.371321591317209], [74.70346195046358, 13.375551141891668], [74.69585145187726, 13.373273691582343], [74.6951896693915, 13.4559126028064], [74.66971104368946, 13.634855127110457], [74.64555598295897, 13.683006933650459], [74.61015061997043, 13.866829708617356], [74.58268664681108, 13.9257180666156]]]}}, {"type": "Feature", "properties": {"dt_code": "570", "district": "Chikkamagaluru", "st_code": "29", "year": "2011_c", "st_nm": "Karnataka"}, "geometry": {"type": "Polygon", "coordinates": [[[76.02967405194083, 13.898714012947897], [76.04059346295598, 13.899039362992086], [76.04324059289905, 13.899039362992086], [76.05548356888575, 13.880819760517491], [76.07732239091605, 13.880169060429113], [76.0984994304606, 13.863901558219652], [76.11537488384766, 13.81217090119357], [76.12960320729165, 13.814448351502895], [76.1487948993789, 13.732460140367216], [76.16997193892345, 13.726929189616001], [76.17361174259517, 13.716843338246136], [76.21960562535598, 13.713264487760053], [76.22159097281329, 13.682030883517891], [76.2632832694166, 13.648845179010593], [76.28644565641845, 13.64656772870127], [76.27321000670311, 13.604922923045052], [76.30034308861957, 13.58898077087978], [76.33310132166504, 13.596463821896133], [76.34137360273712, 13.576292119156403], [76.35295479623805, 13.579545619598294], [76.3638742072532, 13.547335965223564], [76.36255064228168, 13.530417762925726], [76.34567518889462, 13.513824910672076], [76.31589497703509, 13.539852914207213], [76.31192428212049, 13.525537512262888], [76.29306348127612, 13.527164262483833], [76.28975456884729, 13.505040459478968], [76.23383394879997, 13.50764325983248], [76.2311868188569, 13.4679505544414], [76.19809769456855, 13.468926604573968], [76.19644323835414, 13.450381652055183], [76.1871782835534, 13.452659102364507], [76.19346521716818, 13.468926604573968], [76.16236144033712, 13.469902654706534], [76.13721370587798, 13.442247900950452], [76.13952994457816, 13.40678474613383], [76.08989625814563, 13.393770744366263], [76.08890358441698, 13.371646941361398], [76.05581446012863, 13.380756742598695], [76.04158613668463, 13.37424974171491], [76.02702692199776, 13.327073985307477], [76.04290970165617, 13.323820484865585], [76.0362918767985, 13.24866462465788], [76.01643840222549, 13.250942074967204], [76.01478394601106, 13.261353276381259], [75.93603183020478, 13.256147675674232], [75.90327359715931, 13.258099775939368], [75.89930290224471, 13.266233527044097], [75.87680229772863, 13.260377226248691], [75.86158130055598, 13.240205523508962], [75.8572797143985, 13.258425125983557], [75.8390806960399, 13.251918125099772], [75.81591830903805, 13.259075826071935], [75.80566068050867, 13.216129620238961], [75.7788584898351, 13.209947969399366], [75.75834323277633, 13.217431020415717], [75.74312223560368, 13.20767051909004], [75.72889391215969, 13.183269265775852], [75.73021747713122, 13.164398963212879], [75.75371075537595, 13.136093509368418], [75.73518084577447, 13.123404857645038], [75.7384897582033, 13.110065505833282], [75.72723945594527, 13.09932895437504], [75.74246045311791, 13.069396750309632], [75.74014421441773, 13.030029394962739], [75.72790123843103, 13.023522394078956], [75.71036400255821, 13.03816314606747], [75.6964665703571, 13.036861745890713], [75.69481211414268, 13.04597154712801], [75.6905105279852, 13.033608245448821], [75.65576694748242, 13.022546343946388], [75.64253129776708, 13.031330795139496], [75.59554474127762, 12.943811633252603], [75.57238235427577, 12.934701832015305], [75.55881581331754, 12.915831529452332], [75.55683046586024, 12.912903379054628], [75.55616868337448, 12.942835583120035], [75.51414549552827, 12.978949438025035], [75.53267540512974, 13.004652091515982], [75.51513816925691, 13.066143249867741], [75.48601973988316, 13.092496603447065], [75.47973280626837, 13.077205151370173], [75.47046785146763, 13.077530501414362], [75.47079874271051, 13.097051504065714], [75.455246854295, 13.110065505833282], [75.44498922576561, 13.104859905126254], [75.43373892350756, 13.121778107424094], [75.4248048599497, 13.1064866553472], [75.40726762407688, 13.111692256054228], [75.40428960289093, 13.155289161975581], [75.38906860571828, 13.17155666418504], [75.38013454216043, 13.179039715201393], [75.34671452662919, 13.181317165510716], [75.32818461702772, 13.170905964096661], [75.31660342352679, 13.136418859412608], [75.29443371025359, 13.124380907777606], [75.28483786420996, 13.13511745923585], [75.27755825686653, 13.126983708131121], [75.25241052240739, 13.128935808396255], [75.21733605066173, 13.156590562152337], [75.20740931337522, 13.153337061710445], [75.2057548571608, 13.177087614936257], [75.2057548571608, 13.177087614936257], [75.2057548571608, 13.177087614936257], [75.16670969050054, 13.202790268427204], [75.13990749982698, 13.288031980004773], [75.11244352666765, 13.282501029253556], [75.07869261989352, 13.343016137472748], [75.08961203090868, 13.361235739947343], [75.11211263542477, 13.356355489284505], [75.12766452384028, 13.366115990610181], [75.12700274135452, 13.385311643217342], [75.14652532468465, 13.392794694233695], [75.13990749982698, 13.40678474613383], [75.15512849699962, 13.430209949315453], [75.15446671451386, 13.453309802452885], [75.14090017355562, 13.461443553557615], [75.13626769615526, 13.472505455060048], [75.16968771168649, 13.50796860987667], [75.17630553654416, 13.499184158683562], [75.22593922297669, 13.5281403126164], [75.22593922297669, 13.5281403126164], [75.21601248569019, 13.557747166637618], [75.22660100546247, 13.56848371809586], [75.21071822580406, 13.5854019203937], [75.22329209303363, 13.602645472735727], [75.22924813540553, 13.603296172824106], [75.23553506902032, 13.598415922161267], [75.24480002382106, 13.605248273089241], [75.27888182183807, 13.56457951756559], [75.29509549273936, 13.584751220305321], [75.32619926957041, 13.592559621365861], [75.34439828792901, 13.580521669730862], [75.36987691363105, 13.59711452198451], [75.3725240435741, 13.62574532587316], [75.37351671730276, 13.626070675917349], [75.38609058453233, 13.613382024193971], [75.38708325826099, 13.615008774414918], [75.38807593198963, 13.617286224724241], [75.39105395317559, 13.624118575652215], [75.40726762407688, 13.62574532587316], [75.41156921023436, 13.641687478038431], [75.41454723142031, 13.652749379540865], [75.40726762407688, 13.666414081396809], [75.38311256334639, 13.71098703745073], [75.41917970882069, 13.706106786787892], [75.45425418056634, 13.723675689174108], [75.47344587265358, 13.750029042753434], [75.48866686982623, 13.759789544079108], [75.48701241361181, 13.76792329518384], [75.48701241361181, 13.768248645228029], [75.49826271586986, 13.758162793858164], [75.50686588818482, 13.765645844874514], [75.54094768620183, 13.727905239748567], [75.5657645294181, 13.740919241516135], [75.57138968054711, 13.75555999350465], [75.61076573845025, 13.761090944255866], [75.60911128223584, 13.746124842223164], [75.62797208308021, 13.733110840455595], [75.61738356330792, 13.72302498908573], [75.62267782319407, 13.705781436743703], [75.63492079918076, 13.701226536125054], [75.63525169042364, 13.701551886169243], [75.65113447008206, 13.71879543851127], [75.67462774832678, 13.723350339129919], [75.65576694748242, 13.746124842223164], [75.66933348844064, 13.76401909465357], [75.6865398330706, 13.750029042753434], [75.68720161555636, 13.766621895007082], [75.7646301663911, 13.781587997039786], [75.76694640509129, 13.797204799160866], [75.77753492486356, 13.788420347967758], [75.80764602796597, 13.794601998807353], [75.82551415508168, 13.818677902077354], [75.87878764518592, 13.810218800928435], [75.895663098573, 13.806314600398164], [75.95224550110608, 13.81607510172384], [75.949598371163, 13.833969354154247], [75.97011362822178, 13.856418507203301], [75.98897442906615, 13.848610106142761], [76.01180592482511, 13.8684564588383], [76.01577661973971, 13.872035309324382], [76.01875464092566, 13.8684564588383], [76.02471068329757, 13.8684564588383], [76.03000494318371, 13.88570001118033], [76.02967405194083, 13.898714012947897]]]}}, {"type": "Feature", "properties": {"dt_code": "582", "district": "Chikkaballapura", "st_code": "29", "year": "2011_c", "st_nm": "Karnataka"}, "geometry": {"type": "Polygon", "coordinates": [[[77.45548441752602, 13.68235623356208], [77.49221334548609, 13.689839284578433], [77.48493373814266, 13.714891237981], [77.51405216751641, 13.713264487760053], [77.51239771130199, 13.697322335594784], [77.52530246977445, 13.691140684755188], [77.52596425226021, 13.693743485108703], [77.53655277203248, 13.730508040102082], [77.52199355734561, 13.744498092002218], [77.52695692598887, 13.753282543195326], [77.54747218304765, 13.752957193151136], [77.56070783276299, 13.72237428899735], [77.56070783276299, 13.72269963904154], [77.60008389066613, 13.750679742841811], [77.61365043162435, 13.751981143018568], [77.62787875506834, 13.734737590676541], [77.64210707851234, 13.746775542311541], [77.61894469151049, 13.754909293416272], [77.62093003896778, 13.768573995272218], [77.68015957144394, 13.786793597746813], [77.67155639912897, 13.760440244167487], [77.7033219584458, 13.769875395448974], [77.70861621833193, 13.740919241516135], [77.7172193906469, 13.741244591560324], [77.7192047381042, 13.80045829960276], [77.78141229176632, 13.818352552033165], [77.78902279035263, 13.830390503668166], [77.78240496549496, 13.84405520552411], [77.81218517735448, 13.84893545618695], [77.83700202057075, 13.869757859015058], [77.82740617452713, 13.874638109677896], [77.83567845559921, 13.88114511056168], [77.83203865192749, 13.895785862550195], [77.81350874232601, 13.914656165113168], [77.82674439204135, 13.944913719222763], [77.83898736802804, 13.935803917985465], [77.89556977056114, 13.941009518692493], [77.89590066180402, 13.920512465908573], [77.92667354739218, 13.905221013831682], [77.97002030020992, 13.959879821255466], [77.98755753608276, 13.955650270681007], [77.98027792873931, 13.927995516924925], [77.9865648623541, 13.902943563522356], [77.94917415190827, 13.886350711268708], [77.95281395557998, 13.827462353270462], [77.97597634258183, 13.829414453535598], [78.00046229455522, 13.87301135945695], [78.04612528607315, 13.862274807998707], [78.04943419850198, 13.895785862550195], [78.07888351911862, 13.88114511056168], [78.08186154030457, 13.86129875786614], [78.11461977335004, 13.862925508087084], [78.12256116317924, 13.84080170508222], [78.11362709962138, 13.807616000574921], [78.12587007560808, 13.787118947791003], [78.0914573863482, 13.742220641692892], [78.12090670696483, 13.715541938069379], [78.1132962083785, 13.692767434976135], [78.0709421292894, 13.698623735771541], [78.06564786940328, 13.676174582722485], [78.08980293013377, 13.659256380424647], [78.0871558001907, 13.642988878215188], [78.11428888210716, 13.657304280159511], [78.15598117871048, 13.658605680336269], [78.16921682842582, 13.65405077971762], [78.16822415469717, 13.632903026845323], [78.20429130017148, 13.628348126226674], [78.19535723661362, 13.59678917194032], [78.19039386797037, 13.590282171056538], [78.19105565045614, 13.58117236981924], [78.19204832418478, 13.57271326867032], [78.19304099791344, 13.56490486760978], [78.19634991034228, 13.56848371809586], [78.19734258407092, 13.567833018007484], [78.20131327898552, 13.563928817477212], [78.19800436655669, 13.55709646654924], [78.20362951768571, 13.527814962572211], [78.1877467380273, 13.513499560627887], [78.19800436655669, 13.512523510495319], [78.21024734254338, 13.471204054883291], [78.19734258407092, 13.44745350165748], [78.18245247814116, 13.420774798033966], [78.13579681289458, 13.405157995912884], [78.12454651063655, 13.38596234330572], [78.12223027193636, 13.375225791847479], [78.14274552899514, 13.375876491935855], [78.15002513633857, 13.35798223950545], [78.15035602758147, 13.350824538533288], [78.13182611797998, 13.352451288754235], [78.13083344425134, 13.328375385484234], [78.10899462222102, 13.323169784777207], [78.13645859538035, 13.304299482214233], [78.13381146543728, 13.287706629960583], [78.09178827759108, 13.31015578300964], [78.05208132844504, 13.29356293075599], [78.04678706855891, 13.278271478679097], [78.01535240048497, 13.282826379297745], [78.01138170557037, 13.30137133181653], [77.99351357845467, 13.303974132170044], [77.98457951489681, 13.286079879739638], [77.96108623665208, 13.284127779474503], [77.95612286800882, 13.269812377530178], [77.93825474089311, 13.267860277265044], [77.93494582846428, 13.246061824304366], [77.93527671970716, 13.246061824304366], [77.93097513354967, 13.244760424127609], [77.92898978609237, 13.238253423243826], [77.91409968016261, 13.236952023067069], [77.89093729316076, 13.234674572757745], [77.90549650784764, 13.250616724923015], [77.89093729316076, 13.257449075850989], [77.8740618397737, 13.244109724039232], [77.87670896971677, 13.234349222713556], [77.86347332000143, 13.241181573641528], [77.85817906011529, 13.22035917081342], [77.84990677904321, 13.219708470725042], [77.85089945277186, 13.241181573641528], [77.82145013215522, 13.25256882518815], [77.81450141605467, 13.239554823420583], [77.80755269995412, 13.243133673906664], [77.82111924091234, 13.258099775939368], [77.80887626492564, 13.261678626425448], [77.8158249810262, 13.29746713128626], [77.82939152198442, 13.290634780358287], [77.82773706577001, 13.30560088239099], [77.81019982989717, 13.31015578300964], [77.82707528328424, 13.327073985307477], [77.79034635532416, 13.351149888577478], [77.75427920984986, 13.363838540300856], [77.74402158132047, 13.35375268893099], [77.72648434544764, 13.363513190256667], [77.72846969290494, 13.351800588665856], [77.71622671691826, 13.351800588665856], [77.71093245703211, 13.366115990610181], [77.69868948104542, 13.358958289638018], [77.70001304601696, 13.337485186721532], [77.68413026635855, 13.351800588665856], [77.6669239217286, 13.347896388135585], [77.65600451071344, 13.35830758954964], [77.65765896692787, 13.398000294940722], [77.63846727484062, 13.393770744366263], [77.63383479744024, 13.375876491935855], [77.62093003896778, 13.375551141891668], [77.6126577578957, 13.387263743482478], [77.61894469151049, 13.402555195559371], [77.60736349800956, 13.40711009617802], [77.60240012936632, 13.398325644984912], [77.59909121693748, 13.415243847282749], [77.61530488783878, 13.421100148078155], [77.60306191185208, 13.441271850817886], [77.58982626213674, 13.436391600155048], [77.59148071835115, 13.41882269776883], [77.55144287796224, 13.419798747901398], [77.54846485677629, 13.436066250110859], [77.52232444858849, 13.43151134949221], [77.5041254302299, 13.445501401392345], [77.50478721271567, 13.457864703071534], [77.47136719718443, 13.469251954618157], [77.43298381300994, 13.46404635391113], [77.4154465771371, 13.4920264577114], [77.38268834409163, 13.50048555886032], [77.38632814776335, 13.514150260716265], [77.39162240764949, 13.53269521323505], [77.39096062516373, 13.533020563279239], [77.3893061689493, 13.534972663544375], [77.38268834409163, 13.542130364516536], [77.38235745284875, 13.575316069023835], [77.37408517177667, 13.589956821012349], [77.3631657607615, 13.590282171056538], [77.36217308703286, 13.62184112534289], [77.36448932573305, 13.628673476270862], [77.39724755877852, 13.673571782368972], [77.43629272543878, 13.679428083164378], [77.45548441752602, 13.68235623356208]]]}}, {"type": "Feature", "properties": {"dt_code": "574", "district": "Hassan", "st_code": "29", "year": "2011_c", "st_nm": "Karnataka"}, "geometry": {"type": "Polygon", "coordinates": [[[75.55881581331754, 12.915831529452332], [75.57238235427577, 12.934701832015305], [75.59554474127762, 12.943811633252603], [75.64253129776708, 13.031330795139496], [75.65576694748242, 13.022546343946388], [75.6905105279852, 13.033608245448821], [75.69481211414268, 13.04597154712801], [75.6964665703571, 13.036861745890713], [75.71036400255821, 13.03816314606747], [75.72790123843103, 13.023522394078956], [75.74014421441773, 13.030029394962739], [75.74246045311791, 13.069396750309632], [75.72723945594527, 13.09932895437504], [75.7384897582033, 13.110065505833282], [75.73518084577447, 13.123404857645038], [75.75371075537595, 13.136093509368418], [75.73021747713122, 13.164398963212879], [75.72889391215969, 13.183269265775852], [75.74312223560368, 13.20767051909004], [75.75834323277633, 13.217431020415717], [75.7788584898351, 13.209947969399366], [75.80566068050867, 13.216129620238961], [75.81591830903805, 13.259075826071935], [75.8390806960399, 13.251918125099772], [75.8572797143985, 13.258425125983557], [75.86158130055598, 13.240205523508962], [75.87680229772863, 13.260377226248691], [75.89930290224471, 13.266233527044097], [75.90327359715931, 13.258099775939368], [75.93603183020478, 13.256147675674232], [76.01478394601106, 13.261353276381259], [76.01643840222549, 13.250942074967204], [76.0362918767985, 13.24866462465788], [76.04290970165617, 13.323820484865585], [76.02702692199776, 13.327073985307477], [76.04158613668463, 13.37424974171491], [76.05581446012863, 13.380756742598695], [76.08890358441698, 13.371646941361398], [76.08989625814563, 13.393770744366263], [76.13952994457816, 13.40678474613383], [76.13721370587798, 13.442247900950452], [76.16236144033712, 13.469902654706534], [76.19346521716818, 13.468926604573968], [76.1871782835534, 13.452659102364507], [76.19644323835414, 13.450381652055183], [76.19809769456855, 13.468926604573968], [76.2311868188569, 13.4679505544414], [76.23383394879997, 13.50764325983248], [76.28975456884729, 13.505040459478968], [76.29306348127612, 13.527164262483833], [76.31192428212049, 13.525537512262888], [76.31589497703509, 13.539852914207213], [76.34567518889462, 13.513824910672076], [76.36255064228168, 13.530417762925726], [76.3638742072532, 13.547335965223564], [76.40060313521327, 13.526513562395454], [76.42740532588685, 13.525537512262888], [76.41516234990016, 13.508944660009238], [76.39663244029867, 13.5040644093464], [76.39597065781291, 13.493653207932345], [76.41516234990016, 13.479012455943831], [76.40689006882806, 13.459166103248291], [76.41979482730052, 13.448429551790047], [76.40060313521327, 13.4227268982991], [76.39497798408426, 13.405808696001262], [76.39034550668389, 13.391167944012748], [76.38141144312604, 13.364163890345045], [76.34699875386615, 13.359934339770586], [76.34699875386615, 13.35830758954964], [76.34699875386615, 13.352451288754235], [76.34766053635191, 13.30137133181653], [76.35229301375229, 13.294538980888557], [76.35626370866689, 13.24931532474626], [76.36453598973897, 13.234023872669367], [76.37975698691162, 13.231746422360041], [76.37082292335376, 13.200512818117879], [76.41251521995709, 13.191728366924771], [76.44494256175967, 13.169929913964094], [76.45520019028906, 13.150083561268554], [76.47306831740478, 13.149758211224365], [76.472406534919, 13.093147303535444], [76.472406534919, 13.093147303535444], [76.4945762481922, 13.09477405375639], [76.5147606140081, 13.070047450398011], [76.51575328773676, 13.068746050221254], [76.52071665638, 13.07427700097247], [76.52733448123767, 13.07883190159112], [76.60443214082954, 13.071348850574768], [76.60939550947279, 13.068746050221254], [76.61965313800218, 13.05410529823274], [76.60608659704396, 13.054755998321118], [76.60542481455819, 13.053129248100173], [76.60542481455819, 13.052478548011795], [76.60211590212936, 13.040115246332604], [76.60476303207243, 13.031981495227875], [76.61303531314451, 13.00595349169274], [76.61303531314451, 13.00595349169274], [76.61303531314451, 13.00595349169274], [76.63222700523175, 13.004326741471793], [76.6335505702033, 12.98122688833436], [76.63189611398887, 12.979925488157603], [76.61171174817298, 12.965284736169089], [76.61634422557336, 12.937304632368818], [76.60608659704396, 12.938606032545575], [76.59649075100033, 12.921362480203548], [76.59649075100033, 12.881019074724087], [76.57895351512751, 12.873210673663547], [76.57762995015598, 12.846857320084222], [76.52038576513712, 12.841326369333006], [76.51840041767981, 12.826360267300302], [76.48994377079184, 12.80651391460476], [76.49987050807835, 12.780485911069626], [76.49292179197779, 12.767146559257869], [76.48961287954896, 12.785691511776653], [76.47472277361919, 12.771701459876518], [76.45520019028906, 12.781136611158004], [76.47141386119036, 12.79870551354422], [76.44593523548832, 12.823432116902598], [76.42541997842955, 12.825058867123545], [76.42541997842955, 12.857919221586654], [76.41350789368573, 12.864426222470438], [76.40854452504249, 12.843929169686518], [76.3860439205264, 12.845230569863276], [76.38273500809757, 12.83124051796314], [76.36949935838223, 12.828637717609626], [76.36817579341069, 12.809116714958275], [76.33243953917926, 12.807815314781518], [76.33409399539369, 12.789595712306923], [76.33475577787945, 12.787643612041787], [76.34964588380922, 12.785691511776653], [76.34302805895155, 12.761290258462463], [76.35725638239553, 12.75022835696003], [76.34137360273712, 12.732008754485435], [76.36155796855302, 12.703052600552596], [76.36288153352456, 12.70142585033165], [76.35295479623805, 12.667914795780163], [76.34203538522289, 12.655876844145162], [76.34203538522289, 12.655876844145162], [76.34236627646578, 12.655226144056783], [76.32350547562142, 12.635054441317054], [76.3278070617789, 12.611303888091243], [76.32648349680737, 12.611303888091243], [76.30629913099148, 12.610327837958675], [76.3096080434203, 12.622691139637864], [76.30034308861957, 12.629198140521648], [76.28015872280366, 12.61683483884246], [76.27982783156078, 12.633753041140297], [76.25468009710164, 12.62041368932854], [76.24574603354378, 12.637006541582188], [76.2192747341131, 12.644489592598541], [76.20570819315488, 12.628872790477459], [76.2153040391985, 12.621715089505297], [76.19214165219665, 12.594060335749216], [76.19644323835414, 12.577467483495566], [76.15243470305062, 12.579744933804891], [76.15144202932197, 12.547209929385971], [76.13324301096337, 12.528664976867187], [76.11405131887614, 12.52703822664624], [76.11537488384766, 12.512722824701916], [76.08625645447391, 12.53875082823705], [76.0905580406314, 12.545583179165025], [76.05217465645691, 12.554367630358133], [76.04555683159924, 12.577142133451376], [76.01908553216855, 12.570960482611781], [76.01875464092566, 12.570635132567594], [76.01379127228242, 12.569659082435026], [75.99228334149498, 12.588854735042188], [75.98864353782326, 12.574213983053674], [75.96879006325025, 12.576816783407187], [75.97540788810792, 12.56347743159543], [75.96250312963546, 12.561199981286107], [75.9396716338765, 12.608701087737728], [75.94893658867724, 12.623667189770432], [75.9357009389619, 12.630174190654216], [75.9479439149486, 12.664010595249893], [75.94000252511938, 12.676048546884893], [75.94000252511938, 12.676373896929082], [75.95952510844951, 12.683206247857054], [75.96515025957854, 12.710861001613138], [75.94198787257669, 12.720296152894624], [75.93305380901883, 12.763893058815976], [75.97077541070756, 12.784064761555706], [75.96912095449314, 12.804887164383814], [75.93040667907576, 12.807815314781518], [75.93007578783288, 12.807815314781518], [75.93007578783288, 12.808140664825707], [75.91981815930349, 12.828312367565438], [75.91121498698851, 12.815298365797869], [75.87978031891458, 12.833843318316653], [75.86389753925617, 12.817901166151383], [75.86389753925617, 12.816599765974626], [75.86489021298482, 12.79512666305814], [75.87812586270016, 12.776907060583543], [75.85827238812715, 12.769749359611382], [75.85992684434157, 12.757386057932193], [75.84933832456929, 12.74990300691584], [75.85496347569831, 12.723549653336516], [75.8854054700436, 12.70565540090611], [75.88672903501514, 12.705004700817732], [75.8873908175009, 12.678651347238407], [75.88672903501514, 12.678000647150029], [75.88408190507207, 12.676373896929082], [75.87779497145728, 12.671818996310433], [75.84040426101144, 12.671493646266244], [75.83411732739665, 12.671493646266244], [75.83279376242511, 12.671493646266244], [75.80764602796597, 12.701751200375838], [75.7606594714765, 12.674096446619757], [75.71301113250128, 12.707607501171244], [75.69977548278594, 12.704679350773542], [75.66668635849757, 12.697521649801379], [75.64749466641034, 12.69329209922692], [75.63359723420922, 12.690038598785028], [75.63359723420922, 12.690038598785028], [75.6259867356229, 12.705330050861921], [75.65080357883917, 12.718994752717867], [75.6521271438107, 12.723224303292326], [75.6560978387253, 12.745348106297191], [75.64683288392456, 12.757060707888003], [75.63988416782401, 12.765845159081112], [75.63359723420922, 12.773328210097462], [75.61440554212197, 12.797404113367463], [75.62135425822254, 12.855316421233141], [75.60216256613529, 12.865076922558817], [75.60282434862106, 12.87548812397287], [75.5637791819608, 12.866378322735573], [75.5637791819608, 12.866703672779762], [75.56344829071791, 12.86767972291233], [75.55451422716006, 12.907372428303413], [75.55914670456043, 12.914530129275574], [75.55881581331754, 12.915831529452332]]]}}, {"type": "Feature", "properties": {"dt_code": "581", "district": "Kolar", "st_code": "29", "year": "2011_c", "st_nm": "Karnataka"}, "geometry": {"type": "Polygon", "coordinates": [[[77.93527671970716, 13.246061824304366], [77.93494582846428, 13.246061824304366], [77.93825474089311, 13.267860277265044], [77.95612286800882, 13.269812377530178], [77.96108623665208, 13.284127779474503], [77.98457951489681, 13.286079879739638], [77.99351357845467, 13.303974132170044], [78.01138170557037, 13.30137133181653], [78.01535240048497, 13.282826379297745], [78.04678706855891, 13.278271478679097], [78.05208132844504, 13.29356293075599], [78.09178827759108, 13.31015578300964], [78.13381146543728, 13.287706629960583], [78.13645859538035, 13.304299482214233], [78.10899462222102, 13.323169784777207], [78.13083344425134, 13.328375385484234], [78.13182611797998, 13.352451288754235], [78.15035602758147, 13.350824538533288], [78.15002513633857, 13.35798223950545], [78.14274552899514, 13.375876491935855], [78.12223027193636, 13.375225791847479], [78.12454651063655, 13.38596234330572], [78.13579681289458, 13.405157995912884], [78.18245247814116, 13.420774798033966], [78.19734258407092, 13.44745350165748], [78.21024734254338, 13.471204054883291], [78.19800436655669, 13.512523510495319], [78.1877467380273, 13.513499560627887], [78.20362951768571, 13.527814962572211], [78.19800436655669, 13.55709646654924], [78.20131327898552, 13.563928817477212], [78.19734258407092, 13.567833018007484], [78.19634991034228, 13.56848371809586], [78.20760021260031, 13.580521669730862], [78.21752694988682, 13.590932871144917], [78.23274794705947, 13.587028670614647], [78.23738042445983, 13.598415922161267], [78.25955013773303, 13.582473769995996], [78.32605927755262, 13.594837071675187], [78.40183337217296, 13.587354020658834], [78.40216426341584, 13.586703320570457], [78.3968700035297, 13.556120416416672], [78.37436939901362, 13.508944660009238], [78.38164900635705, 13.397024244808154], [78.36510444421288, 13.361886440035722], [78.40878208827351, 13.343016137472748], [78.3928993086151, 13.33390633623545], [78.3829725713286, 13.343666837561125], [78.37701652895669, 13.331954235970315], [78.40117158968718, 13.315361383716667], [78.42797378036076, 13.331303535881936], [78.44021675634744, 13.328375385484234], [78.44418745126205, 13.308203682744503], [78.48323261792231, 13.321217684512071], [78.4792619230077, 13.30137133181653], [78.51400550351048, 13.290634780358287], [78.53220452186908, 13.266884227132476], [78.53915323796963, 13.288031980004773], [78.56165384248571, 13.288682680093151], [78.56562453740031, 13.312107883274773], [78.57852929587277, 13.280548928988422], [78.58349266451602, 13.280548928988422], [78.5858089032162, 13.276319378413962], [78.58150731705872, 13.263956076734772], [78.56628631988607, 13.2210098709018], [78.57852929587277, 13.212876119797068], [78.55007264898478, 13.20018746807369], [78.5497417577419, 13.189776266659635], [78.5758821659297, 13.186848116261933], [78.5798528608443, 13.16732711361058], [78.55007264898478, 13.16407361316869], [78.54477838909864, 13.141949810163823], [78.51698352469643, 13.13153860874977], [78.53849145548386, 13.105835955258822], [78.50937302611011, 13.091520553314497], [78.51433639475336, 13.061913699293282], [78.46205557837776, 13.043368746774497], [78.46371003459218, 13.005302791604361], [78.47462944560733, 12.991638089748415], [78.4673498382639, 12.975045237494765], [78.4352533877042, 12.98122688833436], [78.43790051764726, 12.963983335992332], [78.4110983269737, 12.945438383473547], [78.41870882556002, 12.921687830247738], [78.43790051764726, 12.929170881264088], [78.46668805577812, 12.905420328038277], [78.46470270832083, 12.866703672779762], [78.44551101623358, 12.911927328922062], [78.41209100070235, 12.903142877728953], [78.39852445974412, 12.917458279673276], [78.38859772245762, 12.907047078259223], [78.35583948941215, 12.9408834828549], [78.33962581851085, 12.903142877728953], [78.32341214760956, 12.901841477552196], [78.3204341264236, 12.887200725563682], [78.33697868856778, 12.882320474900844], [78.31348541032305, 12.876464174105438], [78.3124927365944, 12.858569921675032], [78.26848420129089, 12.86767972291233], [78.2522705303896, 12.860522021940168], [78.24565270553192, 12.788294312130166], [78.23076259960216, 12.760639558374084], [78.13414235668017, 12.78211266129057], [78.05770647957407, 12.852062920791248], [78.05472845838811, 12.852388270835437], [78.02395557279995, 12.856617821409898], [78.0289189414432, 12.845230569863276], [78.00377120698406, 12.825709567211923], [78.01535240048497, 12.813996965621111], [78.00972724935596, 12.805863214516382], [77.98855020981141, 12.808140664825707], [77.98027792873931, 12.83514471849341], [77.96439514908091, 12.832867268184085], [77.96538782280956, 12.848158720260978], [77.95215217309422, 12.857268521498275], [77.93990919710753, 12.853038970923816], [77.94057097959329, 12.823432116902598], [77.9203866137774, 12.828312367565438], [77.92270285247758, 12.85564177127733], [77.93957830586464, 12.868981123089087], [77.94156365332195, 12.870933223354221], [77.92766622112083, 12.874837423884493], [77.93593850219293, 12.883621875077601], [77.93461493722138, 12.885248625298546], [77.93362226349274, 12.886550025475303], [77.92998245982102, 12.890454226005573], [77.91045987649089, 12.880043024591519], [77.8740618397737, 12.869957173221655], [77.86645134118739, 12.869957173221655], [77.85222301774338, 12.891104926093952], [77.86181886378701, 12.914204779231385], [77.83964915051381, 12.921687830247738], [77.83964915051381, 12.922013180291927], [77.83964915051381, 12.922013180291927], [77.87075292734487, 12.937304632368818], [77.86479688497296, 12.973743837318008], [77.88597392451751, 13.008556292046253], [77.89226085813229, 13.052153197967606], [77.91376878891973, 13.048574347481523], [77.92832800360661, 13.068420700177064], [77.94156365332195, 13.068746050221254], [77.93957830586464, 13.083712152253957], [77.93196780727833, 13.073951650928281], [77.91343789767684, 13.080784001856255], [77.90119492169015, 13.10258245481693], [77.91542324513415, 13.119175307070579], [77.93726206716445, 13.108113405568147], [77.93924741462176, 13.125031607865985], [77.95579197676594, 13.129911858528823], [77.95314484682287, 13.160494762682607], [77.96373336659514, 13.189450916615446], [77.95777732422324, 13.218732420592474], [77.94520345699367, 13.214177519973825], [77.96505693156668, 13.244109724039232], [77.93527671970716, 13.246061824304366]]]}}, {"type": "Feature", "properties": {"dt_code": "583", "district": "Bengaluru Rural", "st_code": "29", "year": "2011_c", "st_nm": "Karnataka"}, "geometry": {"type": "Polygon", "coordinates": [[[77.38632814776335, 13.514150260716265], [77.38268834409163, 13.50048555886032], [77.4154465771371, 13.4920264577114], [77.43298381300994, 13.46404635391113], [77.47136719718443, 13.469251954618157], [77.50478721271567, 13.457864703071534], [77.5041254302299, 13.445501401392345], [77.52232444858849, 13.43151134949221], [77.54846485677629, 13.436066250110859], [77.55144287796224, 13.419798747901398], [77.59148071835115, 13.41882269776883], [77.58982626213674, 13.436391600155048], [77.60306191185208, 13.441271850817886], [77.61530488783878, 13.421100148078155], [77.59909121693748, 13.415243847282749], [77.60240012936632, 13.398325644984912], [77.60736349800956, 13.40711009617802], [77.61894469151049, 13.402555195559371], [77.6126577578957, 13.387263743482478], [77.62093003896778, 13.375551141891668], [77.63383479744024, 13.375876491935855], [77.63846727484062, 13.393770744366263], [77.65765896692787, 13.398000294940722], [77.65600451071344, 13.35830758954964], [77.6669239217286, 13.347896388135585], [77.68413026635855, 13.351800588665856], [77.70001304601696, 13.337485186721532], [77.69868948104542, 13.358958289638018], [77.71093245703211, 13.366115990610181], [77.71622671691826, 13.351800588665856], [77.72846969290494, 13.351800588665856], [77.72648434544764, 13.363513190256667], [77.74402158132047, 13.35375268893099], [77.75427920984986, 13.363838540300856], [77.79034635532416, 13.351149888577478], [77.82707528328424, 13.327073985307477], [77.81019982989717, 13.31015578300964], [77.82773706577001, 13.30560088239099], [77.82939152198442, 13.290634780358287], [77.8158249810262, 13.29746713128626], [77.80887626492564, 13.261678626425448], [77.82111924091234, 13.258099775939368], [77.80755269995412, 13.243133673906664], [77.81450141605467, 13.239554823420583], [77.82145013215522, 13.25256882518815], [77.85089945277186, 13.241181573641528], [77.84990677904321, 13.219708470725042], [77.85817906011529, 13.22035917081342], [77.86347332000143, 13.241181573641528], [77.87670896971677, 13.234349222713556], [77.8740618397737, 13.244109724039232], [77.89093729316076, 13.257449075850989], [77.90549650784764, 13.250616724923015], [77.89093729316076, 13.234674572757745], [77.91409968016261, 13.236952023067069], [77.92898978609237, 13.238253423243826], [77.93097513354967, 13.244760424127609], [77.93527671970716, 13.246061824304366], [77.96505693156668, 13.244109724039232], [77.94520345699367, 13.214177519973825], [77.95777732422324, 13.218732420592474], [77.96373336659514, 13.189450916615446], [77.95314484682287, 13.160494762682607], [77.95579197676594, 13.129911858528823], [77.93924741462176, 13.125031607865985], [77.93726206716445, 13.108113405568147], [77.91542324513415, 13.119175307070579], [77.90119492169015, 13.10258245481693], [77.91343789767684, 13.080784001856255], [77.93196780727833, 13.073951650928281], [77.93957830586464, 13.083712152253957], [77.94156365332195, 13.068746050221254], [77.92832800360661, 13.068420700177064], [77.91376878891973, 13.048574347481523], [77.89226085813229, 13.052153197967606], [77.88597392451751, 13.008556292046253], [77.86479688497296, 12.973743837318008], [77.87075292734487, 12.937304632368818], [77.83964915051381, 12.922013180291927], [77.83964915051381, 12.922013180291927], [77.83964915051381, 12.921687830247738], [77.86181886378701, 12.914204779231385], [77.85222301774338, 12.891104926093952], [77.86645134118739, 12.869957173221655], [77.85983351632972, 12.869957173221655], [77.83600934684209, 12.870282523265843], [77.83104597819884, 12.866378322735573], [77.81615587226908, 12.914855479319764], [77.83236954317037, 12.926568080910574], [77.81086161238295, 12.933075081794358], [77.79762596266761, 12.918434329805844], [77.76519862086502, 12.942510233075845], [77.77909605306613, 12.970164986831927], [77.77115466323691, 13.01408724279747], [77.78108140052342, 13.03393359549301], [77.76023525222176, 13.073951650928281], [77.76486772962213, 13.107788055523958], [77.73244038781954, 13.11494575649612], [77.72449899799034, 13.126658358086932], [77.73277127906243, 13.15951871255004], [77.72549167171898, 13.192704417057339], [77.69835858980254, 13.189450916615446], [77.68413026635855, 13.203440968515581], [77.68677739630162, 13.193355117145718], [77.662953226814, 13.18391996586423], [77.65468094574192, 13.18814951643869], [77.66030609687093, 13.200838168162068], [77.61729023529607, 13.210598669487744], [77.60008389066613, 13.196608617587609], [77.57592882993563, 13.198560717852743], [77.57427437372121, 13.198886067896932], [77.56666387513489, 13.201488868250447], [77.56964189632085, 13.216129620238961], [77.55673713784839, 13.219383120680853], [77.55905337654856, 13.231746422360041], [77.54548683559034, 13.23239712244842], [77.52232444858849, 13.208971919266798], [77.51140503757334, 13.22849292191815], [77.4799703694994, 13.223287321211123], [77.4677273935127, 13.162446862947743], [77.4316602480384, 13.165049663301257], [77.40849786103655, 13.123730207689228], [77.39393864634968, 13.118199256938013], [77.41776281583729, 13.104859905126254], [77.41610835962288, 13.093147303535444], [77.42868222685244, 13.08664030265166], [77.42868222685244, 13.08598960256328], [77.4237188582092, 13.0703728004422], [77.38401190906318, 13.067119300000307], [77.38401190906318, 13.066143249867741], [77.39393864634968, 13.053129248100173], [77.38897527770642, 13.026450544476658], [77.3754087367482, 13.028727994785983], [77.36978358561917, 13.01343654270909], [77.37176893307648, 12.992288789836792], [77.34959921980328, 12.975695937583144], [77.34761387234599, 12.974394537406386], [77.34265050370273, 12.975370587538954], [77.33106931020181, 12.974394537406386], [77.33040752771603, 12.97732268780409], [77.32246613788683, 13.00595349169274], [77.32213524664395, 13.008230942002063], [77.33106931020181, 13.043043396730308], [77.32842218025874, 13.05020109770247], [77.3108849443859, 13.0462968971722], [77.31419385681474, 13.106161305303011], [77.29268592602732, 13.110065505833282], [77.2847445361981, 13.134466759147472], [77.26853086529681, 13.118849957026391], [77.27514869015448, 13.152686361622067], [77.21757361389275, 13.144877960561526], [77.20367618169163, 13.184570665952608], [77.20301439920587, 13.184570665952608], [77.20764687660625, 13.196608617587609], [77.18283003338998, 13.22881827196234], [77.1924258794336, 13.243459023950853], [77.18349181587574, 13.257774425895178], [77.188455184519, 13.276319378413962], [77.21922807010716, 13.262980026602206], [77.22915480739367, 13.31340928345153], [77.24933917320956, 13.301696681860719], [77.26985443026835, 13.311131833142205], [77.28176651501215, 13.29746713128626], [77.28110473252639, 13.310481133053827], [77.30856870568573, 13.310806483098016], [77.31187761811456, 13.322193734644639], [77.33867980878813, 13.329026085572611], [77.34595941613156, 13.417521297592074], [77.36283486951862, 13.420124097945587], [77.34860654607463, 13.457214002983156], [77.3734233892909, 13.470228004750723], [77.38632814776335, 13.514150260716265]]]}}, {"type": "Feature", "properties": {"dt_code": "575", "district": "Dakshina Kannada", "st_code": "29", "year": "2011_c", "st_nm": "Karnataka"}, "geometry": {"type": "Polygon", "coordinates": [[[74.77625802389797, 13.071674200618958], [74.7775815888695, 13.10290780486112], [74.79180991231348, 13.096726154021525], [74.79842773717115, 13.104209205037877], [74.79214080355636, 13.116897856761256], [74.8096780394292, 13.113319006275175], [74.82622260157338, 13.129586508484634], [74.8599735083475, 13.127959758263689], [74.8781725267061, 13.095424753844767], [74.91192343348021, 13.108113405568147], [74.91059986850868, 13.132840008926525], [74.9281371043815, 13.147806110959229], [74.92979156059593, 13.14715541087085], [74.9364093854536, 13.145203310605716], [74.94269631906839, 13.14325121034058], [74.94137275409685, 13.138045609633553], [74.95163038262623, 13.123730207689228], [74.9542775125693, 13.121452757379904], [74.97479276962808, 13.129586508484634], [74.99431535295821, 13.157241262240715], [75.01516150125988, 13.130887908661391], [75.0366694320473, 13.141624460119635], [75.05850825407762, 13.13153860874977], [75.08365598853678, 13.145854010694094], [75.0810088585937, 13.161796162859364], [75.09755342073788, 13.165049663301257], [75.12071580773973, 13.136418859412608], [75.1150906566107, 13.13121325870558], [75.15016512835636, 13.125031607865985], [75.2057548571608, 13.177087614936257], [75.2057548571608, 13.177087614936257], [75.2057548571608, 13.177087614936257], [75.20740931337522, 13.153337061710445], [75.21733605066173, 13.156590562152337], [75.25241052240739, 13.128935808396255], [75.27755825686653, 13.126983708131121], [75.28483786420996, 13.13511745923585], [75.29443371025359, 13.124380907777606], [75.31660342352679, 13.136418859412608], [75.32818461702772, 13.170905964096661], [75.34671452662919, 13.181317165510716], [75.38013454216043, 13.179039715201393], [75.38906860571828, 13.17155666418504], [75.40428960289093, 13.155289161975581], [75.40726762407688, 13.111692256054228], [75.4248048599497, 13.1064866553472], [75.43373892350756, 13.121778107424094], [75.44498922576561, 13.104859905126254], [75.455246854295, 13.110065505833282], [75.47079874271051, 13.097051504065714], [75.47046785146763, 13.077530501414362], [75.47973280626837, 13.077205151370173], [75.48601973988316, 13.092496603447065], [75.51513816925691, 13.066143249867741], [75.53267540512974, 13.004652091515982], [75.51414549552827, 12.978949438025035], [75.55616868337448, 12.942835583120035], [75.55683046586024, 12.912903379054628], [75.55881581331754, 12.915831529452332], [75.55914670456043, 12.914530129275574], [75.55451422716006, 12.907372428303413], [75.56344829071791, 12.86767972291233], [75.5637791819608, 12.866703672779762], [75.5637791819608, 12.866378322735573], [75.60282434862106, 12.87548812397287], [75.60216256613529, 12.865076922558817], [75.62135425822254, 12.855316421233141], [75.61440554212197, 12.797404113367463], [75.63359723420922, 12.773328210097462], [75.63988416782401, 12.765845159081112], [75.64683288392456, 12.757060707888003], [75.6560978387253, 12.745348106297191], [75.6521271438107, 12.723224303292326], [75.65080357883917, 12.718994752717867], [75.6259867356229, 12.705330050861921], [75.63359723420922, 12.690038598785028], [75.63359723420922, 12.690038598785028], [75.64749466641034, 12.69329209922692], [75.66668635849757, 12.697521649801379], [75.64186951528131, 12.633102341051918], [75.65444338251089, 12.618461589063404], [75.65808318618261, 12.603170136986513], [75.66403922855451, 12.578768883672323], [75.67065705341219, 12.551114129916241], [75.66800992346911, 12.549162029651105], [75.6643701197974, 12.546559229297593], [75.61473643336487, 12.510120024348401], [75.59091226387724, 12.540052228413808], [75.55616868337448, 12.501335573155293], [75.5657645294181, 12.486044121078402], [75.52903560145802, 12.499383472890159], [75.52374134157189, 12.489948321608672], [75.4932993472266, 12.483766670769077], [75.48999043479776, 12.460016117543265], [75.46451180909574, 12.472054069178267], [75.46186467915267, 12.487996221343536], [75.47245319892494, 12.499383472890159], [75.43440070599333, 12.530291727088132], [75.42877555486432, 12.51500027501124], [75.41653257887762, 12.515325625055429], [75.41620168763474, 12.499708822934348], [75.41620168763474, 12.499708822934348], [75.38178899837484, 12.501986273243672], [75.36789156617374, 12.491900421873806], [75.37219315233122, 12.476934319841105], [75.35995017634453, 12.464896368206103], [75.3364568980998, 12.464245668117725], [75.33215531194232, 12.499708822934348], [75.30436044754009, 12.503287673420429], [75.30303688256856, 12.522808676071781], [75.2802053868096, 12.524110076248537], [75.26961686703733, 12.549487379695295], [75.27193310573752, 12.570309782523404], [75.28384519048132, 12.570960482611781], [75.28980123285322, 12.58397448437935], [75.3146180760695, 12.573888633009485], [75.32520659584176, 12.59210823548408], [75.31130916364066, 12.591132185351512], [75.27855093059519, 12.617485538930836], [75.27325667070905, 12.61683483884246], [75.23752041647762, 12.568357682258268], [75.22031407184768, 12.568357682258268], [75.20873287834675, 12.59243358552827], [75.20046059727467, 12.588854735042188], [75.20906376958963, 12.601543386765567], [75.19847524981736, 12.613255988356377], [75.2017841622462, 12.628872790477459], [75.16108453937153, 12.621064389416919], [75.13759126112679, 12.64481494264273], [75.16042275688575, 12.671493646266244], [75.15016512835636, 12.673771096575567], [75.15248136705655, 12.682230197724488], [75.13295878372642, 12.674421796663946], [75.11178174418187, 12.68092879754773], [75.1054948105671, 12.698172349889758], [75.08531044475119, 12.705330050861921], [75.08531044475119, 12.673771096575567], [75.06909677384989, 12.664010595249893], [75.04659616933381, 12.666613395603406], [75.03964745323326, 12.686459748298947], [75.0548684504059, 12.694593499403677], [75.05023597300554, 12.719320102762056], [75.00093317781588, 12.715415902231786], [75.01119080634528, 12.728104553955164], [74.98240326821441, 12.73851575536922], [75.00953635013086, 12.767471909302056], [75.00324941651607, 12.79089711248368], [75.0025876340303, 12.791222462527868], [74.99828604787282, 12.78601686182084], [74.98935198431496, 12.79512666305814], [74.9886902018292, 12.793825262881382], [74.98736663685766, 12.783088711423138], [74.9827341594573, 12.781461961202194], [74.97810168205692, 12.779835210981247], [74.9685058360133, 12.776581710539354], [74.96387335861293, 12.780160561025436], [74.93310047302477, 12.780485911069626], [74.88247411286358, 12.7541325574903], [74.86890757190535, 12.759012808153138], [74.86493687699075, 12.760314208329895], [74.8235754716303, 12.846857320084222], [74.77625802389797, 13.071674200618958]]]}}, {"type": "Feature", "properties": {"dt_code": "572", "district": "Bengaluru Urban", "st_code": "29", "year": "2011_c", "st_nm": "Karnataka"}, "geometry": {"type": "Polygon", "coordinates": [[[77.33106931020181, 12.974394537406386], [77.34265050370273, 12.975370587538954], [77.34761387234599, 12.974394537406386], [77.34959921980328, 12.975695937583144], [77.37176893307648, 12.992288789836792], [77.36978358561917, 13.01343654270909], [77.3754087367482, 13.028727994785983], [77.38897527770642, 13.026450544476658], [77.39393864634968, 13.053129248100173], [77.38401190906318, 13.066143249867741], [77.38401190906318, 13.067119300000307], [77.4237188582092, 13.0703728004422], [77.42868222685244, 13.08598960256328], [77.42868222685244, 13.08664030265166], [77.41610835962288, 13.093147303535444], [77.41776281583729, 13.104859905126254], [77.39393864634968, 13.118199256938013], [77.40849786103655, 13.123730207689228], [77.4316602480384, 13.165049663301257], [77.4677273935127, 13.162446862947743], [77.4799703694994, 13.223287321211123], [77.51140503757334, 13.22849292191815], [77.52232444858849, 13.208971919266798], [77.54548683559034, 13.23239712244842], [77.55905337654856, 13.231746422360041], [77.55673713784839, 13.219383120680853], [77.56964189632085, 13.216129620238961], [77.56666387513489, 13.201488868250447], [77.57427437372121, 13.198886067896932], [77.57592882993563, 13.198560717852743], [77.60008389066613, 13.196608617587609], [77.61729023529607, 13.210598669487744], [77.66030609687093, 13.200838168162068], [77.65468094574192, 13.18814951643869], [77.662953226814, 13.18391996586423], [77.68677739630162, 13.193355117145718], [77.68413026635855, 13.203440968515581], [77.69835858980254, 13.189450916615446], [77.72549167171898, 13.192704417057339], [77.73277127906243, 13.15951871255004], [77.72449899799034, 13.126658358086932], [77.73244038781954, 13.11494575649612], [77.76486772962213, 13.107788055523958], [77.76023525222176, 13.073951650928281], [77.78108140052342, 13.03393359549301], [77.77115466323691, 13.01408724279747], [77.77909605306613, 12.970164986831927], [77.76519862086502, 12.942510233075845], [77.79762596266761, 12.918434329805844], [77.81086161238295, 12.933075081794358], [77.83236954317037, 12.926568080910574], [77.81615587226908, 12.914855479319764], [77.83104597819884, 12.866378322735573], [77.8158249810262, 12.854015021056384], [77.80523646125393, 12.848809420349356], [77.79894952763914, 12.851737570747058], [77.79299348526723, 12.84295311955395], [77.79266259402435, 12.842627769509761], [77.79233170278147, 12.842302419465572], [77.80986893865429, 12.83156586800733], [77.7996113101249, 12.805212514428003], [77.80854537368276, 12.796753413279085], [77.77876516182324, 12.767797259346246], [77.79332437651011, 12.74990300691584], [77.79299348526723, 12.749252306827461], [77.76321327340771, 12.736889005148273], [77.76122792595041, 12.727453853866786], [77.77446357566575, 12.724200353424894], [77.76188970843619, 12.697521649801379], [77.7374037564628, 12.697846999845568], [77.73905821267722, 12.672795046443001], [77.73839643019144, 12.672795046443001], [77.71159423951788, 12.683206247857054], [77.70266017596002, 12.661407794896379], [77.67850511522953, 12.66043174476381], [77.67651976777222, 12.679627397370973], [77.65997520562804, 12.683856947945433], [77.60074567315189, 12.667914795780163], [77.61530488783878, 12.709234251392191], [77.59412784829422, 12.722248253159758], [77.56732565762066, 12.701100500287462], [77.5564062466055, 12.730707354308677], [77.56898011383507, 12.72973130417611], [77.57592882993563, 12.751529757136787], [77.59478963077999, 12.752505807269355], [77.59743676072306, 12.765845159081112], [77.59181160959403, 12.773002860053273], [77.580561307336, 12.787318261997598], [77.56534031016335, 12.759012808153138], [77.56004605027722, 12.784390111599896], [77.5626931802203, 12.787318261997598], [77.55872248530568, 12.791222462527868], [77.5504502042336, 12.79903086358841], [77.54846485677629, 12.800657613809355], [77.54813396553341, 12.79870551354422], [77.54416327061881, 12.775931010450977], [77.55243555169089, 12.772352159964896], [77.54085435818997, 12.75022835696003], [77.5342365333323, 12.756084657755435], [77.52133177485985, 12.732334104529624], [77.51372127627351, 12.75022835696003], [77.50478721271567, 12.732334104529624], [77.47368343588461, 12.757060707888003], [77.47765413079921, 12.781461961202194], [77.46938184972713, 12.79512666305814], [77.48460284689978, 12.800657613809355], [77.4799703694994, 12.808791364914086], [77.45151372261141, 12.818226516195573], [77.4359618341959, 12.81041811513503], [77.43331470425282, 12.823432116902598], [77.41941727205172, 12.826360267300302], [77.43794718165319, 12.850110820526114], [77.42669687939515, 12.850436170570303], [77.41842459832306, 12.869631823177466], [77.43000579182399, 12.87548812397287], [77.41048320849386, 12.876789524149627], [77.3793794316628, 12.854991071188952], [77.3654819994617, 12.8715839234426], [77.33504000511641, 12.878416274370574], [77.33338554890199, 12.88785142565206], [77.34331228618849, 12.88817677569625], [77.3393415912739, 12.944136983296792], [77.33106931020181, 12.974394537406386]]]}}, {"type": "Feature", "properties": {"dt_code": "576", "district": "Kodagu", "st_code": "29", "year": "2011_c", "st_nm": "Karnataka"}, "geometry": {"type": "Polygon", "coordinates": [[[75.66668635849757, 12.697521649801379], [75.69977548278594, 12.704679350773542], [75.71301113250128, 12.707607501171244], [75.7606594714765, 12.674096446619757], [75.80764602796597, 12.701751200375838], [75.83279376242511, 12.671493646266244], [75.83411732739665, 12.671493646266244], [75.84040426101144, 12.671493646266244], [75.87779497145728, 12.671818996310433], [75.88408190507207, 12.676373896929082], [75.88672903501514, 12.678000647150029], [75.8873908175009, 12.678651347238407], [75.88672903501514, 12.705004700817732], [75.8854054700436, 12.70565540090611], [75.85496347569831, 12.723549653336516], [75.84933832456929, 12.74990300691584], [75.85992684434157, 12.757386057932193], [75.85827238812715, 12.769749359611382], [75.87812586270016, 12.776907060583543], [75.86489021298482, 12.79512666305814], [75.86389753925617, 12.816599765974626], [75.86389753925617, 12.817901166151383], [75.87978031891458, 12.833843318316653], [75.91121498698851, 12.815298365797869], [75.91981815930349, 12.828312367565438], [75.93007578783288, 12.808140664825707], [75.93007578783288, 12.807815314781518], [75.93040667907576, 12.807815314781518], [75.96912095449314, 12.804887164383814], [75.97077541070756, 12.784064761555706], [75.93305380901883, 12.763893058815976], [75.94198787257669, 12.720296152894624], [75.96515025957854, 12.710861001613138], [75.95952510844951, 12.683206247857054], [75.94000252511938, 12.676373896929082], [75.94000252511938, 12.676048546884893], [75.9479439149486, 12.664010595249893], [75.9357009389619, 12.630174190654216], [75.94893658867724, 12.623667189770432], [75.9396716338765, 12.608701087737728], [75.96250312963546, 12.561199981286107], [75.97540788810792, 12.56347743159543], [75.96879006325025, 12.576816783407187], [75.98864353782326, 12.574213983053674], [75.99228334149498, 12.588854735042188], [76.01379127228242, 12.569659082435026], [76.01875464092566, 12.570635132567594], [76.01246770731088, 12.554367630358133], [75.9919524502521, 12.562176031418673], [75.99261423273786, 12.560874631241917], [75.99890116635265, 12.547535279430159], [75.98334927793714, 12.540377578457997], [75.9939377977094, 12.522157975983403], [75.97540788810792, 12.519880525674077], [75.95820154347798, 12.49059902169705], [75.97143719319332, 12.450906316305968], [75.97143719319332, 12.45025561621759], [75.96382669460701, 12.447978165908266], [75.92908311410423, 12.439519064759347], [75.92809044037558, 12.437241614450022], [75.9095605307741, 12.400151709412453], [75.90856785704545, 12.398199609147317], [75.91055320450275, 12.396247508882183], [75.92213439800368, 12.384209557247182], [75.96051778217817, 12.343866151767722], [76.00121740505284, 12.330526799955965], [75.99459958019517, 12.317512798188398], [76.01445305476818, 12.292460844785829], [76.02471068329757, 12.248863938864476], [76.06210139374342, 12.249189288908665], [76.10180834288944, 12.197133281838394], [76.13324301096337, 12.191602331087179], [76.14416242197854, 12.154512426049608], [76.1709646126521, 12.118723921188797], [76.1891636310107, 12.050075061864877], [76.18287669739591, 12.03250615947866], [76.15210381180773, 12.019492157711092], [76.15111113807909, 12.018516107578524], [76.15011846435044, 12.017540057445958], [76.11372042763324, 11.9801248023642], [76.07004278357262, 11.96711080059663], [76.00320275251015, 11.93132229573582], [75.93702450393343, 11.941733497149874], [75.93669361269055, 11.940757447017306], [75.87018447287096, 11.952144698563929], [75.84702208586911, 11.982076902629334], [75.82948484999628, 11.984679702982849], [75.8228670251386, 12.012985156827309], [75.8010282031083, 12.037061060097308], [75.79441037825063, 12.054629962483526], [75.79407948700775, 12.055606012616094], [75.79407948700775, 12.055931362660282], [75.80268265932271, 12.079356565841904], [75.75371075537595, 12.085538216681499], [75.71466558871569, 12.070572114648796], [75.71797450114452, 12.085538216681499], [75.70209172148611, 12.092370567609473], [75.70341528645766, 12.108312719774743], [75.66172298985433, 12.098552218449067], [75.64881823138187, 12.108638069818932], [75.63591347290941, 12.148330775210015], [75.61936891076523, 12.155813826226366], [75.59256672009167, 12.147029375033258], [75.57701483167614, 12.156789876358934], [75.55252887970275, 12.191927681131366], [75.53267540512974, 12.200386782280287], [75.5396241212303, 12.215678234357178], [75.48502706615452, 12.289858044432314], [75.41421634017743, 12.289532694388127], [75.41454723142031, 12.290183394476504], [75.43043001107873, 12.307101596774343], [75.43175357605026, 12.308728346995288], [75.41057653650572, 12.347119652209614], [75.42149594752087, 12.372822305700561], [75.37914186843177, 12.392343308351913], [75.36590621871643, 12.411864311003264], [75.36590621871643, 12.457738667233942], [75.36623710995931, 12.457738667233942], [75.39337019187577, 12.451557016394347], [75.42248862124953, 12.472704769266644], [75.42050327379222, 12.487020171210968], [75.41620168763474, 12.499708822934348], [75.41620168763474, 12.499708822934348], [75.41653257887762, 12.515325625055429], [75.42877555486432, 12.51500027501124], [75.43440070599333, 12.530291727088132], [75.47245319892494, 12.499383472890159], [75.46186467915267, 12.487996221343536], [75.46451180909574, 12.472054069178267], [75.48999043479776, 12.460016117543265], [75.4932993472266, 12.483766670769077], [75.52374134157189, 12.489948321608672], [75.52903560145802, 12.499383472890159], [75.5657645294181, 12.486044121078402], [75.55616868337448, 12.501335573155293], [75.59091226387724, 12.540052228413808], [75.61473643336487, 12.510120024348401], [75.6643701197974, 12.546559229297593], [75.66800992346911, 12.549162029651105], [75.67065705341219, 12.551114129916241], [75.66403922855451, 12.578768883672323], [75.65808318618261, 12.603170136986513], [75.65444338251089, 12.618461589063404], [75.64186951528131, 12.633102341051918], [75.66668635849757, 12.697521649801379]]]}}, {"type": "Feature", "properties": {"dt_code": "578", "district": "Chamarajanagara", "st_code": "29", "year": "2011_c", "st_nm": "Karnataka"}, "geometry": {"type": "Polygon", "coordinates": [[[76.41383878492861, 11.758886772315545], [76.41416967617151, 11.758886772315545], [76.42277284848647, 11.776130324657572], [76.42277284848647, 11.776455674701761], [76.41317700244285, 11.787842926248384], [76.42872889085838, 11.795651327308924], [76.40986809001402, 11.811268129430006], [76.46214890638961, 11.792723176911222], [76.46876673124729, 11.819076530490547], [76.49259090073491, 11.822330030932438], [76.49126733576337, 11.861046686190953], [76.53461408858111, 11.873409987870142], [76.55347488942547, 11.85876923588163], [76.55678380185431, 11.89488309078663], [76.57663727642732, 11.92351389467528], [76.55744558434007, 11.948891198122036], [76.57829173264174, 11.98825855346893], [76.64281552500404, 11.983052952761902], [76.65108780607612, 12.008104906164471], [76.69443455889386, 12.000621855148118], [76.70502307866614, 11.985330403071227], [76.71726605465282, 11.985005053027038], [76.74075933289757, 12.009406306341226], [76.79370193175893, 11.986306453203794], [76.7920474755445, 12.010707706517984], [76.81157005887464, 12.026975208727444], [76.82017323118961, 12.027300558771634], [76.82116590491826, 12.011033056562173], [76.83638690209091, 11.99997115505974], [76.8565712679068, 11.99964580501555], [76.88304256733748, 12.015587957180822], [76.88568969728055, 12.001272555236497], [76.90421960688204, 11.998995104927173], [76.93598516619885, 12.013310506871498], [76.9389631873848, 12.026324508639066], [76.91513901789719, 12.025999158594876], [76.89065306592381, 12.058208812969607], [76.85359324672085, 12.059835563190553], [76.87013780886502, 12.063089063632445], [76.88403524106614, 12.082610066283797], [76.8767556337227, 12.115145070702717], [76.84565185689165, 12.11319297043758], [76.83142353344765, 12.132063273000554], [76.84068848824839, 12.156139176270555], [76.85359324672085, 12.159392676712447], [76.84565185689165, 12.167526427817178], [76.85160789926356, 12.178913679363799], [76.87146137383657, 12.17403342870096], [76.87146137383657, 12.141498424282041], [76.8909839571667, 12.121001371498123], [76.9488899246713, 12.0975761683165], [76.98925865630311, 12.140522374149473], [76.99289845997482, 12.175660178921907], [76.99356024246059, 12.175660178921907], [77.00381787098998, 12.160043376800825], [77.01407549951936, 12.163296877242718], [77.01606084697667, 12.13401537326569], [77.01606084697667, 12.1336900232215], [77.03690699527833, 12.139220973972717], [77.03988501646428, 12.128484422514473], [77.04484838510754, 12.169153178038123], [77.08455533425357, 12.1909516309988], [77.1222769359423, 12.197133281838394], [77.1341890206861, 12.226089435771232], [77.1341890206861, 12.226740135859611], [77.13253456447168, 12.229342936213124], [77.1239313921567, 12.242682288024882], [77.10837950374118, 12.240730187759747], [77.10837950374118, 12.240730187759747], [77.16992527491752, 12.25992584036691], [77.16661636248868, 12.310029747172045], [77.16661636248868, 12.310029747172045], [77.22518411247907, 12.303522746288262], [77.26786908281105, 12.314259297746505], [77.30261266331382, 12.298642495625424], [77.32610594155855, 12.307426946818532], [77.32676772404432, 12.307752296862722], [77.34629030737445, 12.282374993415964], [77.37077625934783, 12.281073593239206], [77.41511568589422, 12.285628493857855], [77.42669687939515, 12.286929894034612], [77.43033668306687, 12.287255244078802], [77.43232203052418, 12.283025693504342], [77.44820481018257, 12.250165339041233], [77.47103630594154, 12.243658338157449], [77.47235987091308, 12.242031587936504], [77.47831591328499, 12.240079487671368], [77.47765413079921, 12.23552458705272], [77.4720289796702, 12.207869833296638], [77.47235987091308, 12.207869833296638], [77.47335254464173, 12.207219133208259], [77.50511810395855, 12.19843468201515], [77.53489831581807, 12.200386782280287], [77.55276644293377, 12.202013532501232], [77.6086870629811, 12.205917733031502], [77.60967973670975, 12.206243083075691], [77.6106724104384, 12.206243083075691], [77.61365043162435, 12.205592382987312], [77.72648434544764, 12.181516479717313], [77.73012414911936, 12.180540429584745], [77.73012414911936, 12.180540429584745], [77.73144771409089, 12.180215079540556], [77.74666871126354, 12.155813826226366], [77.74964673244949, 12.138570273884339], [77.77644892312306, 12.112216920305013], [77.70894710957481, 12.036085009964742], [77.67552709404357, 11.952144698563929], [77.65335738077037, 11.954747498917442], [77.62390806015374, 11.944661647547576], [77.58684824095079, 11.939456046840549], [77.56103872400587, 11.942058847194064], [77.53787633700402, 11.932623695912577], [77.49486047542916, 11.944010947459198], [77.49452958418628, 11.94336024737082], [77.48625730311419, 11.887400039770277], [77.46144045989791, 11.900088691493657], [77.46673471978406, 11.847056634290817], [77.42735866188092, 11.76083887258068], [77.39426953759256, 11.787842926248384], [77.36482021697593, 11.790445726601897], [77.36051863081845, 11.779709175143653], [77.33504000511641, 11.771250073994734], [77.29367859975596, 11.808990679120681], [77.28805344862694, 11.800531577971762], [77.24967006445246, 11.81322022969514], [77.23841976219441, 11.794675277176356], [77.11069574244137, 11.77352752430406], [77.11764445854192, 11.721146167189598], [77.08025374809608, 11.736112269222302], [77.05642957860846, 11.769948673817979], [77.0696652283238, 11.782311975497167], [77.06304740346613, 11.790445726601897], [77.04650284132195, 11.787842926248384], [77.03492164782104, 11.769948673817979], [77.02896560544913, 11.774828924480815], [77.03856145149275, 11.794024577087978], [77.01275193454784, 11.814846979916087], [76.98197904895967, 11.811593479474196], [76.96973607297298, 11.77710637479014], [76.95385329331457, 11.792072476822844], [76.90785941055375, 11.795325977264735], [76.88833682722363, 11.733834818912976], [76.86252731027871, 11.711060315819733], [76.83506333711938, 11.65542545826338], [76.83473244587648, 11.639483306098109], [76.85822572412123, 11.614106002651353], [76.84697542186318, 11.594585], [76.82381303486133, 11.607599001767568], [76.75697300379886, 11.618660903270001], [76.61402798687317, 11.607599001767568], [76.59218916484285, 11.618660903270001], [76.57663727642732, 11.614756702739731], [76.55976182304026, 11.622565103800271], [76.55049686823952, 11.674295760826354], [76.51178259282214, 11.705204015024327], [76.48167148971974, 11.692515363300949], [76.45817821147502, 11.664535259500678], [76.41714769735745, 11.671692960472841], [76.41681680611457, 11.671692960472841], [76.41648591487169, 11.672343660561218], [76.404242938885, 11.70845751546622], [76.40325026515634, 11.711060315819733], [76.42740532588685, 11.726026417852436], [76.41052987249978, 11.742293920061895], [76.41052987249978, 11.742293920061895], [76.41052987249978, 11.742619270106085], [76.41383878492861, 11.758886772315545]]]}}, {"type": "Feature", "properties": {"dt_code": "571", "district": "Tumakuru", "st_code": "29", "year": "2011_c", "st_nm": "Karnataka"}, "geometry": {"type": "MultiPolygon", "coordinates": [[[[77.08058463933897, 13.0703728004422], [77.08058463933897, 13.07069815048639], [77.08223909555338, 13.073626300884092], [77.08223909555338, 13.073951650928281], [77.08256998679626, 13.073300950839903], [77.08290087803914, 13.072324900707335], [77.08323176928204, 13.071023500530579], [77.08058463933897, 13.0703728004422]]], [[[76.35295479623805, 13.579545619598294], [76.37347005329683, 13.59321032145424], [76.38273500809757, 13.576942819244781], [76.39961046148463, 13.594837071675187], [76.41317700244285, 13.578244219421537], [76.43038334707279, 13.59321032145424], [76.45520019028906, 13.590932871144917], [76.46082534141809, 13.618912974945188], [76.50020139932123, 13.62184112534289], [76.53395230609534, 13.650797279275729], [76.52965071993786, 13.66608873135262], [76.53990834846725, 13.663160580954917], [76.57663727642732, 13.690164634622622], [76.56935766908389, 13.71456588793681], [76.62097670297372, 13.734086890588163], [76.62991076653158, 13.713589837804243], [76.67292662810644, 13.71879543851127], [76.68516960409313, 13.69048998466681], [76.68450782160735, 13.729857340013703], [76.69807436256559, 13.77150214566992], [76.7238838795105, 13.79980759951438], [76.73116348685394, 13.784516147437488], [76.74903161396965, 13.780611946907218], [76.76458350238518, 13.781913347083975], [76.76888508854266, 13.795252698895732], [76.76656884984249, 13.835921454419381], [76.72289120578185, 13.898388662903708], [76.75234052639848, 13.906522414008437], [76.74936250521253, 13.916282915334113], [76.76458350238518, 13.924416666438844], [76.81554075378925, 13.915957565289924], [76.81123916763175, 13.936454618073844], [76.84995344304913, 13.963458671741547], [76.8486298780776, 13.980376874039386], [76.82348214361845, 13.99436692593952], [76.83737957581955, 14.018117479165333], [76.8727849388081, 14.009333027972223], [76.88866771846651, 14.048049683230738], [76.91017564925394, 14.0643171854402], [76.92308040772639, 14.057159484468036], [76.92837466761253, 14.077981887296144], [76.94822814218554, 14.094574739549794], [76.94855903342842, 14.09197193919628], [76.9733758766447, 14.083512838047362], [76.97271409415893, 14.060412984909927], [76.93234536252713, 14.053905984026144], [76.9310217975556, 14.030155430800333], [76.9995162848325, 13.99046272540925], [76.99389113370347, 13.962482621608979], [77.0415394726787, 13.933526467676142], [77.04716462380773, 13.906522414008437], [77.02300956307722, 13.902618213478167], [77.01407549951936, 13.860322707733571], [76.99223667748906, 13.84893545618695], [76.97800835404506, 13.826811653182084], [76.97635389783065, 13.817376501900597], [76.98958954754599, 13.812821601281948], [76.98528796138851, 13.790697798277083], [76.99852361110385, 13.745474142134785], [77.01639173821955, 13.738641791206812], [77.02433312804877, 13.77931054673046], [77.043524820136, 13.777683796509516], [77.06470185968055, 13.743847391913839], [77.08554800798221, 13.742545991737082], [77.09051137662547, 13.767272595095461], [77.17290329610347, 13.762066994388434], [77.1785284472325, 13.782889397216543], [77.15768229893082, 13.805989250353976], [77.16860170994599, 13.829739803579788], [77.12823297831419, 13.856418507203301], [77.14775556164432, 13.8684564588383], [77.16860170994599, 13.86455225830803], [77.16198388508832, 13.906522414008437], [77.18481538084728, 13.925067366527221], [77.19077142321919, 13.912053364759654], [77.18150646841845, 13.869757859015058], [77.2003672692628, 13.862925508087084], [77.21327202773526, 13.886350711268708], [77.21988985259293, 13.867805758749924], [77.23577263225134, 13.904244963699114], [77.24834649948092, 13.90131681330141], [77.24636115202362, 13.867805758749924], [77.25926591049608, 13.863250858131273], [77.25661878055301, 13.846658005877625], [77.28838433986982, 13.847634056010193], [77.31154672687168, 13.866504358573167], [77.32544415907279, 13.833318654065868], [77.36250397827574, 13.854141056893976], [77.38202656160587, 13.839500304905464], [77.43265292176706, 13.843404505435734], [77.41643925086576, 13.808917400751678], [77.41710103335153, 13.808592050707489], [77.41610835962288, 13.806639950442353], [77.42504242318073, 13.802085049823706], [77.42272618448055, 13.799156899426002], [77.43463826922435, 13.797204799160866], [77.4359618341959, 13.796879449116679], [77.43695450792454, 13.796879449116679], [77.44522678899662, 13.811194851061003], [77.46342580735522, 13.806314600398164], [77.45647709125467, 13.788745698011947], [77.47070541469866, 13.758162793858164], [77.46508026356965, 13.71098703745073], [77.45019015763988, 13.71098703745073], [77.45449174379736, 13.68626043409235], [77.45548441752602, 13.68235623356208], [77.43629272543878, 13.679428083164378], [77.39724755877852, 13.673571782368972], [77.36448932573305, 13.628673476270862], [77.36217308703286, 13.62184112534289], [77.3631657607615, 13.590282171056538], [77.37408517177667, 13.589956821012349], [77.38235745284875, 13.575316069023835], [77.38268834409163, 13.542130364516536], [77.3893061689493, 13.534972663544375], [77.39096062516373, 13.533020563279239], [77.39162240764949, 13.53269521323505], [77.38632814776335, 13.514150260716265], [77.3734233892909, 13.470228004750723], [77.34860654607463, 13.457214002983156], [77.36283486951862, 13.420124097945587], [77.34595941613156, 13.417521297592074], [77.33867980878813, 13.329026085572611], [77.31187761811456, 13.322193734644639], [77.30856870568573, 13.310806483098016], [77.28110473252639, 13.310481133053827], [77.28176651501215, 13.29746713128626], [77.26985443026835, 13.311131833142205], [77.24933917320956, 13.301696681860719], [77.22915480739367, 13.31340928345153], [77.21922807010716, 13.262980026602206], [77.188455184519, 13.276319378413962], [77.18349181587574, 13.257774425895178], [77.1924258794336, 13.243459023950853], [77.18283003338998, 13.22881827196234], [77.20764687660625, 13.196608617587609], [77.20301439920587, 13.184570665952608], [77.20268350796299, 13.182943915731663], [77.1963965743482, 13.18424531590842], [77.16760903621733, 13.190752316792203], [77.1623147763312, 13.19205371696896], [77.14775556164432, 13.174159464538555], [77.13849060684359, 13.178063665068825], [77.11896802351346, 13.162121512903553], [77.11599000232751, 13.130237208573012], [77.0958056365116, 13.145854010694094], [77.09216583283988, 13.135768159324229], [77.08323176928204, 13.133490709014904], [77.07330503199553, 13.124055557733417], [77.08091553058185, 13.090219153137742], [77.06834166335227, 13.068095350132875], [77.07727572691013, 13.058334848807199], [77.0696652283238, 13.040115246332604], [77.11830624102768, 13.014737942885848], [77.09812187521179, 12.999446490808955], [77.10540148255522, 12.992614139880981], [77.12955654328573, 12.995542290278685], [77.12459317464247, 13.006278841736929], [77.13451991192898, 13.005302791604361], [77.14477754045836, 12.987733889218145], [77.12988743452861, 12.977973387892469], [77.15735140768794, 12.958127035196927], [77.16529279751715, 12.929170881264088], [77.1580131901737, 12.913554079143006], [77.13981417181512, 12.918108979761655], [77.13253456447168, 12.897937277021926], [77.10705593876965, 12.894358426535844], [77.11863713227056, 12.88394722512179], [77.13154189074302, 12.88817677569625], [77.13121099950014, 12.859220621763411], [77.14907912661586, 12.848809420349356], [77.14941001785874, 12.830589817874761], [77.15867497265948, 12.82733631743287], [77.14378486672972, 12.8143223156653], [77.15106447407315, 12.791873162616247], [77.14941001785874, 12.788945012218544], [77.1500718003445, 12.786992911953408], [77.14742467040143, 12.785691511776653], [77.12690941334266, 12.775280310362598], [77.12426228339959, 12.773978910185841], [77.12360050091382, 12.773978910185841], [77.12128426221363, 12.77430426023003], [77.09746009272602, 12.776256360495166], [77.09249672408276, 12.752831157313544], [77.08025374809608, 12.759012808153138], [77.07760661815301, 12.749252306827461], [77.07661394442437, 12.74567345634138], [77.06734898962362, 12.758362108064759], [77.04881908002214, 12.747625556606517], [77.043524820136, 12.7782084607603], [77.02532580177741, 12.763242358727597], [77.00911213087612, 12.764218408860165], [77.00977391336188, 12.78243801133476], [76.99819271986095, 12.775931010450977], [76.97569211534488, 12.791222462527868], [76.97304498540181, 12.803585764207059], [76.92440397269793, 12.803911114251248], [76.89230752213822, 12.847182670128412], [76.88899860970939, 12.897611926977737], [76.86550533146466, 12.905094977994088], [76.86715978767907, 12.918759679850034], [76.89627821705282, 12.92038643007098], [76.89164573965246, 12.93274973175017], [76.86252731027871, 12.927869481087331], [76.83969581451974, 12.945763733517737], [76.83969581451974, 12.973418487273818], [76.85293146423508, 12.978624087980846], [76.81454808006059, 13.01376189275328], [76.78576054192972, 13.015388642974226], [76.77252489221438, 13.032957545360443], [76.76855419729978, 13.03458429558139], [76.69344188516521, 13.036861745890713], [76.67292662810644, 13.055406698409497], [76.65472760974784, 13.012135142532333], [76.65241137104766, 13.007254891869495], [76.6395066125752, 13.006929541825306], [76.63222700523175, 13.004326741471793], [76.61303531314451, 13.00595349169274], [76.61303531314451, 13.00595349169274], [76.61303531314451, 13.00595349169274], [76.60476303207243, 13.031981495227875], [76.60211590212936, 13.040115246332604], [76.60542481455819, 13.052478548011795], [76.60542481455819, 13.053129248100173], [76.60608659704396, 13.054755998321118], [76.61965313800218, 13.05410529823274], [76.60939550947279, 13.068746050221254], [76.60443214082954, 13.071348850574768], [76.52733448123767, 13.07883190159112], [76.52071665638, 13.07427700097247], [76.51575328773676, 13.068746050221254], [76.5147606140081, 13.070047450398011], [76.4945762481922, 13.09477405375639], [76.472406534919, 13.093147303535444], [76.472406534919, 13.093147303535444], [76.47306831740478, 13.149758211224365], [76.45520019028906, 13.150083561268554], [76.44494256175967, 13.169929913964094], [76.41251521995709, 13.191728366924771], [76.37082292335376, 13.200512818117879], [76.37975698691162, 13.231746422360041], [76.36453598973897, 13.234023872669367], [76.35626370866689, 13.24931532474626], [76.35229301375229, 13.294538980888557], [76.34766053635191, 13.30137133181653], [76.34699875386615, 13.352451288754235], [76.34699875386615, 13.35830758954964], [76.34699875386615, 13.359934339770586], [76.38141144312604, 13.364163890345045], [76.39034550668389, 13.391167944012748], [76.39497798408426, 13.405808696001262], [76.40060313521327, 13.4227268982991], [76.41979482730052, 13.448429551790047], [76.40689006882806, 13.459166103248291], [76.41516234990016, 13.479012455943831], [76.39597065781291, 13.493653207932345], [76.39663244029867, 13.5040644093464], [76.41516234990016, 13.508944660009238], [76.42740532588685, 13.525537512262888], [76.40060313521327, 13.526513562395454], [76.3638742072532, 13.547335965223564], [76.35295479623805, 13.579545619598294]]], [[[77.00282519726133, 14.198036053601959], [76.99918539358961, 14.229269657844121], [77.0054723272044, 14.232197808241825], [77.00580321844728, 14.235776658727906], [77.01903886816262, 14.238704809125608], [77.0494808625079, 14.244886459965203], [77.0534515574225, 14.244561109921014], [77.08124642182473, 14.21430355581142], [77.10076900515486, 14.217231706209121], [77.1080486124983, 14.22146125678358], [77.11499732859885, 14.22536545731385], [77.11665178481327, 14.226341507446419], [77.12062247972787, 14.263106062439798], [77.11532821984173, 14.26570886279331], [77.11565911108463, 14.281651014958582], [77.12260782718518, 14.299219917344798], [77.1341890206861, 14.328501421321826], [77.13782882435781, 14.337285872514935], [77.15867497265948, 14.341515423089394], [77.16165299384544, 14.341840773133583], [77.19738924807686, 14.321343720349663], [77.23808887095153, 14.317439519819395], [77.28672988365541, 14.340214022912637], [77.28342097122658, 14.28262706509115], [77.36382754324728, 14.275794714163176], [77.35952595708979, 14.234149908506959], [77.37904854041992, 14.226666857490608], [77.39261508137814, 14.199012103734526], [77.39261508137814, 14.199012103734526], [77.41842459832306, 14.20909795510439], [77.41809370708017, 14.211050055369526], [77.41809370708017, 14.21820775634169], [77.41776281583729, 14.22601615740223], [77.40882875227943, 14.259852561997906], [77.38732082149201, 14.27091446350034], [77.37838675793415, 14.302798767830879], [77.38897527770642, 14.333056321940475], [77.40915964352232, 14.336635172426556], [77.42835133560956, 14.328826771366016], [77.43132935679552, 14.312884619200744], [77.44621946272528, 14.317439519819395], [77.45019015763988, 14.280674964826014], [77.47897769577075, 14.292062216372637], [77.498169387858, 14.27872286456088], [77.50346364774413, 14.259852561997906], [77.49287512797186, 14.230896408065068], [77.50478721271567, 14.194131853071688], [77.51703018870236, 14.185998101966959], [77.50346364774413, 14.15704194803412], [77.46706561102694, 14.172008050066822], [77.3936077551068, 14.174285500376147], [77.37904854041992, 14.135894195161821], [77.35158456726059, 14.131013944498983], [77.35158456726059, 14.130037894366417], [77.34761387234599, 14.103684540787091], [77.39062973392085, 14.126784393924524], [77.40088736245023, 14.118650642819794], [77.36051863081845, 14.062690435219253], [77.34066515624542, 14.060087634865738], [77.33239287517334, 14.030806130888712], [77.39029884267796, 14.016816078988576], [77.38169567036299, 13.976147323464925], [77.42603509690939, 13.98623317483479], [77.43794718165319, 13.975496623376547], [77.43530005171012, 13.947516519576276], [77.41213766470827, 13.945564419311141], [77.41577746837999, 13.924091316394655], [77.43496916046723, 13.914981515157358], [77.39890201499293, 13.888302811533842], [77.39790934126428, 13.906522414008437], [77.35687882714672, 13.904244963699114], [77.34794476358887, 13.915957565289924], [77.3714380418336, 13.952722120283303], [77.34959921980328, 13.95825307103452], [77.36118041330421, 13.99078807545344], [77.33636357008794, 13.995342976072088], [77.32213524664395, 14.030155430800333], [77.30658335822842, 14.032107531065467], [77.27514869015448, 14.01128512823736], [77.2787884938262, 14.032432881109656], [77.27051621275412, 14.034384981374792], [77.24536847829496, 14.011935828325738], [77.17389596983212, 14.012911878458304], [77.17290329610347, 14.001199276867494], [77.14974090910162, 14.001199276867494], [77.14907912661586, 14.001524626911683], [77.12757119582842, 14.04707363309817], [77.07893018312454, 14.042518732479522], [77.07628305318147, 14.053255283937766], [77.02830382296337, 14.062039735130874], [77.02797293172048, 14.062690435219253], [77.02995827917778, 14.088067738666009], [77.01473728200514, 14.1004310403452], [77.02631847550606, 14.125157643703577], [77.02598758426318, 14.174936200464526], [77.02135510686281, 14.188926252364661], [77.00282519726133, 14.198036053601959]]]]}}, {"type": "Feature", "properties": {"dt_code": "584", "district": "Ramanagara", "st_code": "29", "year": "2011_c", "st_nm": "Karnataka"}, "geometry": {"type": "Polygon", "coordinates": [[[77.20301439920587, 13.184570665952608], [77.20367618169163, 13.184570665952608], [77.21757361389275, 13.144877960561526], [77.27514869015448, 13.152686361622067], [77.26853086529681, 13.118849957026391], [77.2847445361981, 13.134466759147472], [77.29268592602732, 13.110065505833282], [77.31419385681474, 13.106161305303011], [77.3108849443859, 13.0462968971722], [77.32842218025874, 13.05020109770247], [77.33106931020181, 13.043043396730308], [77.32213524664395, 13.008230942002063], [77.32246613788683, 13.00595349169274], [77.33040752771603, 12.97732268780409], [77.33106931020181, 12.974394537406386], [77.3393415912739, 12.944136983296792], [77.34331228618849, 12.88817677569625], [77.33338554890199, 12.88785142565206], [77.33504000511641, 12.878416274370574], [77.3654819994617, 12.8715839234426], [77.3793794316628, 12.854991071188952], [77.41048320849386, 12.876789524149627], [77.43000579182399, 12.87548812397287], [77.41842459832306, 12.869631823177466], [77.42669687939515, 12.850436170570303], [77.43794718165319, 12.850110820526114], [77.41941727205172, 12.826360267300302], [77.43331470425282, 12.823432116902598], [77.4359618341959, 12.81041811513503], [77.45151372261141, 12.818226516195573], [77.4799703694994, 12.808791364914086], [77.48460284689978, 12.800657613809355], [77.46938184972713, 12.79512666305814], [77.47765413079921, 12.781461961202194], [77.47368343588461, 12.757060707888003], [77.50478721271567, 12.732334104529624], [77.51372127627351, 12.75022835696003], [77.52133177485985, 12.732334104529624], [77.5342365333323, 12.756084657755435], [77.54085435818997, 12.75022835696003], [77.55243555169089, 12.772352159964896], [77.54416327061881, 12.775931010450977], [77.54813396553341, 12.79870551354422], [77.54846485677629, 12.800657613809355], [77.5504502042336, 12.79903086358841], [77.55872248530568, 12.791222462527868], [77.5626931802203, 12.787318261997598], [77.56004605027722, 12.784390111599896], [77.56534031016335, 12.759012808153138], [77.580561307336, 12.787318261997598], [77.59181160959403, 12.773002860053273], [77.59743676072306, 12.765845159081112], [77.59478963077999, 12.752505807269355], [77.57592882993563, 12.751529757136787], [77.56898011383507, 12.72973130417611], [77.5564062466055, 12.730707354308677], [77.56732565762066, 12.701100500287462], [77.59412784829422, 12.722248253159758], [77.61530488783878, 12.709234251392191], [77.60074567315189, 12.667914795780163], [77.5987603256946, 12.667264095691785], [77.59942210818036, 12.664010595249893], [77.59743676072306, 12.658479644498676], [77.60570904179515, 12.62854744043327], [77.60306191185208, 12.626269990123946], [77.59148071835115, 12.615858788709891], [77.59114982710827, 12.615208088621513], [77.5904880446225, 12.611629238135432], [77.58122308982176, 12.557946480844214], [77.58023041609312, 12.55176483000462], [77.58717913219367, 12.51467492496705], [77.61629756156742, 12.509143974215835], [77.58353932852195, 12.478886420106239], [77.60736349800956, 12.475307569620158], [77.62622429885393, 12.496455322492455], [77.63449657992601, 12.487996221343536], [77.63416568868313, 12.484742720901645], [77.61762112653895, 12.374449055921506], [77.61563577908166, 12.367291354949344], [77.57857595987869, 12.335732400662993], [77.55144287796224, 12.291159444609072], [77.53291296836076, 12.291484794653261], [77.51835375367389, 12.279121492974072], [77.48758086808571, 12.280422893150828], [77.47897769577075, 12.27131309191353], [77.47103630594154, 12.243658338157449], [77.44820481018257, 12.250165339041233], [77.43232203052418, 12.283025693504342], [77.43033668306687, 12.287255244078802], [77.42669687939515, 12.286929894034612], [77.41511568589422, 12.285628493857855], [77.37077625934783, 12.281073593239206], [77.34629030737445, 12.282374993415964], [77.32676772404432, 12.307752296862722], [77.32610594155855, 12.307426946818532], [77.32544415907279, 12.3084029969511], [77.33040752771603, 12.362085754242317], [77.3132011830861, 12.392343308351913], [77.28606810116965, 12.39299400844029], [77.28507542744099, 12.428782513301103], [77.27018532151124, 12.43398811400813], [77.26919264778259, 12.464896368206103], [77.23610352349422, 12.47010196891313], [77.23511084976558, 12.483441320724888], [77.22551500372195, 12.47433151948759], [77.23775797970865, 12.500034172978538], [77.22419143875042, 12.50263697333205], [77.21327202773526, 12.485068070945834], [77.1682708187031, 12.485393420990023], [77.14709377915855, 12.461968217808401], [77.12558584837113, 12.48246527059232], [77.13154189074302, 12.518579125497322], [77.11433554611308, 12.553391580225565], [77.1279020870713, 12.553391580225565], [77.12856386955707, 12.569984432479215], [77.1080486124983, 12.608375737693539], [77.1222769359423, 12.623667189770432], [77.10043811391198, 12.630499540698406], [77.09746009272602, 12.673771096575567], [77.09746009272602, 12.675723196840703], [77.07363592323841, 12.680603447503541], [77.08058463933897, 12.746649506473949], [77.07859929188166, 12.748276256694895], [77.07760661815301, 12.749252306827461], [77.08025374809608, 12.759012808153138], [77.09249672408276, 12.752831157313544], [77.09746009272602, 12.776256360495166], [77.12128426221363, 12.77430426023003], [77.12360050091382, 12.773978910185841], [77.12426228339959, 12.773978910185841], [77.12690941334266, 12.775280310362598], [77.14742467040143, 12.785691511776653], [77.1500718003445, 12.786992911953408], [77.14941001785874, 12.788945012218544], [77.15106447407315, 12.791873162616247], [77.14378486672972, 12.8143223156653], [77.15867497265948, 12.82733631743287], [77.14941001785874, 12.830589817874761], [77.14907912661586, 12.848809420349356], [77.13121099950014, 12.859220621763411], [77.13154189074302, 12.88817677569625], [77.11863713227056, 12.88394722512179], [77.10705593876965, 12.894358426535844], [77.13253456447168, 12.897937277021926], [77.13981417181512, 12.918108979761655], [77.1580131901737, 12.913554079143006], [77.16529279751715, 12.929170881264088], [77.15735140768794, 12.958127035196927], [77.12988743452861, 12.977973387892469], [77.14477754045836, 12.987733889218145], [77.13451991192898, 13.005302791604361], [77.12459317464247, 13.006278841736929], [77.12955654328573, 12.995542290278685], [77.10540148255522, 12.992614139880981], [77.09812187521179, 12.999446490808955], [77.11830624102768, 13.014737942885848], [77.0696652283238, 13.040115246332604], [77.07727572691013, 13.058334848807199], [77.06834166335227, 13.068095350132875], [77.08091553058185, 13.090219153137742], [77.07330503199553, 13.124055557733417], [77.08323176928204, 13.133490709014904], [77.09216583283988, 13.135768159324229], [77.0958056365116, 13.145854010694094], [77.11599000232751, 13.130237208573012], [77.11896802351346, 13.162121512903553], [77.13849060684359, 13.178063665068825], [77.14775556164432, 13.174159464538555], [77.1623147763312, 13.19205371696896], [77.16760903621733, 13.190752316792203], [77.1963965743482, 13.18424531590842], [77.20268350796299, 13.182943915731663], [77.20301439920587, 13.184570665952608]], [[77.08058463933897, 13.0703728004422], [77.08323176928204, 13.071023500530579], [77.08290087803914, 13.072324900707335], [77.08256998679626, 13.073300950839903], [77.08223909555338, 13.073951650928281], [77.08223909555338, 13.073626300884092], [77.08058463933897, 13.07069815048639], [77.08058463933897, 13.0703728004422]]]}}, {"type": "Feature", "properties": {"dt_code": "573", "district": "Mandya", "st_code": "29", "year": "2011_c", "st_nm": "Karnataka"}, "geometry": {"type": "MultiPolygon", "coordinates": [[[[76.97039785545874, 12.25537093974826], [76.96973607297298, 12.273915892267045], [76.98197904895967, 12.270337041780964], [76.98230994020255, 12.25569628979245], [76.97039785545874, 12.25537093974826]]], [[[76.89826356451013, 12.35688015353529], [76.8989253469959, 12.373798355833129], [76.91745525659738, 12.380305356716912], [76.91844793032602, 12.371195555479614], [76.91348456168278, 12.358506903756236], [76.89826356451013, 12.35688015353529]]], [[[76.34236627646578, 12.655226144056783], [76.34203538522289, 12.655876844145162], [76.34203538522289, 12.655876844145162], [76.35295479623805, 12.667914795780163], [76.36288153352456, 12.70142585033165], [76.36155796855302, 12.703052600552596], [76.34137360273712, 12.732008754485435], [76.35725638239553, 12.75022835696003], [76.34302805895155, 12.761290258462463], [76.34964588380922, 12.785691511776653], [76.33475577787945, 12.787643612041787], [76.33409399539369, 12.789595712306923], [76.33243953917926, 12.807815314781518], [76.36817579341069, 12.809116714958275], [76.36949935838223, 12.828637717609626], [76.38273500809757, 12.83124051796314], [76.3860439205264, 12.845230569863276], [76.40854452504249, 12.843929169686518], [76.41350789368573, 12.864426222470438], [76.42541997842955, 12.857919221586654], [76.42541997842955, 12.825058867123545], [76.44593523548832, 12.823432116902598], [76.47141386119036, 12.79870551354422], [76.45520019028906, 12.781136611158004], [76.47472277361919, 12.771701459876518], [76.48961287954896, 12.785691511776653], [76.49292179197779, 12.767146559257869], [76.49987050807835, 12.780485911069626], [76.48994377079184, 12.80651391460476], [76.51840041767981, 12.826360267300302], [76.52038576513712, 12.841326369333006], [76.57762995015598, 12.846857320084222], [76.57895351512751, 12.873210673663547], [76.59649075100033, 12.881019074724087], [76.59649075100033, 12.921362480203548], [76.60608659704396, 12.938606032545575], [76.61634422557336, 12.937304632368818], [76.61171174817298, 12.965284736169089], [76.63189611398887, 12.979925488157603], [76.6335505702033, 12.98122688833436], [76.63222700523175, 13.004326741471793], [76.6395066125752, 13.006929541825306], [76.65241137104766, 13.007254891869495], [76.65472760974784, 13.012135142532333], [76.67292662810644, 13.055406698409497], [76.69344188516521, 13.036861745890713], [76.76855419729978, 13.03458429558139], [76.77252489221438, 13.032957545360443], [76.78576054192972, 13.015388642974226], [76.81454808006059, 13.01376189275328], [76.85293146423508, 12.978624087980846], [76.83969581451974, 12.973418487273818], [76.83969581451974, 12.945763733517737], [76.86252731027871, 12.927869481087331], [76.89164573965246, 12.93274973175017], [76.89627821705282, 12.92038643007098], [76.86715978767907, 12.918759679850034], [76.86550533146466, 12.905094977994088], [76.88899860970939, 12.897611926977737], [76.89230752213822, 12.847182670128412], [76.92440397269793, 12.803911114251248], [76.97304498540181, 12.803585764207059], [76.97569211534488, 12.791222462527868], [76.99819271986095, 12.775931010450977], [77.00977391336188, 12.78243801133476], [77.00911213087612, 12.764218408860165], [77.02532580177741, 12.763242358727597], [77.043524820136, 12.7782084607603], [77.04881908002214, 12.747625556606517], [77.06734898962362, 12.758362108064759], [77.07661394442437, 12.74567345634138], [77.07760661815301, 12.749252306827461], [77.07859929188166, 12.748276256694895], [77.08058463933897, 12.746649506473949], [77.07363592323841, 12.680603447503541], [77.09746009272602, 12.675723196840703], [77.09746009272602, 12.673771096575567], [77.10043811391198, 12.630499540698406], [77.1222769359423, 12.623667189770432], [77.1080486124983, 12.608375737693539], [77.12856386955707, 12.569984432479215], [77.1279020870713, 12.553391580225565], [77.11433554611308, 12.553391580225565], [77.13154189074302, 12.518579125497322], [77.12558584837113, 12.48246527059232], [77.14709377915855, 12.461968217808401], [77.1682708187031, 12.485393420990023], [77.21327202773526, 12.485068070945834], [77.22419143875042, 12.50263697333205], [77.23775797970865, 12.500034172978538], [77.22551500372195, 12.47433151948759], [77.23511084976558, 12.483441320724888], [77.23610352349422, 12.47010196891313], [77.26919264778259, 12.464896368206103], [77.27018532151124, 12.43398811400813], [77.28507542744099, 12.428782513301103], [77.28606810116965, 12.39299400844029], [77.3132011830861, 12.392343308351913], [77.33040752771603, 12.362085754242317], [77.32544415907279, 12.3084029969511], [77.32610594155855, 12.307426946818532], [77.30261266331382, 12.298642495625424], [77.26786908281105, 12.314259297746505], [77.22518411247907, 12.303522746288262], [77.16661636248868, 12.310029747172045], [77.16661636248868, 12.310029747172045], [77.16992527491752, 12.25992584036691], [77.10837950374118, 12.240730187759747], [77.10837950374118, 12.240730187759747], [77.10837950374118, 12.240730187759747], [77.106063265041, 12.220558485020016], [77.0779375093959, 12.221209185108394], [77.07859929188166, 12.236500637185287], [77.03624521279256, 12.232271086610828], [76.99521469867501, 12.242356937980693], [76.99058222127464, 12.286929894034612], [76.97172142043027, 12.290508744520693], [76.97701568031641, 12.307101596774343], [76.99289845997482, 12.300594595890558], [76.99786182861807, 12.31295789756975], [76.98661152636004, 12.333454950353667], [76.97668478907353, 12.32792399960245], [76.97701568031641, 12.35297595300502], [76.95616953201475, 12.352325252916641], [76.95749309698628, 12.326947949469885], [76.92175684275486, 12.321742348762857], [76.93201447128425, 12.338335201016505], [76.92407308145505, 12.353301303049209], [76.9389631873848, 12.35265060296083], [76.93763962241327, 12.400477059456643], [76.92241862524062, 12.44179651506867], [76.9048813893678, 12.436590914361643], [76.90024891196742, 12.408936160605561], [76.87741741620846, 12.399826359368264], [76.85425502920661, 12.408610810561372], [76.83241620717631, 12.402429159721777], [76.83307798966207, 12.384534907291371], [76.81454808006059, 12.387137707644886], [76.80296688655967, 12.355253403314345], [76.76557617611383, 12.350373152651507], [76.76392171989941, 12.311656497392992], [76.75399498261291, 12.302221346111505], [76.74340646284062, 12.318163498276775], [76.73149437809683, 12.31653674805583], [76.73050170436817, 12.342564751590965], [76.71892051086725, 12.3565548034911], [76.70005971002288, 12.350698502695696], [76.6818606916643, 12.366966004905155], [76.68285336539294, 12.391041908175156], [76.65241137104766, 12.394295408617047], [76.64678621991864, 12.394946108705426], [76.6434773074898, 12.395271458749615], [76.62196937670237, 12.367616704993534], [76.56604875665505, 12.351999902872452], [76.56637964789793, 12.381932106937859], [76.5551293456399, 12.392017958307724], [76.56538697416929, 12.399175659279885], [76.56737232162658, 12.425854362903399], [76.45189127786023, 12.483766670769077], [76.45222216910311, 12.505565123729752], [76.42277284848647, 12.532569177397457], [76.42773621712973, 12.542329678723133], [76.41119165498556, 12.557946480844214], [76.39100728916965, 12.552415530092997], [76.39630154905579, 12.573237932921106], [76.37677896572566, 12.576491433362998], [76.36255064228168, 12.62854744043327], [76.34269716770866, 12.655551494100973], [76.34236627646578, 12.655226144056783]]]]}}, {"type": "Feature", "properties": {"dt_code": "577", "district": "Mysuru", "st_code": "29", "year": "2011_c", "st_nm": "Karnataka"}, "geometry": {"type": "Polygon", "coordinates": [[[76.01875464092566, 12.570635132567594], [76.01908553216855, 12.570960482611781], [76.04555683159924, 12.577142133451376], [76.05217465645691, 12.554367630358133], [76.0905580406314, 12.545583179165025], [76.08625645447391, 12.53875082823705], [76.11537488384766, 12.512722824701916], [76.11405131887614, 12.52703822664624], [76.13324301096337, 12.528664976867187], [76.15144202932197, 12.547209929385971], [76.15243470305062, 12.579744933804891], [76.19644323835414, 12.577467483495566], [76.19214165219665, 12.594060335749216], [76.2153040391985, 12.621715089505297], [76.20570819315488, 12.628872790477459], [76.2192747341131, 12.644489592598541], [76.24574603354378, 12.637006541582188], [76.25468009710164, 12.62041368932854], [76.27982783156078, 12.633753041140297], [76.28015872280366, 12.61683483884246], [76.30034308861957, 12.629198140521648], [76.3096080434203, 12.622691139637864], [76.30629913099148, 12.610327837958675], [76.32648349680737, 12.611303888091243], [76.3278070617789, 12.611303888091243], [76.32350547562142, 12.635054441317054], [76.34236627646578, 12.655226144056783], [76.34269716770866, 12.655551494100973], [76.36255064228168, 12.62854744043327], [76.37677896572566, 12.576491433362998], [76.39630154905579, 12.573237932921106], [76.39100728916965, 12.552415530092997], [76.41119165498556, 12.557946480844214], [76.42773621712973, 12.542329678723133], [76.42277284848647, 12.532569177397457], [76.45222216910311, 12.505565123729752], [76.45189127786023, 12.483766670769077], [76.56737232162658, 12.425854362903399], [76.56538697416929, 12.399175659279885], [76.5551293456399, 12.392017958307724], [76.56637964789793, 12.381932106937859], [76.56604875665505, 12.351999902872452], [76.62196937670237, 12.367616704993534], [76.6434773074898, 12.395271458749615], [76.64678621991864, 12.394946108705426], [76.65241137104766, 12.394295408617047], [76.68285336539294, 12.391041908175156], [76.6818606916643, 12.366966004905155], [76.70005971002288, 12.350698502695696], [76.71892051086725, 12.3565548034911], [76.73050170436817, 12.342564751590965], [76.73149437809683, 12.31653674805583], [76.74340646284062, 12.318163498276775], [76.75399498261291, 12.302221346111505], [76.76392171989941, 12.311656497392992], [76.76557617611383, 12.350373152651507], [76.80296688655967, 12.355253403314345], [76.81454808006059, 12.387137707644886], [76.83307798966207, 12.384534907291371], [76.83241620717631, 12.402429159721777], [76.85425502920661, 12.408610810561372], [76.87741741620846, 12.399826359368264], [76.90024891196742, 12.408936160605561], [76.9048813893678, 12.436590914361643], [76.92241862524062, 12.44179651506867], [76.93763962241327, 12.400477059456643], [76.9389631873848, 12.35265060296083], [76.92407308145505, 12.353301303049209], [76.93201447128425, 12.338335201016505], [76.92175684275486, 12.321742348762857], [76.95749309698628, 12.326947949469885], [76.95616953201475, 12.352325252916641], [76.97701568031641, 12.35297595300502], [76.97668478907353, 12.32792399960245], [76.98661152636004, 12.333454950353667], [76.99786182861807, 12.31295789756975], [76.99289845997482, 12.300594595890558], [76.97701568031641, 12.307101596774343], [76.97172142043027, 12.290508744520693], [76.99058222127464, 12.286929894034612], [76.99521469867501, 12.242356937980693], [77.03624521279256, 12.232271086610828], [77.07859929188166, 12.236500637185287], [77.0779375093959, 12.221209185108394], [77.106063265041, 12.220558485020016], [77.10837950374118, 12.240730187759747], [77.10837950374118, 12.240730187759747], [77.1239313921567, 12.242682288024882], [77.13253456447168, 12.229342936213124], [77.1341890206861, 12.226740135859611], [77.1341890206861, 12.226089435771232], [77.1222769359423, 12.197133281838394], [77.08455533425357, 12.1909516309988], [77.04484838510754, 12.169153178038123], [77.03988501646428, 12.128484422514473], [77.03690699527833, 12.139220973972717], [77.01606084697667, 12.1336900232215], [77.01606084697667, 12.13401537326569], [77.01407549951936, 12.163296877242718], [77.00381787098998, 12.160043376800825], [76.99356024246059, 12.175660178921907], [76.99289845997482, 12.175660178921907], [76.98925865630311, 12.140522374149473], [76.9488899246713, 12.0975761683165], [76.8909839571667, 12.121001371498123], [76.87146137383657, 12.141498424282041], [76.87146137383657, 12.17403342870096], [76.85160789926356, 12.178913679363799], [76.84565185689165, 12.167526427817178], [76.85359324672085, 12.159392676712447], [76.84068848824839, 12.156139176270555], [76.83142353344765, 12.132063273000554], [76.84565185689165, 12.11319297043758], [76.8767556337227, 12.115145070702717], [76.88403524106614, 12.082610066283797], [76.87013780886502, 12.063089063632445], [76.85359324672085, 12.059835563190553], [76.89065306592381, 12.058208812969607], [76.91513901789719, 12.025999158594876], [76.9389631873848, 12.026324508639066], [76.93598516619885, 12.013310506871498], [76.90421960688204, 11.998995104927173], [76.88568969728055, 12.001272555236497], [76.88304256733748, 12.015587957180822], [76.8565712679068, 11.99964580501555], [76.83638690209091, 11.99997115505974], [76.82116590491826, 12.011033056562173], [76.82017323118961, 12.027300558771634], [76.81157005887464, 12.026975208727444], [76.7920474755445, 12.010707706517984], [76.79370193175893, 11.986306453203794], [76.74075933289757, 12.009406306341226], [76.71726605465282, 11.985005053027038], [76.70502307866614, 11.985330403071227], [76.69443455889386, 12.000621855148118], [76.65108780607612, 12.008104906164471], [76.64281552500404, 11.983052952761902], [76.57829173264174, 11.98825855346893], [76.55744558434007, 11.948891198122036], [76.57663727642732, 11.92351389467528], [76.55678380185431, 11.89488309078663], [76.55347488942547, 11.85876923588163], [76.53461408858111, 11.873409987870142], [76.49126733576337, 11.861046686190953], [76.49259090073491, 11.822330030932438], [76.46876673124729, 11.819076530490547], [76.46214890638961, 11.792723176911222], [76.40986809001402, 11.811268129430006], [76.42872889085838, 11.795651327308924], [76.41317700244285, 11.787842926248384], [76.42277284848647, 11.776455674701761], [76.42277284848647, 11.776130324657572], [76.41416967617151, 11.758886772315545], [76.41383878492861, 11.758886772315545], [76.35229301375229, 11.738389719531625], [76.34567518889462, 11.74066716984095], [76.31854210697816, 11.751403721299194], [76.307622695963, 11.78491477585068], [76.28015872280366, 11.812569529606762], [76.2454151423009, 11.803134378325275], [76.22357632027058, 11.808339979032302], [76.20967888806948, 11.827535631639465], [76.20736264936929, 11.861697386279332], [76.19048719598223, 11.871132537560818], [76.15607450672233, 11.87015648742825], [76.12000736124803, 11.850310134732709], [76.1127277539046, 11.85844388583744], [76.11239686266171, 11.978823402187443], [76.11372042763324, 11.9801248023642], [76.15011846435044, 12.017540057445958], [76.15111113807909, 12.018516107578524], [76.15210381180773, 12.019492157711092], [76.18287669739591, 12.03250615947866], [76.1891636310107, 12.050075061864877], [76.1709646126521, 12.118723921188797], [76.14416242197854, 12.154512426049608], [76.13324301096337, 12.191602331087179], [76.10180834288944, 12.197133281838394], [76.06210139374342, 12.249189288908665], [76.02471068329757, 12.248863938864476], [76.01445305476818, 12.292460844785829], [75.99459958019517, 12.317512798188398], [76.00121740505284, 12.330526799955965], [75.96051778217817, 12.343866151767722], [75.92213439800368, 12.384209557247182], [75.91055320450275, 12.396247508882183], [75.90856785704545, 12.398199609147317], [75.9095605307741, 12.400151709412453], [75.92809044037558, 12.437241614450022], [75.92908311410423, 12.439519064759347], [75.96382669460701, 12.447978165908266], [75.97143719319332, 12.45025561621759], [75.97143719319332, 12.450906316305968], [75.95820154347798, 12.49059902169705], [75.97540788810792, 12.519880525674077], [75.9939377977094, 12.522157975983403], [75.98334927793714, 12.540377578457997], [75.99890116635265, 12.547535279430159], [75.99261423273786, 12.560874631241917], [75.9919524502521, 12.562176031418673], [76.01246770731088, 12.554367630358133], [76.01875464092566, 12.570635132567594]], [[76.97039785545874, 12.25537093974826], [76.98230994020255, 12.25569628979245], [76.98197904895967, 12.270337041780964], [76.96973607297298, 12.273915892267045], [76.97039785545874, 12.25537093974826]], [[76.89826356451013, 12.35688015353529], [76.91348456168278, 12.358506903756236], [76.91844793032602, 12.371195555479614], [76.91745525659738, 12.380305356716912], [76.8989253469959, 12.373798355833129], [76.89826356451013, 12.35688015353529]]]}}, {"type": "Feature", "properties": {"dt_code": "557", "district": "Vijayapura", "st_code": "29", "year": "2011_c", "st_nm": "Karnataka"}, "geometry": {"type": "Polygon", "coordinates": [[[76.07533704345876, 17.336362579850956], [76.07302080475857, 17.336362579850956], [76.0723590222728, 17.334085129541634], [76.06507941492937, 17.312286676580957], [76.0664029799009, 17.31131062644839], [76.09949210418925, 17.291138923708658], [76.09916121294637, 17.29016287357609], [76.09485962678889, 17.276498171720146], [76.0885726931741, 17.257627869157172], [76.0885726931741, 17.256977169068794], [76.12761785983436, 17.244939217433792], [76.18188402366725, 17.192557860319333], [76.18817095728204, 17.186376209479736], [76.22059829908463, 17.185400159347168], [76.24177533862918, 17.15221445483987], [76.24276801235783, 17.150913054663114], [76.24607692478666, 17.150913054663114], [76.25633455331605, 17.150913054663114], [76.26394505190237, 17.150913054663114], [76.27684981037483, 17.167505906916762], [76.33343221290792, 17.170759407358656], [76.35626370866689, 17.18865365978906], [76.36883757589646, 17.166855206828387], [76.3599035123386, 17.14017650320487], [76.39464709284138, 17.143104653602574], [76.39133818041255, 17.130741351923383], [76.3622197510388, 17.11610059993487], [76.39034550668389, 17.097230297371897], [76.38802926798371, 17.07250369401352], [76.3982868965131, 17.069900893660005], [76.42939067334414, 17.099507747681223], [76.42740532588685, 17.053633391450546], [76.4406409756022, 16.996697133717433], [76.43667028068758, 16.98173103168473], [76.40027224397039, 16.977176131066084], [76.39894867899886, 16.935205975365676], [76.42806710837262, 16.927397574305136], [76.43402315074452, 16.943339726470406], [76.4585091027179, 16.928048274393515], [76.46545781881845, 16.902670970946758], [76.43369225950164, 16.89779072028392], [76.43336136825874, 16.88184856811865], [76.43799384565912, 16.86785851621851], [76.4585091027179, 16.866882466085947], [76.47108296994747, 16.838902362285673], [76.42939067334414, 16.83727561206473], [76.42905978210126, 16.850614963876485], [76.37446272702547, 16.858748714981214], [76.35229301375229, 16.819706709678513], [76.41383878492861, 16.813525058838916], [76.4101989812569, 16.798884306850404], [76.37744074821143, 16.801812457248104], [76.37082292335376, 16.768626752740808], [76.43600849820182, 16.76439720216635], [76.44031008435931, 16.741948049117294], [76.42905978210126, 16.737718498542833], [76.42277284848647, 16.716896095714723], [76.44097186684508, 16.713642595272834], [76.44858236543139, 16.721450996333374], [76.45222216910311, 16.722101696421753], [76.46082534141809, 16.71103979491932], [76.46148712390385, 16.71103979491932], [76.46214890638961, 16.708436994565808], [76.45222216910311, 16.714293295361212], [76.42541997842955, 16.69542299279824], [76.40490472137077, 16.643041635683776], [76.43402315074452, 16.518757918803505], [76.43534671571605, 16.437745757800393], [76.43468493323029, 16.437745757800393], [76.39034550668389, 16.438071107844582], [76.38538213804064, 16.42570780616539], [76.35758727363842, 16.422128955679312], [76.33210864793638, 16.42700920634215], [76.33310132166504, 16.393498151790663], [76.33310132166504, 16.391220701481338], [76.31060071714896, 16.396751652232556], [76.30596823974858, 16.381134850111472], [76.31424052082068, 16.34534634525066], [76.29240169879036, 16.331356293350527], [76.30299021856263, 16.318992991671337], [76.29968130613379, 16.283204486810526], [76.34799142759479, 16.27767353605931], [76.35295479623805, 16.235378030314713], [76.33210864793638, 16.19503462483525], [76.33144686545062, 16.194058574702684], [76.29802684991938, 16.184948773465386], [76.28048961404656, 16.152739119090658], [76.24045177365764, 16.164777070725656], [76.23846642620035, 16.16510242076985], [76.19379610841106, 16.178441772581603], [76.16997193892345, 16.184623423421197], [76.13919905333528, 16.181044572935118], [76.06772654487243, 16.20772327655863], [76.06706476238666, 16.20902467673539], [76.06342495871495, 16.21650772775174], [76.05779980758592, 16.227569629254173], [76.0644176324436, 16.237980830668228], [76.06541030617225, 16.262056733938227], [76.026365139512, 16.300773389196742], [75.95621619602068, 16.29719453871066], [75.81029315790903, 16.370398298653228], [75.72095252233048, 16.39089535143715], [75.63359723420922, 16.44392740863999], [75.59951543619222, 16.4465302089935], [75.57006611557559, 16.411717754265258], [75.56841165936116, 16.413344504486204], [75.56642631190387, 16.41529660475134], [75.55683046586024, 16.424731756032827], [75.55219798845987, 16.455965360274988], [75.53466075258704, 16.465725861600664], [75.4992553895985, 16.453687909965666], [75.49859360711274, 16.43058805682823], [75.48899776106911, 16.420176855414176], [75.48767419609759, 16.41855010519323], [75.48701241361181, 16.417574055060662], [75.44895992068021, 16.413344504486204], [75.44796724695155, 16.413995204574583], [75.44631279073714, 16.41594730483972], [75.43274624977892, 16.43091340687242], [75.43473159723621, 16.433516207225935], [75.4631882441242, 16.473859612705397], [75.45557774553788, 16.506719967168504], [75.48601973988316, 16.50867206743364], [75.48833597858335, 16.555197123752695], [75.47245319892494, 16.563330874857424], [75.49363023846948, 16.59326307892283], [75.46219557039555, 16.622544582899856], [75.43770961842216, 16.697700443107564], [75.48833597858335, 16.69444694266567], [75.49197578225507, 16.74422549942662], [75.42182683876375, 16.76732535256405], [75.40495138537669, 16.765698602343104], [75.38443612831792, 16.76342115203378], [75.37881097718889, 16.82393626025297], [75.39502464809019, 16.863303615599865], [75.33579511561403, 16.869485266439458], [75.34175115798594, 16.956028378193785], [75.34506007041477, 16.957655128414732], [75.39204662690423, 16.980104281463788], [75.42778288113566, 16.96643957960784], [75.44168031333678, 16.98238173177311], [75.46550448282439, 16.988238032568518], [75.48337260994009, 16.975874730889327], [75.49032132604064, 16.94529182673554], [75.5293664927009, 16.969367730005544], [75.5677498768754, 16.96578887951946], [75.57304413676154, 17.009711135485002], [75.60679504353566, 17.004505534777977], [75.6077877172643, 16.970994480226487], [75.6339281254521, 16.97034378013811], [75.6422004065242, 16.95440162797284], [75.67495863956967, 16.96611422956365], [75.66602457601181, 16.979778931419595], [75.66966437968352, 17.038016589329462], [75.64120773279555, 17.037691239285273], [75.65047268759629, 17.057212241936625], [75.67694398702697, 17.065345993041355], [75.6723115096266, 17.11610059993487], [75.65047268759629, 17.11577524989068], [75.64948001386763, 17.134320202409466], [75.62532495313714, 17.17401290780055], [75.62863386556597, 17.18865365978906], [75.63988416782401, 17.18897900983325], [75.66205388109721, 17.214681663324196], [75.65775229493973, 17.263158819908387], [75.65411249126801, 17.27389537136663], [75.62797208308021, 17.27422072141082], [75.62234693195118, 17.29504312423893], [75.60447880483547, 17.305128975608795], [75.60447880483547, 17.305128975608795], [75.61010395596449, 17.345147031044064], [75.58098552659074, 17.35132868188366], [75.57436770173307, 17.3832129862142], [75.61374375963621, 17.391997437407312], [75.60679504353566, 17.42030289125177], [75.63293545172345, 17.47723914898488], [75.67595131329831, 17.456091396112583], [75.67661309578409, 17.453813945803258], [75.69084141922808, 17.40956633979353], [75.7123493500155, 17.40793958957258], [75.73352638956005, 17.41997754120758], [75.76529194887688, 17.405662139263256], [75.76694640509129, 17.402408638821363], [75.77224066497743, 17.385815786567715], [75.77588046864915, 17.38288763617001], [75.79010879209314, 17.372151084711767], [75.79308681327909, 17.369548284358256], [75.79407948700775, 17.369873634402445], [75.80665335423731, 17.37182573466758], [75.81360207033788, 17.372801784800146], [75.81393296158076, 17.373452484888524], [75.82154346016708, 17.421278941384337], [75.85099278078371, 17.410542389926093], [75.86091951807022, 17.385490436523526], [75.88441279631495, 17.418025440942444], [75.89400864235857, 17.401107238644606], [75.89069972992974, 17.356534282590687], [75.93073757031864, 17.32269787799501], [75.99823938386689, 17.337989330071903], [76.01379127228242, 17.352955432104608], [76.06077782877188, 17.35490753236974], [76.06309406747206, 17.35197938197204], [76.07533704345876, 17.336362579850956]]]}}, {"type": "Feature", "properties": {"dt_code": "565", "district": "Ballari", "st_code": "29", "year": "2020_split", "st_nm": "Karnataka"}, "geometry": {"type": "Polygon", "coordinates": [[[76.79882952731386, 15.095223067921019], [76.7969972309339, 15.094350311448542], [76.79473742720852, 15.092659412121284], [76.79394236518148, 15.091877350715382], [76.79307991513508, 15.090571314725105], [76.7928634157617, 15.089461912807218], [76.79249658602049, 15.087952529674917], [76.79245859447049, 15.087934563427554], [76.79237662859069, 15.087597302664857], [76.79169768728886, 15.087276213990028], [76.78988394381447, 15.08684634323934], [76.7887164762032, 15.08713045390887], [76.78605111726306, 15.08784339298184], [76.78549876026285, 15.086921454219762], [76.78536287929636, 15.086273260104411], [76.78536355123619, 15.084727910015909], [76.7854434797369, 15.082689974472197], [76.78531647053215, 15.082507878845366], [76.78532326988054, 15.08233451922276], [76.78487238747311, 15.081688077960763], [76.7839058110072, 15.079857545820063], [76.78305063551795, 15.078411165676613], [76.78217207688189, 15.077357878632604], [76.78079982303029, 15.07806669915667], [76.77777612702158, 15.079543153790075], [76.777776139598, 15.079543190220136], [76.77789661355908, 15.079898717791696], [76.77760905834506, 15.079539474354261], [76.77672063081727, 15.078429550809274], [76.77682183950876, 15.078350953401804], [76.77816282839521, 15.077309530239875], [76.77991674137674, 15.076067684908862], [76.77962139058269, 15.075835846180553], [76.77835003909705, 15.074837867523613], [76.77629528661507, 15.073079217575756], [76.77526788162801, 15.072283380768473], [76.77519527709181, 15.071964683847648], [76.77495695494522, 15.070918569653191], [76.77442820387407, 15.06789529723935], [76.77386194993639, 15.065676329086438], [76.77350529271745, 15.062684799446624], [76.77338051941943, 15.061017321267222], [76.77363256243366, 15.059151150174552], [76.77402344366828, 15.05854588918261], [76.77525185927658, 15.056833843304126], [76.77648033147877, 15.055126265942176], [76.77665718640202, 15.054706105038875], [76.77709533339363, 15.052614135643429], [76.77753337258741, 15.050526661914189], [76.7777754505902, 15.049880569070316], [76.77847795739687, 15.049162429631616], [76.77914802963193, 15.048132373801558], [76.77917162298456, 15.047337107398766], [76.77895351922008, 15.046342873828705], [76.77917230480587, 15.04574199906544], [76.77974022960994, 15.044495025583078], [76.78037334964576, 15.042714930355283], [76.78345623924177, 15.042643934965394], [76.78353609318232, 15.040809361855395], [76.78361553389787, 15.040014080278597], [76.78524373304526, 15.037999425162308], [76.78577420439024, 15.03718172850286], [76.78577117527108, 15.036876640468748], [76.78575186149249, 15.034931409431493], [76.78572031804957, 15.032613210241033], [76.78579100288601, 15.030349403254716], [76.7856988896368, 15.028288790798046], [76.78574565143892, 15.02770589115752], [76.78708544107445, 15.025871816849559], [76.78854168471018, 15.023554235016823], [76.78996068060097, 15.021304420345565], [76.79015610998934, 15.020744227249141], [76.79005318282071, 15.020381624407868], [76.78951084832416, 15.018471003786836], [76.78879569593319, 15.016333337874585], [76.78885228260958, 15.014340585093624], [76.78864370278376, 15.012763483788719], [76.78836529870753, 15.011398706354582], [76.78783617573383, 15.009252091687976], [76.78777737111699, 15.009142271740867], [76.78714400584109, 15.007959409399207], [76.78611712187688, 15.00661696224047], [76.78585230122609, 15.006228218233458], [76.7850157424228, 15.00541449014853], [76.78365846438528, 15.004812937897144], [76.78199886193217, 15.004685719414788], [76.78064134494281, 15.00472577617749], [76.77928839229341, 15.004770408244054], [76.77876311770235, 15.004593936340772], [76.7784334018571, 15.003961154492247], [76.77784362912698, 15.002519426533496], [76.77730809847037, 15.001118895995397], [76.77729709949803, 15.001046470683299], [76.77697770349877, 14.998943265120646], [76.7768614920437, 14.998612505008794], [76.77685724480905, 14.998584541266434], [76.77656625264075, 14.997756293248417], [76.77656621760646, 14.99775619259348], [76.77636546390337, 14.997185030555306], [76.77587155488882, 14.995493509538242], [76.77578059327979, 14.995235781406839], [76.77575106475807, 14.995134648871275], [76.77537642416547, 14.994073136596116], [76.77505305851096, 14.993094349691901], [76.77505052616019, 14.993092519641017], [76.7749325432274, 14.992735394755698], [76.77370800923943, 14.991850654245845], [76.77228112973371, 14.990506200389536], [76.77132632748621, 14.990663191789379], [76.7694705383649, 14.991432732515849], [76.76776008228356, 14.98976854691926], [76.76621991623736, 14.989899050019824], [76.76294138525056, 14.989984958682012], [76.76059967403593, 14.989551714079692], [76.76059489140535, 14.98988752547283], [76.75911834494589, 14.988845033435299], [76.75803801122225, 14.988091496072302], [76.75650767184698, 14.986777516009846], [76.75485124583668, 14.985498498802796], [76.75344681073835, 14.984552218340925], [76.75233023717955, 14.984218940274577], [76.75162824151423, 14.983395602044892], [76.75078178507316, 14.983202552776051], [76.74897314133463, 14.983989421077228], [76.7446352585743, 14.98648703763694], [76.74350552559488, 14.986324923381245], [76.7428314253141, 14.98634336417799], [76.74164145490501, 14.986456882081223], [76.74026079731392, 14.986471181044308], [76.7389917850413, 14.986566678099875], [76.73756932884002, 14.986644143058598], [76.73683956085942, 14.986752945396358], [76.73655128878978, 14.986671761257698], [76.7363374089038, 14.986531760285471], [76.73449605031924, 14.985592757992599], [76.73418918851314, 14.985461862639658], [76.73408230336737, 14.985480037106944], [76.7340311946176, 14.985583914605748], [76.73367832379756, 14.986293561614147], [76.73322798487092, 14.987577065576888], [76.7326568315217, 14.988833610358443], [76.73227625037009, 14.989981517199116], [76.73203010030417, 14.990569055449237], [76.7315337110411, 14.99260275441601], [76.73131564770084, 14.993470497276775], [76.73073972070418, 14.994532653793486], [76.73010316101914, 14.995264957799115], [76.72980829531532, 14.995580950089785], [76.7297129032153, 14.995683157523688], [76.72971286907931, 14.995683199174412], [76.72932260319067, 14.996101325192619], [76.72886806194511, 14.996406686671662], [76.72815149021602, 14.996888064497023], [76.72764327283559, 14.99726103477264], [76.72760310466768, 14.997290513721849], [76.72752409873675, 14.997380919393926], [76.72754274776203, 14.997502933323215], [76.72772887419733, 14.997850796072232], [76.72772889036702, 14.997850835987125], [76.72803611868576, 14.998641450996894], [76.72811203081885, 14.999003545808906], [76.72820378564028, 14.999441207860647], [76.72820880003617, 15.000168694913933], [76.72811678649994, 15.001117092044206], [76.72816905317814, 15.002286769421152], [76.72816905048317, 15.002286816276778], [76.7280392834505, 15.003077591026459], [76.72787232616506, 15.003922715828125], [76.72776109317329, 15.004659343466251], [76.72785460779438, 15.005793485488429], [76.72791104445213, 15.007122008132947], [76.72797042219406, 15.007636995519313], [76.72801367607501, 15.008012138786617], [76.72805411014426, 15.00850168910942], [76.72807451537592, 15.008748738448267], [76.72813529987963, 15.00950330149202], [76.72817265811736, 15.009873799470867], [76.72861004962583, 15.010623733899102], [76.72944753279553, 15.011915786636193], [76.73062465100784, 15.013695653766119], [76.73062467975396, 15.013695698883929], [76.73122952890945, 15.014675966245026], [76.73208567637583, 15.0160447824335], [76.73252988430069, 15.016801021146176], [76.73272783705671, 15.017138020914285], [76.73272785502303, 15.017138049546286], [76.73330011419833, 15.017969204508258], [76.73378404921831, 15.01874622915629], [76.7345192106839, 15.019943334569174], [76.73518932873301, 15.021050157381667], [76.73568264665613, 15.021985278395395], [76.73612019177651, 15.022924979779708], [76.73612025465856, 15.023078719851267], [76.73612029418443, 15.023164476360261], [76.73605552295751, 15.023292436925107], [76.73596241437497, 15.023476394743652], [76.73585097387239, 15.02377469033678], [76.73557703532144, 15.024515893819029], [76.73542249454987, 15.024988984299231], [76.73528915671393, 15.025397164905767], [76.73498272520085, 15.026305622043878], [76.73478373399233, 15.026830065098197], [76.73452312105034, 15.027516904070309], [76.73423027116603, 15.028350837429407], [76.73414700272907, 15.028587955063871], [76.73371519245347, 15.029776638297667], [76.73321834684623, 15.031109903166314], [76.7329814826654, 15.03155741238224], [76.73273512958018, 15.031796999914889], [76.73262974462092, 15.031843194902589], [76.73231207069207, 15.031982419209186], [76.73171847922369, 15.032222878177459], [76.73150788986658, 15.032308185946356], [76.73069900186898, 15.032665535324613], [76.73052485536634, 15.032721104250863], [76.73013178314072, 15.032846511025356], [76.72951344757783, 15.032882933451035], [76.7282487795579, 15.033019084139866], [76.72824874003203, 15.033019088477698], [76.72732821749577, 15.033105339845951], [76.72732818066484, 15.03310534418382], [76.72644009988676, 15.033200613051024], [76.72613488109933, 15.033233564264982], [76.72547301766933, 15.033305017394678], [76.724871212006, 15.033298186143382], [76.72431526893114, 15.033291872831573], [76.72375500675642, 15.033302306236434], [76.72306919513929, 15.033315076008435], [76.72237176561059, 15.033428290470974], [76.72223855803036, 15.033511211940938], [76.72213930586956, 15.033572988107105], [76.722092086825, 15.033626123265035], [76.72199065804625, 15.033740261523384], [76.72175819111871, 15.033884943331675], [76.72138626882813, 15.033898672599252], [76.7211850578826, 15.033868364101194], [76.72090729700012, 15.033826523878457], [76.72067481390292, 15.033799488706618], [76.72030278022126, 15.033849366956265], [76.7194846135251, 15.034166018785198], [76.71869442845173, 15.034848679377781], [76.71809028537201, 15.035653270061044], [76.71773708217535, 15.035938062413933], [76.71728607759707, 15.036028609624536], [76.71643978914094, 15.035848183186376], [76.71543980792283, 15.035252124185595], [76.71451422427826, 15.034637971314933], [76.71338863702393, 15.033684885462943], [76.7133885903115, 15.033684849892587], [76.712649112441, 15.033183594776407], [76.71204455344129, 15.032908145969742], [76.71153772036475, 15.032754707086125], [76.7115376835338, 15.032754699277966], [76.71092854312616, 15.032687130956573], [76.71036146094183, 15.032739217439445], [76.71013814425375, 15.032759728597865], [76.70879911818618, 15.03291835469218], [76.70879908045697, 15.03291835903005], [76.70741355938692, 15.033081553638212], [76.70574904943739, 15.033294514584286], [76.70474474732279, 15.033421352512475], [76.70424181832446, 15.033454286340987], [76.7039124492289, 15.033475851528143], [76.70388211132511, 15.033463766278468], [76.70373109823765, 15.03340358207208], [76.70353560506892, 15.032829791167426], [76.70353559069586, 15.032829752994244], [76.70336342946997, 15.03242771688355], [76.703363412402, 15.032427678710278], [76.70322846927664, 15.032138509958598], [76.70290267817087, 15.031257460179942], [76.70290267098433, 15.031257428947125], [76.7027810355016, 15.029224023252848], [76.70271048181921, 15.028529761468928], [76.70260379160783, 15.027479891632119], [76.70266651737086, 15.027137027624068], [76.70271044498827, 15.026896910830988], [76.70308681304117, 15.02613759926646], [76.70337335585387, 15.025526018630213], [76.7035653554745, 15.025116241011258], [76.70405789545659, 15.024257453679798], [76.70466657592678, 15.02313658003421], [76.70468594450261, 15.023090744088591], [76.70483844430188, 15.022729800639246], [76.70476373591127, 15.021857743914738], [76.70462387271311, 15.020931461664723], [76.70449821187961, 15.020497711489027], [76.70441245780425, 15.020320704238214], [76.70431212317355, 15.02011359982481], [76.70414128965766, 15.019885068339928], [76.7038934121314, 15.019553472146722], [76.70378189886529, 15.019136224932009], [76.70370261625325, 15.018839572222037], [76.70340477263429, 15.01809854598691], [76.70323258356065, 15.017705464744804], [76.70310706376262, 15.017466456593217], [76.70287429050957, 15.017023269902726], [76.70264289976375, 15.016742819132418], [76.70238596901608, 15.016431412363994], [76.70189301850391, 15.016169512701877], [76.70189298526626, 15.016169489275615], [76.70175048102114, 15.016137771815027], [76.7016093844361, 15.01610635628864], [76.70131649233096, 15.016214936268849], [76.70035422418515, 15.016563149456736], [76.69908513375907, 15.017006396101293], [76.69732785299355, 15.017598925331013], [76.6961227459719, 15.01801163522695], [76.69550550006547, 15.018223026045515], [76.69385051585122, 15.018806441789406], [76.6938504727321, 15.018806455671498], [76.69312061402164, 15.019018997914213], [76.69263802198302, 15.019030801134818], [76.69255807192273, 15.019032753299308], [76.69098656904615, 15.018956331686335], [76.69007308211519, 15.018892110648485], [76.68964287982395, 15.018861863356346], [76.68873462198626, 15.018852985772718], [76.68783889924006, 15.018844225318652], [76.68668113163726, 15.018844532459473], [76.68598377307546, 15.018813094772867], [76.68597467763321, 15.019603888183548], [76.68613311799145, 15.020756177002466], [76.6862216236065, 15.021483634002845], [76.68630073823357, 15.02188580872561], [76.68681700451894, 15.022351106041693], [76.68762151592445, 15.022924768082179], [76.68834699265295, 15.02341714474027], [76.68898875897341, 15.023909518527502], [76.68898879041444, 15.02390954282058], [76.68887259423074, 15.024036069649885], [76.6883195131884, 15.024863172941235], [76.6882026154205, 15.02496167818272], [76.68811035035597, 15.025039416404601], [76.68758958620597, 15.025030513917267], [76.68670085504763, 15.02494074201609], [76.68638532090579, 15.02490885841064], [76.68536245959743, 15.024886559231588], [76.68450222210156, 15.024838229297206], [76.6840000979937, 15.024810027792851], [76.68241457331386, 15.02478328299404], [76.67940172985213, 15.024824669497292], [76.67940168403806, 15.024824666894467], [76.67876933026515, 15.024748039996927], [76.67795567760331, 15.024626169163033], [76.67770924007647, 15.024517764378349], [76.67749992632706, 15.024016190139497], [76.67741376621322, 15.023529071714426], [76.67733689018785, 15.023094444454427], [76.67721595718766, 15.022674250801769], [76.67685878343741, 15.022352203574883], [76.67656956454347, 15.022091426061055], [76.67637350453779, 15.021958254737736], [76.67590453275551, 15.021639709004923], [76.67530007167217, 15.021341607378345], [76.67491454529495, 15.021222311430556], [76.6746723729691, 15.02114737423152], [76.67391912123028, 15.020993885246801], [76.67342157942873, 15.020808733177414], [76.67279387264078, 15.020700401069805], [76.67262180034814, 15.02059195524875], [76.67156139844404, 15.018703356959879], [76.67156463237906, 15.018581146902639], [76.67156596188569, 15.018531613872408], [76.6717286386988, 15.018292086066378], [76.67207262967223, 15.018002815739347], [76.67278849532549, 15.017370044100874], [76.67351371693246, 15.017021952830046], [76.67356483556374, 15.016913492126388], [76.67358803455593, 15.016696584436053], [76.67345757492215, 15.015444901689524], [76.67324817223954, 15.014608963980372], [76.67309456481755, 15.013786572222184], [76.6729596288787, 15.013298568016477], [76.67275963245541, 15.012937102174956], [76.67313153138981, 15.012747239567716], [76.67412632304047, 15.012087295569803], [76.67492122067584, 15.011553914126036], [76.67599037845899, 15.01084875865925], [76.6769758599701, 15.01021139757566], [76.67741279154113, 15.009822686137007], [76.67764518121355, 15.009533432106538], [76.67790536026929, 15.008805847640115], [76.67826311522951, 15.007856819983399], [76.67904370180405, 15.005958746821138], [76.6793038682834, 15.005217604758682], [76.68013555821783, 15.003247215482691], [76.6805026376907, 15.002478933774047], [76.68069306975114, 15.001778474720778], [76.68082780895894, 15.001453090057842], [76.68086494261784, 15.00122714084902], [76.68091191462571, 15.00111531152092], [76.68326585550466, 14.99374490359602], [76.68393940601648, 14.991815214914695], [76.68459899221723, 14.989871970240364], [76.68526338709965, 14.987932737772303], [76.68528610369657, 14.987866425669479], [76.68556513479685, 14.987052000333087], [76.68636876136182, 14.984968633180102], [76.68725128156831, 14.982501155021177], [76.68782260469911, 14.980955562416677], [76.68782261817383, 14.98095552683758], [76.6879875542499, 14.980520419048338], [76.68854721814664, 14.979043920422072], [76.68865403322381, 14.978759252705158], [76.68865405208842, 14.978759211051152], [76.68874232593812, 14.978605545848017], [76.6890119112532, 14.978519616130876], [76.69144765182361, 14.978311073213312], [76.69490133812114, 14.97802083501362], [76.69859212305981, 14.977680805738043], [76.7011951892249, 14.977404365533591], [76.70263615970416, 14.97728642834198], [76.70506246796407, 14.976987314638768], [76.70675445378487, 14.976787966306507], [76.70872998743518, 14.976583930796156], [76.7103148518533, 14.976050090269778], [76.71142565643133, 14.97571077293624], [76.71190433810352, 14.975466611684881], [76.71211345242696, 14.975218027813753], [76.71260579567799, 14.97414690469489], [76.71288912970847, 14.973636143652854], [76.71302385094998, 14.973414671631152], [76.7132189551482, 14.973292585826531], [76.71386045377069, 14.973251672721464], [76.7147017862214, 14.973138402087276], [76.71521769048569, 14.973083965791089], [76.71537571312733, 14.973011588267209], [76.71544540981694, 14.972882837407077], [76.71551502925146, 14.972753965843092], [76.71607694073306, 14.9713438393966], [76.71643906599714, 14.97050777447465], [76.71687575592135, 14.969829789941093], [76.71711717096744, 14.969061485469116], [76.7171493423327, 14.968266222434558], [76.71712087202643, 14.9668472778365], [76.71704095071222, 14.964737030401066], [76.71705866189636, 14.962793947912326], [76.71703183101546, 14.961361591592901], [76.71698263208395, 14.958736075276986], [76.71692529441603, 14.955062302038757], [76.71689692651763, 14.9539009874833], [76.71678358787489, 14.949671486738128], [76.71674579305595, 14.948388120261937], [76.71674100323885, 14.947900075470253], [76.71670831893556, 14.94760642076288], [76.71630361083207, 14.946883538305727], [76.71552208641636, 14.945103403913446], [76.71442891576734, 14.94292583800924], [76.71397304860838, 14.941904679803471], [76.71339627090718, 14.940698464634636], [76.71313105050608, 14.939989029483991], [76.71297293533796, 14.939645722407395], [76.71282411503812, 14.939487588736478], [76.71220603369845, 14.939718294328904], [76.70858147076588, 14.941255985621874], [76.70672274954353, 14.942065504045969], [76.70616045178637, 14.942327784246546], [76.70607218602152, 14.942363940868116], [76.70602106379702, 14.942327803341207], [76.70602094521941, 14.942138061262602], [76.70610438074299, 14.94144212651622], [76.70663314708553, 14.938631236191139], [76.70693925161187, 14.936999862709914], [76.70703190654518, 14.936236100755444], [76.70739848206318, 14.93472669278637], [76.707440000399, 14.933791370355966], [76.70734204899873, 14.932733901982337], [76.7071511713739, 14.932020080654704], [76.7070394416138, 14.9314146004348], [76.70695100427072, 14.931084703909331], [76.70680689832948, 14.930985346516282], [76.70657454458964, 14.930967406994126], [76.70481319535419, 14.931207480346478], [76.7037954813924, 14.93137049037045], [76.70356308722839, 14.931424767126757], [76.70340504662047, 14.931375162727207], [76.70281473759611, 14.930982216561045], [76.70027198252258, 14.929302023800982], [76.69854278039787, 14.92829038350306], [76.69785024758579, 14.92791545740614], [76.69750627008708, 14.927725824984105], [76.69737145811577, 14.927676119042852], [76.6972366560259, 14.927626497285985], [76.69709722761233, 14.927644636726777], [76.69583805009543, 14.928413202332585], [76.69265057863403, 14.930411422546761], [76.68813875508526, 14.93323244122907], [76.68657749659617, 14.934240480477042], [76.68501619408967, 14.935248599187648], [76.68123373248298, 14.937630942380164], [76.67994193713814, 14.938435619128754], [76.67933786502532, 14.938874053258859], [76.67898925491471, 14.938991577600083], [76.67862208471199, 14.939032335801514], [76.67588930541314, 14.93891097946866], [76.67464373108457, 14.938902139363773], [76.67370492783228, 14.93905154620093], [76.67192498616538, 14.939341080293104], [76.6708886465345, 14.93952200646279], [76.66535348018034, 14.94086057694378], [76.66380124257334, 14.941249447400715], [76.66278347830591, 14.941516175937155], [76.66154259857302, 14.941751340571164], [76.66090118978207, 14.941828277526996], [76.66017153409086, 14.94188258809415], [76.65986948725467, 14.941882626283567], [76.65981365516315, 14.941783250450998], [76.65993914531673, 14.941638587951385], [76.66038058193894, 14.941014940119192], [76.66093330096021, 14.939243525115502], [76.66154655565187, 14.937612132850557], [76.66229921270593, 14.936098245438076], [76.66261967500544, 14.935171797881532], [76.66261964985259, 14.934792183735139], [76.66250801711055, 14.934376475187477], [76.66244751108458, 14.933752921707267], [76.66246135591976, 14.933165516775516], [76.66268898811441, 14.9323158953806], [76.66277223678844, 14.93044061557432], [76.662813834176, 14.928868015999592], [76.66283681218265, 14.927548564856295], [76.66288776462555, 14.92649114995611], [76.66293397576041, 14.925171617384137], [76.66298046088141, 14.92475137656963], [76.66310580101639, 14.924439588694726], [76.6635100527757, 14.923901707152307], [76.6639514606518, 14.92329165739008], [76.66431377905366, 14.922487237282088], [76.66456911080012, 14.921190273955053], [76.66487561867002, 14.919762277085624], [76.6649219088566, 14.918619060281204], [76.66500989794035, 14.917367272488676], [76.66513062612468, 14.916639722373487], [76.66521414519158, 14.916052296716657], [76.66530241005813, 14.91586244810401], [76.66565555486432, 14.915564201904122], [76.6667381918683, 14.914913265895033], [76.66868978631463, 14.914104078346204], [76.67077620800363, 14.913462001639857], [76.67287651944358, 14.912774770071183], [76.67523702970216, 14.911924733018914], [76.67676578175438, 14.911481605851092], [76.67714690009849, 14.911368492729167], [76.67736056079556, 14.911250992347227], [76.67744880230595, 14.910903027331521], [76.67762967808838, 14.90930328953675], [76.67806127995483, 14.907224539214425], [76.67832108980299, 14.905570626228982], [76.67847889505234, 14.904617082467865], [76.67849267251385, 14.904133543514922], [76.67830188651718, 14.90307619319912], [76.67808789434177, 14.901829077396796], [76.67788783054482, 14.90098408855822], [76.67775281375765, 14.899994517869558], [76.67758530849987, 14.89905912164704], [76.6775340470365, 14.898327100470036], [76.67749195108395, 14.897012089964718], [76.67750092794863, 14.895715190992034], [76.67756204303231, 14.89441157614771], [76.67735193337558, 14.894657825384417], [76.67669695193898, 14.895512058569931], [76.67593974671465, 14.896348164520349], [76.67535441615361, 14.896836335899268], [76.6747967878393, 14.896981084969292], [76.67417421222827, 14.897035448534107], [76.67353294177789, 14.897076185171668], [76.67287307889602, 14.897031129625368], [76.67201344416972, 14.896859562533052], [76.6714976135673, 14.896656386047761], [76.6702475045432, 14.896109808482265], [76.66899742067191, 14.89563555936202], [76.66736164962495, 14.894917349797625], [76.66652057678738, 14.894565039423178], [76.66627425154994, 14.894547076896822], [76.66611176877294, 14.894962786895453], [76.66590272002654, 14.895541189487668], [76.66578196219784, 14.89581689733377], [76.66547990997174, 14.895853108655155], [76.66467609565888, 14.895758366449398], [76.66391395509036, 14.895794643758338], [76.66294747923574, 14.895731468385293], [76.66285917663996, 14.895573343224028], [76.66285913352083, 14.895351944363773], [76.66284049976686, 14.895175655043856], [76.6624687517495, 14.89521644585717], [76.6619855506531, 14.895239101436367], [76.66196697708627, 14.895374625104415], [76.66196697349302, 14.895582551460118], [76.66187873288101, 14.895740701790347], [76.66157676150327, 14.895758787491252], [76.66028962212654, 14.895853877815767], [76.65834734231139, 14.896062045047955], [76.65688828694884, 14.89617516447641], [76.65501573706096, 14.896396834213604], [76.65314308476519, 14.896618477678958], [76.6526843331159, 14.896693388088742], [76.65170264968182, 14.896853647142411], [76.65043404973592, 14.896740783298634], [76.64911907246682, 14.896682136336779], [76.64831520784831, 14.8966325586503], [76.64815717352857, 14.896519633053828], [76.64790159474542, 14.896221368731966], [76.64709290078392, 14.894910998551977], [76.64666072489399, 14.89446367887533], [76.64535034610084, 14.894386974127265], [76.64424443195121, 14.894346322058169], [76.64321283811995, 14.894070778143504], [76.6415167766427, 14.89356480457087], [76.64095919773577, 14.893343416668351], [76.64078730780109, 14.893727472424306], [76.64073158260904, 14.893899204352572], [76.64026690567215, 14.893677787277063], [76.63950016393274, 14.893352530372798], [76.63821767872749, 14.892792285118457], [76.63778553427859, 14.892588913806037], [76.63767864284463, 14.892277160936052], [76.63743234276002, 14.891721284857386], [76.63724634837709, 14.89047860986576], [76.63715336466032, 14.889836959282317], [76.63644248465688, 14.889823456923768], [76.63496490782978, 14.889746691489371], [76.6345467052341, 14.889574950174232], [76.63447236155947, 14.88898755831704], [76.6342585283859, 14.887808082606243], [76.63394248310263, 14.886515765098764], [76.6337193739254, 14.884970359473643], [76.63340801245803, 14.883709562317716], [76.63310142643472, 14.883452016004794], [76.63279940475137, 14.883483598548251], [76.63242766571713, 14.883628222889046], [76.63151230579878, 14.88375927494032], [76.6301927731729, 14.88382264048116], [76.62878482925507, 14.883867821202083], [76.62681017325876, 14.883985288774973], [76.62545797788914, 14.883994303903304], [76.62370163945634, 14.88374571837414], [76.62238213288155, 14.8837547352488], [76.62077904973118, 14.884080037893463], [76.61975215678382, 14.884278921832081], [76.6193386245293, 14.884143308709], [76.61842332928968, 14.883592012985996], [76.61735462605405, 14.883167168653422], [76.61652302684946, 14.88279203198834], [76.61379095003313, 14.881892703559881], [76.61223905917585, 14.8814361254485], [76.61120295220861, 14.88125087548444], [76.61042235215932, 14.881259812590368], [76.60921892139402, 14.88149018386119], [76.60772276291527, 14.88165721216819], [76.60569229908192, 14.881756508120786], [76.60348528126099, 14.88184207457324], [76.60141292269776, 14.88194579643842], [76.59877381522514, 14.881877719582807], [76.5964227785995, 14.881759902719825], [76.59485691804126, 14.881610608897763], [76.59435517841234, 14.881321333103115], [76.59440636262062, 14.880923648140813], [76.59450866815507, 14.880345239307777], [76.59447621921038, 14.879726212296925], [76.59422591623286, 14.87586257359776], [76.59381289511974, 14.871790972154205], [76.59367378560809, 14.869978979277704], [76.5934743173942, 14.867931899797217], [76.59307975935512, 14.865541372162001], [76.59269897967584, 14.86405008916199], [76.59210913867379, 14.862947369295696], [76.59076202417539, 14.861537310236788], [76.58869951474092, 14.859851422505699], [76.58748707028006, 14.859164382053617], [76.58692036269318, 14.858789221021183], [76.5862095159274, 14.858671574757734], [76.58558231039939, 14.85883417602285], [76.58395153398543, 14.859159217554964], [76.58252514765479, 14.859547523602307], [76.58009979879562, 14.860328831811984], [76.57889638419996, 14.860875373302965], [76.5772143553058, 14.861729032673757], [76.57547189943737, 14.862713732667277], [76.57228900399407, 14.86434884600585], [76.57072775718308, 14.865225142561], [76.57054789470027, 14.865325964646361], [76.57000281764714, 14.86563159972803], [76.56984018934304, 14.865956934913456], [76.56968672026159, 14.866372651412606], [76.56911947997372, 14.868112286038574], [76.56868235256995, 14.869449680510296], [76.56756169526989, 14.87308257393888], [76.56675737520548, 14.875287522450156], [76.56603655085185, 14.877492530033697], [76.56521813532237, 14.879801432445726], [76.56499968211324, 14.880343648784452], [76.56447456652404, 14.880384194102936], [76.5625464109201, 14.880293271209121], [76.56063680732343, 14.88013450701867], [76.5582904095979, 14.88007966342181], [76.55674781989707, 14.879952647959309], [76.55417847289449, 14.879816288074734], [76.5525429354095, 14.879874528971904], [76.55087017623076, 14.880131473561285], [76.54902999623587, 14.88068219384219], [76.54673460215724, 14.881024794537437], [76.5445646066041, 14.881304215953994], [76.54257125037853, 14.881488780006045], [76.54171631204456, 14.881511069786189], [76.54116832894144, 14.880665801579573], [76.54051831518838, 14.879422851011139], [76.53929711035684, 14.877524509349671], [76.53850781281898, 14.87609172385808], [76.53738339337448, 14.876064209517411], [76.53488850682749, 14.875837209778437], [76.53207747797917, 14.87582254922211], [76.5303258790578, 14.875695234325168], [76.5305397535539, 14.875365518945035], [76.53093483890405, 14.875135207115726], [76.53131131834807, 14.874751271908494], [76.53135788162248, 14.874439480219342], [76.53261303558526, 14.872994003445658], [76.53338937492512, 14.871963962248147], [76.53282256133706, 14.872040552555148], [76.5322184622748, 14.872076448364556], [76.53138211098234, 14.872288533402434], [76.53082912605976, 14.872365074973782], [76.5304900758204, 14.872247490807252], [76.5302020705504, 14.872003346590995], [76.52982594055104, 14.871659762627383], [76.5290919810313, 14.871352127008308], [76.52815822810756, 14.87108057793569], [76.52667628995974, 14.870501551443464], [76.52505035995672, 14.870044439567554], [76.52425142080091, 14.869700605038444], [76.52353133037086, 14.869555746486158], [76.52316426167776, 14.869641450618287], [76.52257868318172, 14.870007122993862], [76.52162125695527, 14.870639341979675], [76.52051039578336, 14.871425146521082], [76.51935777103554, 14.872251549745924], [76.51885124608116, 14.872515657558306], [76.51834462231204, 14.872779774597795], [76.51768939563537, 14.873095763918844], [76.51711801680902, 14.872905715955646], [76.51567327879545, 14.872484728047468], [76.5135410574, 14.871715516527797], [76.51239843898618, 14.87106875094881], [76.51173412764705, 14.870792759664944], [76.51057740478494, 14.870557145889046], [76.5092580482288, 14.870222092590442], [76.50653586276209, 14.869371174828244], [76.50535595168753, 14.869153638750669], [76.50368328952685, 14.86918436383563], [76.50286090524041, 14.869170346189057], [76.50186681876725, 14.868844426315277], [76.50095174271654, 14.868577349848433], [76.50022229184121, 14.868495601851064], [76.49954399822468, 14.868445514973022], [76.49931646304806, 14.86823758241487], [76.49921912699378, 14.867862401551438], [76.49926574237048, 14.867532594323272], [76.49932732098492, 14.865585016438304], [76.49928699471347, 14.863004721307526], [76.49900634395073, 14.862779197765326], [76.49670648883841, 14.862783013769198], [76.49618599957292, 14.862552780546787], [76.49565082375081, 14.860953396713288], [76.48864961044625, 14.861544303245166], [76.48591784714198, 14.861676729282413], [76.48530887292267, 14.861057900509987], [76.48474174133095, 14.860511403762768], [76.48304559271716, 14.859739418855645], [76.48187462437127, 14.859396527354969], [76.48072334080818, 14.861087103806856], [76.47760764204305, 14.864870727651484], [76.4756898817436, 14.867347854232596], [76.4750957333197, 14.868446200012404], [76.47475331439804, 14.871510087609023], [76.47449943971897, 14.875197589772016], [76.474719240401, 14.878252272354535], [76.47540218279912, 14.878206793533122], [76.47534318863777, 14.881144053859662], [76.47204431619969, 14.881479785609434], [76.47072027403107, 14.881841841900055], [76.4688604002702, 14.878801412109109], [76.46517949769797, 14.876340077717945], [76.46406165032808, 14.881216278271872], [76.4608517874599, 14.883273613354875], [76.45912353126121, 14.88391137321683], [76.45917025623241, 14.884534890555456], [76.4596633316104, 14.88584069389896], [76.4607186445584, 14.887317975606464], [76.46037091659338, 14.889243086503479], [76.46062745926886, 14.891669593834914], [76.45983852105711, 14.894259243940896], [76.45897050864247, 14.896573125138415], [76.45765653029997, 14.899483745397205], [76.45754058115298, 14.90003054271295], [76.45736047163346, 14.903003973510137], [76.455590745608, 14.90498835111501], [76.45500638792242, 14.908047851090329], [76.45432826229084, 14.909069323801456], [76.45297197689175, 14.910719102205515], [76.45301609585029, 14.917257793476214], [76.45297899902228, 14.917583224325766], [76.45701831142658, 14.919868349540492], [76.45843624730533, 14.921110561476308], [76.46078394938459, 14.923251576727646], [76.46138800532773, 14.923052585567731], [76.46191315595125, 14.922971052678221], [76.46315868626239, 14.923155871800885], [76.46436694816727, 14.923114702619653], [76.46622623981985, 14.923882241938173], [76.4680017249446, 14.924459923606081], [76.46992226463159, 14.926998702257924], [76.46798395716661, 14.926231266075733], [76.46620821153043, 14.92518360024583], [76.46185814222494, 14.924977375146232], [76.46040870063257, 14.926238652794419], [76.45659854396567, 14.928219277238933], [76.45309424119516, 14.927655576984046], [76.45072926810622, 14.929355395764212], [76.44628658249495, 14.930400613495925], [76.44258746927528, 14.931169960846871], [76.44070084368526, 14.931884402133933], [76.43777331951426, 14.933313168215856], [76.43556609777575, 14.934660334715103], [76.4345251363127, 14.935175743666067], [76.43233152944063, 14.935246313827562], [76.43013790999214, 14.935316858794803], [76.42733437938149, 14.932305580306213], [76.42589822836374, 14.930762821862604], [76.42457863914396, 14.931947007042805], [76.4225614209695, 14.931251511457718], [76.41874139002104, 14.932137938578737], [76.41757484677622, 14.932499643192628], [76.41572043387396, 14.932002896362663], [76.4133873330113, 14.931899314927458], [76.41265771864259, 14.93182714223976], [76.40968810660391, 14.933020503884205], [76.40783844309456, 14.933499817684025], [76.40608630877728, 14.93303908727388], [76.40391118743716, 14.932894728752382], [76.40197318360275, 14.932596750084253], [76.39799490273887, 14.9330896165526], [76.40118333180433, 14.93448111782512], [76.40175031247905, 14.934829036001307], [76.40391207137935, 14.939279868866077], [76.40411664022744, 14.939709131379802], [76.40405190403482, 14.942253144038482], [76.40385685643044, 14.943523037794034], [76.40632499474152, 14.944638900335597], [76.40628793654113, 14.945854412278539], [76.40677602537097, 14.946401105554816], [76.40646481661722, 14.947539899163788], [76.40785512211444, 14.951019247524881], [76.40475492198289, 14.951037687020461], [76.40447607683387, 14.95146698243485], [76.40310488479092, 14.95120502064024], [76.40181746064823, 14.951331724117082], [76.4002929854751, 14.951964509606745], [76.40042802651683, 14.954119990552027], [76.39733254343885, 14.955078221708098], [76.39656097235647, 14.954766467449279], [76.39535249844917, 14.954653594087553], [76.39411151900327, 14.954979119295409], [76.3940095647101, 14.958512807849088], [76.39142037122794, 14.956416226508761], [76.38923122179631, 14.957487327147424], [76.38617746456497, 14.958364034223028], [76.38553143034859, 14.95844994598618], [76.38432292410194, 14.958490640608794], [76.38239395103108, 14.958192519557091], [76.38046040553546, 14.958748313155985], [76.37719278279114, 14.958029811959928], [76.37469213804319, 14.95733844172151], [76.3737391953083, 14.959534602142892], [76.37419476422654, 14.960591985344346], [76.37427843510876, 14.961373725178548], [76.37420403573859, 14.96196121693513], [76.37424123227957, 14.96254867757473], [76.37445041577327, 14.963095438524393], [76.37457126972168, 14.963800302666748], [76.37434345427067, 14.964979780608259], [76.37430622359375, 14.965802128249889], [76.37492451513917, 14.968224221840634], [76.37513831327847, 14.970583026213559], [76.37518946424908, 14.971482303840595], [76.37559847797773, 14.972969025391176], [76.37571003885454, 14.977785992186085], [76.37601689077917, 14.981699321588387], [76.37606331571307, 14.982363560271489], [76.37578439510555, 14.982835737425138], [76.37550557510936, 14.983308009860265], [76.37425966391257, 14.983981267502003], [76.37240492312523, 14.983719114619845], [76.37057800675551, 14.98401286303819], [76.36921125598332, 14.984021783721566], [76.36671496896278, 14.984505214782487], [76.36478574166871, 14.984871109174927], [76.36430228095922, 14.984952433707011], [76.36372119583623, 14.985268711970091], [76.36314011250984, 14.985584983691483], [76.36309819352545, 14.986217679326163], [76.36366533589693, 14.986687675975423], [76.36383263544049, 14.987424187684164], [76.36509698635511, 14.990045156855652], [76.36595690584737, 14.992309162700083], [76.36311631973125, 14.995110629355601], [76.36231197092077, 14.995503746080612], [76.36167045253536, 14.995666366206581], [76.36144959184128, 14.995901315235368], [76.36384570682618, 14.995697666726972], [76.36552737280098, 14.9956606175382], [76.3678204285649, 14.995363487966584], [76.36843198364404, 14.9958464274376], [76.36896694926034, 14.996998112007326], [76.36961665489127, 14.997406845027736], [76.37152768231769, 14.996923903006003], [76.37259776985717, 14.998632830283487], [76.37305634813161, 15.000416001179222], [76.37321805296759, 15.001111946574827], [76.37419779244736, 15.001906354383854], [76.37536464650927, 15.003379479583765], [76.37640606431647, 15.004911414207006], [76.37717316897525, 15.006393570336424], [76.37795890559131, 15.008160438004067], [76.37876787713222, 15.010230067111523], [76.3791304955714, 15.011481750044586], [76.37917235347038, 15.01281934682418], [76.37883300139706, 15.014387379932625], [76.37861913768074, 15.015530561485255], [76.37908879397926, 15.01691785547414], [76.37985593996055, 15.01850845767571], [76.38004654180259, 15.019439375756228], [76.37998153431874, 15.02058264999919], [76.37949332331803, 15.021590351943066], [76.3786842987765, 15.022489548746343], [76.380279165037, 15.023343604297915], [76.38151121702558, 15.023632756335436], [76.38217149313242, 15.023208029603706], [76.38338499041883, 15.023049836171213], [76.38472400390998, 15.02309045517372], [76.38642576699434, 15.023167258791466], [76.38769971730608, 15.023293687153037], [76.38891323255879, 15.023081241999986], [76.38987098936525, 15.023641532210002], [76.39154944476122, 15.022846194446341], [76.39278148776667, 15.022421266598355], [76.39382295587951, 15.022498034017023], [76.39597115291397, 15.023437838992919], [76.3970776824096, 15.02363199283868], [76.39863065124523, 15.023767451871572], [76.39933279423423, 15.024232857875619], [76.40045803024731, 15.02502801001132], [76.40247610631288, 15.026442245432548], [76.40439199901488, 15.028272089669981], [76.40486174244998, 15.02939277324066], [76.404796973918, 15.031855466772976], [76.40490415191455, 15.033821185729305], [76.4049881030711, 15.035664799947577], [76.40450000974967, 15.036573142230836], [76.40392831381801, 15.037815863322324], [76.40333324731594, 15.038977283643298], [76.40109667043058, 15.038977499662602], [76.40097126741354, 15.039799911479824], [76.40054365316864, 15.041932871922997], [76.4000788055518, 15.04303548592341], [76.39924667454457, 15.044820488659205], [76.3988237530987, 15.046573847660408], [76.39816366473971, 15.049077259599043], [76.39771730714641, 15.049596963870096], [76.39512277138324, 15.051662316019874], [76.39254681278015, 15.053677893395982], [76.39245374911336, 15.056073989472532], [76.39242145737383, 15.056904305674486], [76.39235667357049, 15.060180352926972], [76.39239886204948, 15.06471272638178], [76.39435662163362, 15.063908274040356], [76.39612363654355, 15.063289021614306], [76.39698911391247, 15.063170777062835], [76.39784424089267, 15.063053912557882], [76.39958810352282, 15.062900173552853], [76.40229000682704, 15.062773306325763], [76.4037176175614, 15.062615042491995], [76.40518241315863, 15.06207264096677], [76.40718200818384, 15.061977459605963], [76.40984192423171, 15.06184157897719], [76.41077642275715, 15.060241742283173], [76.41254291664424, 15.056793633237199], [76.41347735588086, 15.055329468259995], [76.41481637386359, 15.0538606495606], [76.4167272782208, 15.052152219040948], [76.41819637405331, 15.050457365090432], [76.42093455671859, 15.04708592737829], [76.42199911692417, 15.0459605125036], [76.42448672442242, 15.045395190297054], [76.42748585510134, 15.044825129911436], [76.42925254302455, 15.043875876347224], [76.43097274133515, 15.042849652015299], [76.4328650927868, 15.042130767098474], [76.43424604951686, 15.041741752022608], [76.43571526392698, 15.04130760430793], [76.43760757675109, 15.040764869188546], [76.43977887486137, 15.04025820423434], [76.44345678784033, 15.039647104788905], [76.445604942654, 15.039434155390815], [76.4474135657313, 15.039144335066963], [76.44883632556311, 15.038850231264378], [76.45166339472912, 15.038655017240533], [76.45287697466053, 15.038763086041662], [76.4543883568884, 15.03918729077918], [76.45583400040378, 15.039685386936672], [76.45647171083071, 15.039905064753636], [76.45910860036288, 15.040911848681954], [76.4600667838691, 15.041706851901186], [76.46117378947181, 15.04249718742989], [76.46170421949428, 15.043418848419115], [76.46262094395352, 15.045180842989115], [76.46523610234065, 15.049667066884926], [76.46655285557905, 15.051546327443752], [76.46976811732209, 15.056185841185707], [76.47194026613694, 15.059364388687479], [76.47328131700718, 15.061326771011917], [76.47485414400049, 15.06340020247013], [76.47749267205974, 15.067185851237413], [76.47995901284193, 15.070496970507413], [76.47851327949505, 15.071699625621891], [76.4760915706094, 15.07428542746005], [76.47464589385636, 15.075836021394855], [76.47377657529132, 15.076572945367932], [76.47273516287399, 15.077309958731224], [76.47156398522066, 15.07893718836335], [76.47062969510434, 15.080166638562252], [76.4704397400493, 15.081834175712316], [76.46997041522911, 15.0827019242212], [76.46844088343924, 15.083927167618015], [76.46714332001193, 15.084081325977577], [76.46623214714116, 15.084971917653894], [76.46506073323087, 15.086377625419733], [76.46435889387246, 15.087480518365123], [76.4628293288449, 15.088895426806225], [76.46076498864389, 15.090563693431964], [76.45957478916442, 15.09169829688974], [76.45910553890438, 15.09282363122453], [76.45861775460342, 15.094491219118309], [76.45757718480587, 15.097600486905216], [76.45704787318594, 15.10004086945282], [76.45604878938484, 15.102454201839564], [76.45526329351726, 15.10394568962171], [76.45460329768474, 15.105360247281448], [76.45347868600078, 15.107927345434062], [76.45267463363435, 15.109712444570219], [76.45086668070029, 15.113770922687333], [76.44984412212415, 15.116021615906366], [76.4485473438244, 15.118886887840272], [76.4481010877407, 15.11986757188276], [76.44735745516199, 15.121553303556423], [76.44669736051482, 15.12300853193179], [76.44576310183953, 15.125227609752402], [76.44455472045871, 15.128467879924084], [76.4437459258859, 15.130451845313742], [76.4428949365459, 15.131405578830948], [76.44178838549071, 15.133362462983866], [76.44085409896769, 15.135540833131412], [76.4401521580996, 15.137185793507491], [76.43944998456789, 15.138211799934501], [76.43857568125132, 15.139142900013674], [76.43702228930918, 15.14052152299798], [76.43559911804897, 15.141750968486672], [76.43491566091618, 15.142989304385761], [76.43404614921333, 15.144774409149477], [76.43279069790822, 15.146952732140566], [76.43193973551766, 15.148520949601506], [76.43115384349306, 15.149917433493421], [76.42932605935074, 15.152059703015759], [76.42773077896692, 15.153610032932505], [76.42653999827745, 15.154577322044716], [76.42453998194235, 15.156913892099285], [76.42309349490893, 15.158658431108408], [76.42164702135022, 15.160515968940793], [76.42064710391251, 15.162174459647803], [76.4197542288258, 15.164266858856577], [76.41854495721446, 15.166264312594961], [76.41733113473795, 15.168695649473023], [76.41620554209369, 15.170959751554612], [76.41473573120223, 15.173133504530657], [76.41335412139695, 15.174525462299934], [76.41165138813209, 15.17544757051109], [76.40935299637539, 15.176320010257683], [76.40820391188812, 15.177169668161767], [76.40722700479645, 15.1782950036978], [76.40614304996392, 15.179497062122078], [76.40388661402255, 15.18111508037804], [76.40267234687994, 15.18245279007693], [76.40156513735968, 15.183944077642474], [76.39943904966098, 15.187111951782997], [76.39790387285785, 15.189669633725735], [76.39586141561718, 15.193393279804035], [76.39956550191027, 15.193935187569787], [76.40286461060529, 15.194156250522056], [76.40490737237485, 15.194192151990547], [76.4066523354412, 15.19403836071263], [76.40916032211996, 15.19378496085745], [76.41207840499736, 15.19685727259263], [76.41475921496038, 15.199762449189453], [76.41699332686863, 15.202310568652575], [76.41834865107039, 15.203709405093324], [76.41971616002067, 15.205120751561164], [76.42091224616023, 15.205992643871667], [76.42214552524747, 15.206340362844575], [76.42322993193261, 15.207126359928735], [76.42399521840122, 15.207998181529769], [76.42467757150455, 15.208775439755003], [76.42632071592335, 15.210925983542506], [76.42834107191307, 15.213568986008292], [76.4313435586979, 15.217133589204657], [76.4302128914706, 15.217924633367483], [76.4290871559942, 15.219583247651752], [76.42831976836611, 15.221634977743518], [76.42768278108296, 15.22399837461236], [76.42779019264152, 15.225733595907851], [76.42830247400025, 15.227052942409845], [76.42880607224348, 15.227957526207232], [76.42930357631582, 15.228851113735534], [76.43066776778775, 15.23133155058328], [76.43188286677031, 15.232939923622125], [76.43420005577434, 15.23097372395666], [76.43536794110216, 15.229870894326343], [76.4377548196093, 15.227719328766145], [76.44032799972321, 15.226168797765396], [76.441519228672, 15.225788862863855], [76.44322243984061, 15.225286759162163], [76.44405519517699, 15.22459065681869], [76.44511604174713, 15.223718206118583], [76.4469258218545, 15.222050236109745], [76.44826566988056, 15.220644553186672], [76.4499920953127, 15.220336726539067], [76.45148115710069, 15.219983789950273], [76.45324467397096, 15.2192873571568], [76.45520379899429, 15.218920634777481], [76.45709769105667, 15.218404807778354], [76.45914035670648, 15.2176675496497], [76.46067112727313, 15.21696662774148], [76.46305318901372, 15.215379636884796], [76.46556539957098, 15.213643479912125], [76.46726834843149, 15.212793290166248], [76.46837563161364, 15.212286785748045], [76.46966917418175, 15.211997087242453], [76.47190729976266, 15.211259594312327], [76.47433138648887, 15.21051301078955], [76.47546213815784, 15.210318194899587], [76.47790982182991, 15.210104690464783], [76.47929182958887, 15.209968541616385], [76.47963167393893, 15.21020337756386], [76.4799635637072, 15.209974275816322], [76.4804178677975, 15.2096607340423], [76.48201328023369, 15.208223081177543], [76.48297140175615, 15.207187859285806], [76.48431532364202, 15.20538424979888], [76.48592915872803, 15.203503693235751], [76.48654750057914, 15.202436983061371], [76.48663076362618, 15.201614513489934], [76.48677897666492, 15.200200097306626], [76.48677781783819, 15.19806723282907], [76.48703319360212, 15.19694197150016], [76.48769330711393, 15.195771299947863], [76.48833497551799, 15.194858195813719], [76.49075760248188, 15.191739109614804], [76.49194804360818, 15.190197560549416], [76.49350088667966, 15.187928446605254], [76.4953932192667, 15.185293047563272], [76.49711384697201, 15.183642807085313], [76.49900348640982, 15.18213790261385], [76.49974484804748, 15.181735290069602], [76.50056367500537, 15.182020453444068], [76.50419204140485, 15.183536225188305], [76.50650405970609, 15.184549648333192], [76.50949975702403, 15.18592500338265], [76.51154766524182, 15.184877708990898], [76.51465212787939, 15.183198304265725], [76.51811010453072, 15.1815416483464], [76.52009100920812, 15.184122777806312], [76.52169527993132, 15.186120856999656], [76.52327624925435, 15.18823639513343], [76.52441529057673, 15.190238714548538], [76.52468979596463, 15.19040150644718], [76.52661110910104, 15.191310648083828], [76.52760191852008, 15.191934634474284], [76.52808083285592, 15.192648798582788], [76.5285598199553, 15.193367519387], [76.52900170932841, 15.193747310752586], [76.53013213670552, 15.194303624827945], [76.53125797009828, 15.194859914896641], [76.53297000541788, 15.195728246768589], [76.53333735887693, 15.196198294286267], [76.53413236700504, 15.197888657170589], [76.53491361384135, 15.199000581499055], [76.53627704623686, 15.198960516293429], [76.5389809240381, 15.198279271396894], [76.54222950878656, 15.196703470254132], [76.54479418634632, 15.194838163251909], [76.54599510721873, 15.19396201508849], [76.54857803135855, 15.192738351325211], [76.55000220513863, 15.191794401090581], [76.55010457355513, 15.191925530923912], [76.55077421729378, 15.192956034551274], [76.55271824972205, 15.196070071241133], [76.55331797937876, 15.19740332997795], [76.55469441848129, 15.20044937434134], [76.55542441643061, 15.202198424747477], [76.55586653128087, 15.201954546981781], [76.55733270669037, 15.200902130845233], [76.55907796889572, 15.199854316107967], [76.56019023143949, 15.199732603896948], [76.56222371900205, 15.199516342430211], [76.56456000529072, 15.198667498339134], [76.56665901058022, 15.197122699608206], [76.56843701907259, 15.195397022293259], [76.57002876189085, 15.194285855722123], [76.5718715200506, 15.193789252084725], [76.5737608064505, 15.193405551002765], [76.57503114014493, 15.193437567081347], [76.57623631813347, 15.193496564177085], [76.57826968172853, 15.1937455327104], [76.58138260020785, 15.194179970129602], [76.58397438892288, 15.194410942497118], [76.58648713936763, 15.194533470075086], [76.58908825259532, 15.194533985887432], [76.59109374416207, 15.194475518764873], [76.59371352977121, 15.194521141725806], [76.5961564460841, 15.19501407401222], [76.59686320821027, 15.195091183002692], [76.59901813811781, 15.195326214104012], [76.60140059332049, 15.195326483712496], [76.60365736433344, 15.195512064419155], [76.60548602523144, 15.199701428790496], [76.61167920932785, 15.200682239191332], [76.61450838594152, 15.201301462940968], [76.6151784464985, 15.201699172344101], [76.6159368366007, 15.203158734051794], [76.61628580873237, 15.204315543199195], [76.61682090640105, 15.20563956275974], [76.61784460224432, 15.207569146230494], [76.61803534961342, 15.208228820626095], [76.61823541341033, 15.208739515630656], [76.61859372173276, 15.20929983314594], [76.61905907689771, 15.20987376736131], [76.619333646066, 15.210321119640119], [76.62004088789256, 15.211396606568272], [76.62080409026974, 15.211970461391603], [76.62203730018672, 15.21256246449445], [76.62232578605538, 15.21291042747749], [76.62235371916913, 15.213710233840724], [76.62260966985482, 15.21436094506009], [76.62319597239299, 15.215508712409816], [76.62374049788058, 15.21694570619026], [76.62615576584564, 15.223027922580053], [76.62832920104802, 15.22902425797726], [76.62864564697989, 15.231739978833081], [76.6286456712344, 15.234397050847797], [76.62875742165572, 15.236109601749574], [76.62964643398678, 15.237840319308482], [76.63066567957611, 15.239137180649504], [76.63247620708182, 15.240063481138447], [76.6335094430334, 15.241590809979389], [76.63446370180016, 15.243226504780987], [76.63510136910796, 15.244306489074107], [76.63376561021308, 15.245540121066774], [76.63223903028722, 15.24677824310837], [76.62896701837447, 15.249742594589206], [76.62760601951506, 15.251097011452927], [76.62288833803576, 15.254478760962149], [76.62117541607894, 15.255513567363245], [76.61909942652535, 15.256584370428717], [76.61850824703347, 15.258396411259891], [76.6166369808382, 15.262404415490991], [76.61570590489396, 15.264220844956142], [76.61359722924044, 15.265603415041328], [76.61228915282936, 15.266574849158923], [76.61039456277601, 15.267826379336762], [76.60899334903628, 15.269041829638088], [76.61510053202065, 15.269254676291716], [76.61844742300391, 15.269209597293278], [76.62183146471409, 15.268934134054057], [76.63007050168298, 15.26760119330037], [76.63466010136904, 15.267122086232469], [76.63717841508036, 15.266765010360286], [76.63913337641235, 15.26663393754812], [76.64119545196053, 15.266706138661556], [76.6444959171116, 15.26889744892511], [76.64588317103184, 15.269918579503829], [76.64893238099121, 15.27239906376082], [76.65089691746586, 15.273551179147884], [76.652121192739, 15.274179167086015], [76.6547093414805, 15.274309896351904], [76.65779103541887, 15.274499264554512], [76.66070042979078, 15.275122421940491], [76.66341906242057, 15.275582983314752], [76.66422435805532, 15.275727387158213], [76.6659277390055, 15.273797650793998], [76.66829691171839, 15.273006517873226], [76.67067093353718, 15.272667140841452], [76.67212773682334, 15.272124651551085], [76.67284935079613, 15.27229616734851], [76.67521422327376, 15.273154223455716], [76.67849591273709, 15.273135423702588], [76.68026488687265, 15.27335650224544], [76.68142416454344, 15.274079196267094], [76.6830767754087, 15.274390568268748], [76.6845524648754, 15.27475619991961], [76.68530670026942, 15.275280188747375], [76.68603928716338, 15.275507132629485], [76.68890972699134, 15.27527479169416], [76.68943105438501, 15.275179666442078], [76.69019421633799, 15.274307396260307], [76.69087682366452, 15.27300730386878], [76.69113830617573, 15.27165467310985], [76.69110074222382, 15.270665052681702], [76.69088647696056, 15.270055072583876], [76.69058843481389, 15.269585288826327], [76.68999704421798, 15.269088395765742], [76.68952688306625, 15.268867091742097], [76.68875364111746, 15.266942290049831], [76.68824132023283, 15.265957325402967], [76.68769651357259, 15.265410721391845], [76.68828284575515, 15.264859314005738], [76.68879016392195, 15.264700985593086], [76.68893861770918, 15.26300643269591], [76.68989258003191, 15.262143102374274], [76.68915209514992, 15.261022696178587], [76.69039481193758, 15.260561465007942], [76.69165618403872, 15.2606243414369], [76.6937603591327, 15.261247317290696], [76.696557916845, 15.261644143839495], [76.69870382946371, 15.261955257832149], [76.7007379359655, 15.262067537153992], [76.70218558452056, 15.262089708235441], [76.70274784454848, 15.259495767684891], [76.70271046205627, 15.258935506706855], [76.70313338799369, 15.257182046782976], [76.70373775205897, 15.25535631869771], [76.70430923059833, 15.252545509929966], [76.70485683191744, 15.251098524673889], [76.70836688749903, 15.249823182343063], [76.70865520538274, 15.249199508729498], [76.70851064040238, 15.248508127504044], [76.70985994499341, 15.24712491361579], [76.71082311145452, 15.246501049989261], [76.71114492661687, 15.248231546816287], [76.7112852524474, 15.249822121521921], [76.71127887351058, 15.251098636475437], [76.71114176724201, 15.251806508952166], [76.71097898173275, 15.252199695971163], [76.71057891342768, 15.252601986648898], [76.7098947448292, 15.252796574461245], [76.70990996588338, 15.255941571527341], [76.7102141525066, 15.260017348945023], [76.71018214643131, 15.261445275241632], [76.71059656801798, 15.26188792383564], [76.71098847602698, 15.264246581969728], [76.71141329561304, 15.2672016083182], [76.71193145105542, 15.270820917192701], [76.71223464683688, 15.272497218140295], [76.71440813234493, 15.271610754996352], [76.71569750583176, 15.271501766905088], [76.71690314285942, 15.271501348339932], [76.71752690783988, 15.27160051185484], [76.71760758643387, 15.275093440053304], [76.71757596663419, 15.27723983849822], [76.71746975342826, 15.279191941245362], [76.71713979503788, 15.280606444102371], [76.71646621398332, 15.283792393304502], [76.71643969212289, 15.286973518647141], [76.71633408887304, 15.290471018166611], [76.72127333263063, 15.2904554936639], [76.72437379686686, 15.290404483585196], [76.7282609328654, 15.290316899559556], [76.73124964488363, 15.290288476942695], [76.73654271706535, 15.290344662753414], [76.74360731010647, 15.290398060099315], [76.7474408741747, 15.290393365313502], [76.7489704706433, 15.290362194983137], [76.75285539948116, 15.289931066171233], [76.75672809416317, 15.290022459570979], [76.75648323946785, 15.297062127141313], [76.75595619339909, 15.30129225947331], [76.75582953992719, 15.311241422171724], [76.74897027660718, 15.311064435544278], [76.74639127271527, 15.31109405014964], [76.74282031495066, 15.311023578125697], [76.74158654089167, 15.311024222750394], [76.73755923357285, 15.3109946072687], [76.73553861437674, 15.310954897858037], [76.73145548664446, 15.310938731981578], [76.72781006213607, 15.310953992437298], [76.72494669025278, 15.310765396243118], [76.72232084460872, 15.310884040225135], [76.72072378106903, 15.310663240405713], [76.71962489982975, 15.310248032523743], [76.7188147020885, 15.310085676543402], [76.71957871205109, 15.31106135884818], [76.7198121689221, 15.312746813145159], [76.71977525804537, 15.31330262421456], [76.71936657849002, 15.31578349429483], [76.71885527809154, 15.317604732389144], [76.71894437030647, 15.319082344190095], [76.7191730688014, 15.320266138107455], [76.72011917445863, 15.322443724431484], [76.72118640176225, 15.324535431192945], [76.7210980596406, 15.324901480410665], [76.7208839030735, 15.32497842043399], [76.71938943971568, 15.325259159833351], [76.71679138435323, 15.325323468024289], [76.71304326713651, 15.325370155063695], [76.70950467207834, 15.325488947575503], [76.7063477675911, 15.325209912639034], [76.7015657334998, 15.32474607719321], [76.70146395707306, 15.32661234721393], [76.7014323372734, 15.329273858342718], [76.70147475841607, 15.330642993492559], [76.70114488806057, 15.332613229928011], [76.70106613096297, 15.333941792610904], [76.70103432341539, 15.335925497930955], [76.70127741651442, 15.338672709508955], [76.70049983031292, 15.338853785168338], [76.70048161786886, 15.339915606598678], [76.69616990393108, 15.34044566457408], [76.69638287921356, 15.342472067873855], [76.69648760750434, 15.3434686006686], [76.69672138507389, 15.34627009060751], [76.69714617142229, 15.349527902180084], [76.69726693553919, 15.350196126442695], [76.69744013881082, 15.351154575160054], [76.69608984607295, 15.351493904624277], [76.69610909696948, 15.353360045691737], [76.69623104596425, 15.356116409292818], [76.69528117007776, 15.356288433171551], [76.69336271627891, 15.356898995261828], [76.69231041178878, 15.357152371421254], [76.69001461256998, 15.357152984719013], [76.68622859812636, 15.357081713961877], [76.68079420028921, 15.357205048322603], [76.67890345322864, 15.357101601967083], [76.67614194131545, 15.357106750031337], [76.67596049959434, 15.357721308278743], [76.6758582901796, 15.358778706903724], [76.67588182604005, 15.359808916179466], [76.67641306544458, 15.361308992913454], [76.67705142894673, 15.362768401259736], [76.67729856087128, 15.363970286140558], [76.67826778826561, 15.366265644700267], [76.67831931922358, 15.367698035485708], [76.67779792984615, 15.368461750428997], [76.67684901695364, 15.370637242968588], [76.67538699355738, 15.374268794217], [76.67431146671885, 15.375751082466683], [76.67281178684419, 15.375308583817548], [76.67035723555178, 15.374486656314787], [76.66646843677164, 15.37409875657356], [76.66287305561112, 15.373525478976196], [76.66319869400328, 15.371885175318239], [76.66257904061187, 15.370041690532982], [76.66193609480347, 15.368713292671115], [76.66099528381652, 15.367931670068101], [76.66072989902369, 15.368374530857457], [76.65948188936241, 15.369061552577534], [76.65581244480163, 15.3714298299332], [76.65540725520114, 15.371118054964874], [76.6547646300913, 15.37145710508864], [76.65224529319889, 15.372627651022526], [76.6504338377335, 15.37433139481678], [76.64734643140822, 15.37761225992552], [76.64262872836937, 15.377793333835026], [76.6390752500236, 15.378091744472401], [76.6390242176306, 15.382126997766854], [76.63887543056842, 15.385597316001673], [76.63933197056546, 15.387838493986589], [76.640687638822, 15.391778743445107], [76.64181015293977, 15.393391787896963], [76.6434032647905, 15.395190153609045], [76.6437386732597, 15.39567361022295], [76.64474945492246, 15.397200809629016], [76.64563452275108, 15.398190386081529], [76.64678055027142, 15.400354725850118], [76.64783804522727, 15.401823178497553], [76.6488117165873, 15.403522130564879], [76.64992521161963, 15.406395860676382], [76.65054946618194, 15.407353793642091], [76.65257061897732, 15.406632436189359], [76.65660440764096, 15.405030444623911], [76.65783872248572, 15.404808926886341], [76.6594084269351, 15.404537590676124], [76.66099669866308, 15.40434752711704], [76.66367497088545, 15.40441040793039], [76.66632531448565, 15.404613276735665], [76.66924576622041, 15.404612763172532], [76.67288818406752, 15.404539737596068], [76.67366224977144, 15.408122885782303], [76.67493387434493, 15.408199440028403], [76.67725370888748, 15.408745705202273], [76.67769587763662, 15.407430704976012], [76.67834787217488, 15.406969627992451], [76.67921876728327, 15.406644143236885], [76.68021083614033, 15.406526421474219], [76.68300564770281, 15.406751618024545], [76.68543242398499, 15.406683225614094], [76.68553026489249, 15.406683191838791], [76.68820380568825, 15.406443022339149], [76.68965235166031, 15.406261875491994], [76.69361608340986, 15.405994144756338], [76.69452947062781, 15.407100986045503], [76.69480488331413, 15.409098133864308], [76.69495425787453, 15.409983674166952], [76.69567226960301, 15.412111749946241], [76.6963668999813, 15.413738307448412], [76.6967912524434, 15.415071207802644], [76.69620002534086, 15.416309489817348], [76.69496152794012, 15.417837167227603], [76.69390471660223, 15.41964489232478], [76.69302484912076, 15.42134413777143], [76.69219628173025, 15.423111217712473], [76.69146537738081, 15.424512211551756], [76.6905387292326, 15.425669188240244], [76.68891783518511, 15.426591454766013], [76.68803776288777, 15.427640043234604], [76.68637383594485, 15.429777350017984], [76.68699491136937, 15.429904153543054], [76.68969701320127, 15.430432069639247], [76.69395976715946, 15.431434023936653], [76.69450527630225, 15.432947563845394], [76.6968628275103, 15.433778292736227], [76.69685370242365, 15.434478715878985], [76.69796702857272, 15.43437445673666], [76.6997419387757, 15.434238279772629], [76.70210367074307, 15.433939311521613], [76.70524804103714, 15.433685153402857], [76.70954325202483, 15.433877971459022], [76.71177477049685, 15.43403980326571], [76.71751405743976, 15.434155013857561], [76.71792489115516, 15.43606174376012], [76.71815384028002, 15.43749410334614], [76.71928829210964, 15.442170795867908], [76.7147738266156, 15.442529130283694], [76.71294302054068, 15.442710561544992], [76.71217444983138, 15.4429232423559], [76.71180636604203, 15.443031811893393], [76.71163881946175, 15.443262389275521], [76.7112010704238, 15.443746021497187], [76.71097749502096, 15.443890696014718], [76.71084248991184, 15.444057995823254], [76.71078193627515, 15.44420253591216], [76.7102695722714, 15.444387992035653], [76.71045147303158, 15.444943748969608], [76.71057752553057, 15.445467873244475], [76.71074075480759, 15.445869909373044], [76.71007014897329, 15.44662485864991], [76.70958610705377, 15.447772708812208], [76.70898514490851, 15.447732261776437], [76.70856606465877, 15.448252067017927], [76.70846363785175, 15.448550329745926], [76.70837987084984, 15.448771778309343], [76.7082727692101, 15.449002260125637], [76.708114537261, 15.449399926354548], [76.70796579960614, 15.450113999731725], [76.7076168418475, 15.451234707890151], [76.707677537418, 15.451623314815613], [76.7075611939106, 15.45199841902946], [76.70761253352738, 15.452174596721804], [76.70753813954717, 15.452603892145886], [76.70741742214264, 15.453629673705656], [76.70703077915952, 15.453855730888382], [76.7062250873677, 15.454524808832058], [76.70513978685888, 15.455126155806475], [76.70402649843906, 15.455709451959553], [76.70289934362451, 15.456532176892383], [76.70188863023373, 15.45751302970467], [76.70140429905672, 15.458150352317134], [76.70023552080349, 15.459741274914933], [76.698791708953, 15.461205835621723], [76.69770651354706, 15.462362918453769], [76.69681696222686, 15.463384353015936], [76.69629084321944, 15.464554860774998], [76.69540600715618, 15.465621553115371], [76.69440916644832, 15.46649845322857], [76.69403218394777, 15.467736675020426], [76.69318931268296, 15.468984069207249], [76.69306378929171, 15.469978207160487], [76.69314341865342, 15.471175572625354], [76.69373574349726, 15.472906107673195], [76.69425343181572, 15.474577759831192], [76.69466861607205, 15.475942301759185], [76.69494378441662, 15.476755608424396], [76.69465044135721, 15.477288838572623], [76.6926424596605, 15.478175117984941], [76.69449270887144, 15.479430713522152], [76.69501936507136, 15.479796549958092], [76.69704665156353, 15.481137963445796], [76.69886900808486, 15.482348351398127], [76.69961468253425, 15.482894931183765], [76.70163756368825, 15.484371878269156], [76.70400053712734, 15.485948000999837], [76.70553400353816, 15.487013873201313], [76.70727230200343, 15.48774983149514], [76.70902473366306, 15.488571554739805], [76.71073033165537, 15.488964062506337], [76.71075834651582, 15.488995713868551], [76.71140612436214, 15.489243964193967], [76.71286006831075, 15.48963204529008], [76.71377818066709, 15.489816902361518], [76.71561899846583, 15.490263499216631], [76.7167281645168, 15.490588472686785], [76.71834999281221, 15.49116159151839], [76.71931004930585, 15.491473060705543], [76.72058223532633, 15.49171202971225], [76.72317148270741, 15.492177979871556], [76.72441291131094, 15.49234297692475], [76.7251538776899, 15.492491769268769], [76.72649132092596, 15.492595074618698], [76.72801506127716, 15.492553714395235], [76.72974385736335, 15.492480654861808], [76.73089474297277, 15.492385271254669], [76.73260015411546, 15.492144933525452], [76.7340025365634, 15.491864124206494], [76.73585232853183, 15.491533421078248], [76.73718030711802, 15.49134290659008], [76.73858493176091, 15.491090099241767], [76.73954257268471, 15.490917067659662], [76.74148566457686, 15.490915999408072], [76.7425900659636, 15.4909470574794], [76.74465918430356, 15.4913165102669], [76.74584757457609, 15.49159605903522], [76.74738552986837, 15.491952212988476], [76.7489686623346, 15.492339529802743], [76.7494564133979, 15.492403535283206], [76.75050471858839, 15.492630019317769], [76.75122222366706, 15.492770484534747], [76.75174409094821, 15.492811532206526], [76.75269473579259, 15.492825578633623], [76.75380837365704, 15.49287592969104], [76.75479161387149, 15.492844832954221], [76.75565832642393, 15.492809201811884], [76.75673018094959, 15.492710391151046], [76.75769020061223, 15.492643081484992], [76.75834725176723, 15.492611791667613], [76.75931658875604, 15.492413526047208], [76.76029530056316, 15.49205704912543], [76.76138582387705, 15.491836219072864], [76.76210348885583, 15.49169198059302], [76.76328255102241, 15.491593220473206], [76.76451272373545, 15.491575775305657], [76.76604573919198, 15.491621780958678], [76.76713139812861, 15.491753294879517], [76.76812388829555, 15.491939108359423], [76.76900446634437, 15.492183531456359], [76.76971262445251, 15.492369109951374], [76.77021579958922, 15.492509451554048], [76.77065382710492, 15.49256845078287], [76.77150660588897, 15.492501044114974], [76.77260640790143, 15.492325381192822], [76.77344055742314, 15.492194714267752], [76.77397643303281, 15.492176885656194], [76.77459153466069, 15.492208786707076], [76.77527653959069, 15.492236244235661], [76.7765858978977, 15.49229111859514], [76.77763899021032, 15.492400041415696], [76.7785569103272, 15.492517904873589], [76.77912116551336, 15.492652364981137], [76.77929765572061, 15.492694492172548], [76.78015033030006, 15.49287109836548], [76.78122196833175, 15.493147216967648], [76.7824240920483, 15.493518249135336], [76.7839476527365, 15.494043057255261], [76.78441816423116, 15.494300821268792], [76.78520540013545, 15.494820795255972], [76.78638390893984, 15.495860528949978], [76.78731086341355, 15.496647166866568], [76.78895535261032, 15.49783172296835], [76.78954695431037, 15.498256692388576], [76.79068849025428, 15.498835542193026], [76.79223060654297, 15.499455164915041], [76.79294827152177, 15.499671667256237], [76.79313693030784, 15.499728554863205], [76.79332559807708, 15.499785433798085], [76.79486790391027, 15.500201728052982], [76.79602343201307, 15.50055010063872], [76.7970059589652, 15.501080527078441], [76.79816167212093, 15.502400687058767], [76.80075641269997, 15.504927564309718], [76.80406877424036, 15.5078160702495], [76.80769335873251, 15.510718228695893], [76.80897929077348, 15.511617803135891], [76.80987855917013, 15.51221454192067], [76.81081977889052, 15.512851966046771], [76.8115744409843, 15.51372425569616], [76.81218926593107, 15.514695995365367], [76.81265016724885, 15.516390554577203], [76.81258478157424, 15.516914671845994], [76.81175929720176, 15.518599886366504], [76.81063120274946, 15.51952588668939], [76.80886429653565, 15.521427652025498], [76.80819285436982, 15.522439654559326], [76.80794556254513, 15.523311663058315], [76.80788471156607, 15.524301148794716], [76.80801952713068, 15.525259184789508], [76.8084898059617, 15.52673692558521], [76.80856598130116, 15.52703978880383], [76.80889475211873, 15.52834568594651], [76.80951394736935, 15.530320434306656], [76.81012853875411, 15.532222944844666], [76.81047776600737, 15.53341145812486], [76.81065448708162, 15.534586332079861], [76.81065424184155, 15.535164711289568], [76.81058869536854, 15.536194987916085], [76.81008455903445, 15.538806586970145], [76.80996765048673, 15.540012976775463], [76.80996750046808, 15.540406099879457], [76.8102421828241, 15.541463569334487], [76.81068928871404, 15.542579730959078], [76.8107963148953, 15.543117511366729], [76.81081011301809, 15.543465436743386], [76.81077263081286, 15.544147726592257], [76.81047380353863, 15.545742727107452], [76.81050149051401, 15.546772975071372], [76.81059922901353, 15.54719325854787], [76.8107566174446, 15.547460145457865], [76.81133063552126, 15.548295977380892], [76.81182463885891, 15.548734445825684], [76.81267735476091, 15.549385372969192], [76.81335313938284, 15.549792248122415], [76.8137631646145, 15.550140302423468], [76.81404744636764, 15.550429586365652], [76.81448077928762, 15.550981004492913], [76.81510983804007, 15.551604675689129], [76.81579491214036, 15.552101961785256], [76.81632147491551, 15.552477098215322], [76.81738873006691, 15.552956386625818], [76.81799930598238, 15.553187046480073], [76.81855394470342, 15.553435720653063], [76.81915040000091, 15.553783838028052], [76.81967706518401, 15.554158951488736], [76.82051120572254, 15.554855056853418], [76.82152247337386, 15.555655092213598], [76.8225851471173, 15.556179491283913], [76.82421631160346, 15.557381848658308], [76.82595928490149, 15.558471229915819], [76.8267376903665, 15.558851014900146], [76.82730632933128, 15.559009301995014], [76.82790295620698, 15.559108894368906], [76.82862541729111, 15.559240066701927], [76.82953428328823, 15.55937127875949], [76.8302847789957, 15.559588344742062], [76.83062035275493, 15.559778195617483], [76.8310538060492, 15.560040414730187], [76.83154780220036, 15.560447175360046], [76.83206979973723, 15.560912645729664], [76.83343988146245, 15.562593855453791], [76.83430663264247, 15.563597188933787], [76.83469805286624, 15.564333736776339], [76.8350348860635, 15.565968528819221], [76.83532191306816, 15.568558773111175], [76.83520931463717, 15.572096772679696], [76.83532040839005, 15.57588342330271], [76.83517987864194, 15.57949368260794], [76.83505832760086, 15.581396036335581], [76.8347364109289, 15.582774162809248], [76.8344587075386, 15.58394598258008], [76.83436312499573, 15.584342007859371], [76.83426494811832, 15.585747270637073], [76.83364433891947, 15.58857574596863], [76.83332685453512, 15.590532253778889], [76.83318671824912, 15.592041442667439], [76.8332142884435, 15.593997921781284], [76.8330976520853, 15.594639618823013], [76.83291576120656, 15.594897104697864], [76.8323794867449, 15.59555218422927], [76.83225818992702, 15.59574193872303], [76.83228610776942, 15.595913684783696], [76.8324445544159, 15.596175770405633], [76.83298522702918, 15.597002761457485], [76.83352121762326, 15.597743879994855], [76.83370302675527, 15.597920181559614], [76.83386611320016, 15.598254616980029], [76.83398729054208, 15.598715483492356], [76.83438340087002, 15.599587675803475], [76.83496595024691, 15.60074453599836], [76.83528281209875, 15.601255198028658], [76.83623843360982, 15.602326319126394], [76.83647149881533, 15.602647125460953], [76.83652226171371, 15.605331162312465], [76.83650817523176, 15.605679070656896], [76.83646149427803, 15.605796569069323], [76.8358506335966, 15.606695637128185], [76.83512298743668, 15.608060163430547], [76.8346565542934, 15.609221293121287], [76.83438596735675, 15.610079805513935], [76.83418519748403, 15.61147150868205], [76.83379790232402, 15.612835986769134], [76.83300951388122, 15.614706535285231], [76.83241667789596, 15.618303157943702], [76.832406571849, 15.621655970938487], [76.83252757042622, 15.622916704441602], [76.83365519505965, 15.626676343889732], [76.8343310389704, 15.627806117025223], [76.83455487757966, 15.62802302674685], [76.83483925814745, 15.628199279784488], [76.83555726089278, 15.628502213257208], [76.83644786503852, 15.628836723371016], [76.8373290269923, 15.62934300550122], [76.8381961617529, 15.630011916894107], [76.83890019030568, 15.630707926905544], [76.84007503667867, 15.631941691785666], [76.84091419251143, 15.632958499118375], [76.84148293927399, 15.6335369760141], [76.84195847774102, 15.633871372363854], [76.84276981903763, 15.634305311950845], [76.84446703215505, 15.635191211341432], [76.84541996950001, 15.635817055032875], [76.84917163416381, 15.638269020792006], [76.85030926602951, 15.639037349348923], [76.85101342034645, 15.639557050966593], [76.85158226233042, 15.640081301451023], [76.8524168681963, 15.640835930308643], [76.85278051340983, 15.641039327980101], [76.85320482814272, 15.641184003283088], [76.85357786793749, 15.641229209049927], [76.85399754646517, 15.641301527183476], [76.85488358627096, 15.641328732981869], [76.85561567100667, 15.64136045087252], [76.85617059359534, 15.64145996089988], [76.85655763093888, 15.641604548535636], [76.85715447341029, 15.641997729779648], [76.85765804919562, 15.642417993085461], [76.85839013123642, 15.64340311644811], [76.85908019188483, 15.64475419610813], [76.8593551886512, 15.645725785199778], [76.85993315392523, 15.649801523052874], [76.86033408191798, 15.651848439747788], [76.8605904575068, 15.65251719540778], [76.86163031494036, 15.653909051330785], [76.86474999953042, 15.657740997765664], [76.86824281015349, 15.66164519282284], [76.86991698417883, 15.663430068679478], [76.8720668754359, 15.665707460090314], [76.87278514677755, 15.666245186824565], [76.87350337140676, 15.666624778289034], [76.87464132307271, 15.66709925646476], [76.87683322853565, 15.668378054368635], [76.87879204184358, 15.669494140617184], [76.88024251470193, 15.670668906804396], [76.88089550187857, 15.671337674397472], [76.88310159353647, 15.674487065389773], [76.8845101375289, 15.676285369064882], [76.88519584224653, 15.677433036171182], [76.88557831794509, 15.678332221123648], [76.88640391909851, 15.68018930309625], [76.88751883257069, 15.68255249519985], [76.88867091473602, 15.684075215578897], [76.8894498735633, 15.684874946429211], [76.89019156757765, 15.685512019585504], [76.89098451047893, 15.686049621513428], [76.89192668960006, 15.68646979681645], [76.89318606384802, 15.68690805280412], [76.8948978503343, 15.68728297282506], [76.89681485065901, 15.68752675531131], [76.8990957010132, 15.68791970895357], [76.90029437609739, 15.688046105296143], [76.90182434177355, 15.688308027106244], [76.90337761154477, 15.688759673052285], [76.90431514637591, 15.68912108681683], [76.90588709302021, 15.689875490463546], [76.906815369814, 15.690367902439203], [76.90783695641299, 15.690932548930482], [76.90875593025368, 15.691628236479014], [76.90939969712227, 15.692265313625175], [76.90978686202656, 15.69265833424386], [76.91022075639366, 15.693313492613685], [76.91096260851145, 15.694574044546949], [76.912203720908, 15.696665971493795], [76.91295023348553, 15.697605706551277], [76.91345403744296, 15.697998732443118], [76.91411179287712, 15.698319383551622], [76.91532462900346, 15.698811675684716], [76.91637427358205, 15.699276954484716], [76.91691075555457, 15.699683529467862], [76.91757793072281, 15.700609696634583], [76.91825459749036, 15.702204654868158], [76.9188380074533, 15.703862766205948], [76.91897735412017, 15.705425799063567], [76.91877829643637, 15.708096637064777], [76.91888113287517, 15.708982296839029], [76.91903044365516, 15.709416068210718], [76.91996849411923, 15.711390431093553], [76.9204912067151, 15.712827287316982], [76.92062665020205, 15.713392084316165], [76.92057546599378, 15.714119537554621], [76.92036586747844, 15.715484135440125], [76.91982042301433, 15.717223871893648], [76.91931230624525, 15.718674407491546], [76.91935906355576, 15.719035934231798], [76.92003460922584, 15.720710395170991], [76.92120735443939, 15.723590251445327], [76.92129153017473, 15.72439003649046], [76.92201991564815, 15.727408241250982], [76.92230463847407, 15.72811755440368], [76.92264996434403, 15.728655233286167], [76.9230093632212, 15.729061809282333], [76.92338262130662, 15.729409631481694], [76.92464714649441, 15.730439632442389], [76.92547308451607, 15.731370194909644], [76.9258184570984, 15.73188979369161], [76.9263038985931, 15.733050964944681], [76.92755516913888, 15.736922993828728], [76.9290442435033, 15.740157905202654], [76.93024386900505, 15.742290441960206], [76.93121000619485, 15.74381292325856], [76.93236283935175, 15.745380497157617], [76.93299291769205, 15.746164919812479], [76.93502307699649, 15.748524763006381], [76.93699866724069, 15.751068328848921], [76.93761827122476, 15.752132594879912], [76.93807104548412, 15.753027157417607], [76.93864523783395, 15.753777076600757], [76.93972798083917, 15.754906385414397], [76.9402928567612, 15.755900316427033], [76.94057778709796, 15.756758769608094], [76.94100731295778, 15.757779785849348], [76.94136679897154, 15.758452993929875], [76.94185243180742, 15.75958242544177], [76.94219796967978, 15.760260087730712], [76.94260885010759, 15.76134898042608], [76.9428657251597, 15.761904676540247], [76.9434911556167, 15.762654574175878], [76.94407460780047, 15.763309595367387], [76.94491467093168, 15.76385153923461], [76.94573132306826, 15.764239857748352], [76.94672068260645, 15.76459200720761], [76.94815788824636, 15.765002744016387], [76.94925934585386, 15.765639499797649], [76.95022080102437, 15.766325962549809], [76.95078085658655, 15.766714347219445], [76.95177487388948, 15.76718392814727], [76.95306299512482, 15.767996868086334], [76.9539731196617, 15.768620097010912], [76.95480386995833, 15.76907163040291], [76.95571853458061, 15.769432829766277], [76.95662397889484, 15.769857171845858], [76.95759476576448, 15.770521068096768], [76.95834619122833, 15.771094682625657], [76.95902763703317, 15.77151459587111], [76.9599081099791, 15.771928089373167], [76.95998904549126, 15.771966097750811], [76.96109976562768, 15.772336202291724], [76.9626443639615, 15.772606711519646], [76.96357762550679, 15.77267864501943], [76.96357766143942, 15.772678648477381], [76.96464160719731, 15.77290414668061], [76.96534631397813, 15.773193052352468], [76.9660977493234, 15.773590391208552], [76.96702661361537, 15.774294886147207], [76.96732801725784, 15.774668749534309], [76.96778765195106, 15.775238934177494], [76.96825457557448, 15.775911998756788], [76.96825460252394, 15.77591203852278], [76.96875894996211, 15.776829041739225], [76.9692569795489, 15.777751149827125], [76.96952018682546, 15.778238497686978], [76.9695202065884, 15.778238533994639], [76.97045887868664, 15.77986475164538], [76.97045890114454, 15.779864788817223], [76.9710378168361, 15.78061454140082], [76.97103784468388, 15.780614579436971], [76.97162151336165, 15.781409581714199], [76.97175771053512, 15.781574033732506], [76.97224249356474, 15.782159383045355], [76.97285413757704, 15.782868541302866], [76.97352641427783, 15.783555037376182], [76.97429667651483, 15.784196328563485], [76.97429670346428, 15.784196351903452], [76.97508561472657, 15.784833092379325], [76.97574852469387, 15.785393075738561], [76.97654211707712, 15.785993676486047], [76.97734039058129, 15.786612346410848], [76.97810129776292, 15.787154216776203], [76.97882955477725, 15.78771869133854], [76.97963723903233, 15.788463866270543], [76.98002812296191, 15.788885817294087], [76.98028157453449, 15.789159411171733], [76.98088868385129, 15.79005379748703], [76.98128098172911, 15.790650057159324], [76.98187411775166, 15.791571529268992], [76.98227586410964, 15.792375627083555], [76.98264969352356, 15.793333367772966], [76.98264971059153, 15.793333410128717], [76.98299064908963, 15.79392961087761], [76.98299067603911, 15.793929640267221], [76.98327549588309, 15.794227725288785], [76.98353046650679, 15.794425021846429], [76.98388240936713, 15.794697353138037], [76.98417664804688, 15.794934174647976], [76.98452201613763, 15.795212148029371], [76.98549767457108, 15.795839719848193], [76.98628197298439, 15.796336398528247], [76.98704290082729, 15.796837537100062], [76.98781788460941, 15.79739293542205], [76.98827070288624, 15.797731557591431], [76.98827074780203, 15.797731587844893], [76.98881228728959, 15.798097314779882], [76.98895689808401, 15.798162857493743], [76.98911103371542, 15.798232716913555], [76.98945639012808, 15.79831385044823], [76.98945642246744, 15.79831386341399], [76.98975982755633, 15.798440234342122], [76.98999792961564, 15.798602766577737], [76.989997961955, 15.798602791644782], [76.99008643343407, 15.79870423452026], [76.99025008941085, 15.798891830103958], [76.99048359748579, 15.799194447538346], [76.99081213923297, 15.799596046067068], [76.99081983779497, 15.7996054548089], [76.99081986294779, 15.79960548592648], [76.99130550925838, 15.800183568213468], [76.99196395010712, 15.800951361101047], [76.99271110048846, 15.801737210312455], [76.9932528376054, 15.802401118828016], [76.99368257546767, 15.803074144185715], [76.9940750071945, 15.80384204452812], [76.99407503773719, 15.803842076509385], [76.99428068995351, 15.80440677251452], [76.99436037680739, 15.804976061849578], [76.99441651342785, 15.80522453145774], [76.99454738718495, 15.805599518481847], [76.99469223603293, 15.805793721685582], [76.99490704118368, 15.806060193821414], [76.99537864053815, 15.806412375211861], [76.99599952192655, 15.806787087766187], [76.99628898156898, 15.80699030495193], [76.99660654500506, 15.807338029895984], [76.9968074370487, 15.807663260597023], [76.99699437915427, 15.808065242514639], [76.99748031292573, 15.80907266538526], [76.99773727241951, 15.80958305883637], [76.9982512138649, 15.810423223651785], [76.99860624333654, 15.811001353697677], [76.99879303542346, 15.811213673203325], [76.99893375561442, 15.811334589955507], [76.99997957786145, 15.811575674737007], [77.00132350334057, 15.811901757765416], [77.00332055164198, 15.812639496972226], [77.00502344211199, 15.81368421480854], [77.00712747437382, 15.815095132550343], [77.00950209177563, 15.81678640771408], [77.01045841037933, 15.817582149575763], [77.01258584555094, 15.819078913767662], [77.0146477252664, 15.820837710823294], [77.01601449759815, 15.822184918370997], [77.01706870472003, 15.823400937300475], [77.01764880079793, 15.82421585206403], [77.0176702947877, 15.824246140462675], [77.01822066830779, 15.825028134438654], [77.01864949078676, 15.82602696327674], [77.02025902473919, 15.827478155736621], [77.02133667339844, 15.828522494420218], [77.02205485221356, 15.82965247474466], [77.0228382047009, 15.831256864344931], [77.02342669014521, 15.832619221638664], [77.02346295153994, 15.832703114712984], [77.02431582644375, 15.83519767584891], [77.02500561400431, 15.837195197804341], [77.0252201793049, 15.837529638812036], [77.02527200670687, 15.837493239812645], [77.02728398231335, 15.836080206366908], [77.02871768093038, 15.834580742048331], [77.02999717294911, 15.83330256217604], [77.03136509961601, 15.83252152149311], [77.0321028185852, 15.831956987818321], [77.0334241846726, 15.831026754711193], [77.03441380292558, 15.83067928483037], [77.03530555601652, 15.830114859224736], [77.03588926152523, 15.829572910290112], [77.03743392992764, 15.830179044205769], [77.03829610958113, 15.830844134992065], [77.03841844844473, 15.830938506884962], [77.03836684202827, 15.832027324726548], [77.03835248695006, 15.832330189023757], [77.04072808980375, 15.832764904940586], [77.04191394772545, 15.832028898504444], [77.04229709985539, 15.830899418037756], [77.04243284876956, 15.830009337298172], [77.0425919996952, 15.828857234987819], [77.04472041582711, 15.828839981927784], [77.04498639710125, 15.828948528480758], [77.04575175992669, 15.829206316371527], [77.04644244400592, 15.829360265225484], [77.04769773810585, 15.8300565217166], [77.04812324220816, 15.827991790365537], [77.0490612082306, 15.828258964415337], [77.04926662059677, 15.828317473564713], [77.04899784196878, 15.829078317399054], [77.04888356997643, 15.829401786368537], [77.05088513321044, 15.829423989801253], [77.0509885849952, 15.829425136660202], [77.05100372250605, 15.830085169764205], [77.05101148754335, 15.830423765733629], [77.05222511778042, 15.830275044648348], [77.0530653381168, 15.8300584999773], [77.05347165600128, 15.829471178677597], [77.05347182578285, 15.828861194989663], [77.05447571557075, 15.828921276902516], [77.05461070181524, 15.828929355061664], [77.05454666900346, 15.829770296834415], [77.05452159522724, 15.830099594039085], [77.05541776802941, 15.830077303391693], [77.05891833380838, 15.830015242697177], [77.06077608485022, 15.82986221563009], [77.06149324946739, 15.829785385738356], [77.0615874701643, 15.829775291323106], [77.0631751795469, 15.829605370607032], [77.06357672917386, 15.829320769011295], [77.06447301696036, 15.828824077963628], [77.06523860616127, 15.828214308386157], [77.06550493598176, 15.82736938455103], [77.06561719305292, 15.826402425972685], [77.06568774044713, 15.824775821550373], [77.06571199855306, 15.821540630908112], [77.06555395974176, 15.819565979809123], [77.06526524300607, 15.817189205556081], [77.06526217885263, 15.817151909205196], [77.06523547283756, 15.816832984156363], [77.06494898751703, 15.813411629885037], [77.06450502213731, 15.810549122874983], [77.0645018708473, 15.810528708261765], [77.0642784050389, 15.808761970788538], [77.06412789321136, 15.80724944068778], [77.06409595630637, 15.80692848264617], [77.06401311277256, 15.806095951946912], [77.06376664829627, 15.803208548975528], [77.06715028576457, 15.802712525052259], [77.06732825459876, 15.800507535459387], [77.06804828663833, 15.795817536932306], [77.06804837107997, 15.795487865824311], [77.06804879688143, 15.793824843715692], [77.06785790308693, 15.792378914425907], [77.06749943306774, 15.789599956140309], [77.06720588159921, 15.78775633715436], [77.06644605509084, 15.785067610451895], [77.06642962670092, 15.785071873864254], [77.06402865722022, 15.785694993262654], [77.06251968157902, 15.785982709400216], [77.06097656726207, 15.786276928264087], [77.06091516651406, 15.785950291358363], [77.06091328364525, 15.785940276013267], [77.0606971022755, 15.784790247278236], [77.06006789979261, 15.782318431639414], [77.0600406044827, 15.782317399485402], [77.05946594231399, 15.782295670654586], [77.05947396876105, 15.78197232781104], [77.05948960753183, 15.781342264041927], [77.05928455988172, 15.780474678990286], [77.05918741966016, 15.780203330493382], [77.0587717350422, 15.779042159977882], [77.05876175206443, 15.778995044926027], [77.05838970041647, 15.777239114928538], [77.05798929254826, 15.774518888725577], [77.0569833411268, 15.768725810868048], [77.05693202306958, 15.768738742185917], [77.05234490542861, 15.769894528775854], [77.05226965355726, 15.76955727615894], [77.05207468500463, 15.768683500952662], [77.05109161816505, 15.764539699912463], [77.05649074724582, 15.762847099837646], [77.05637532630821, 15.76252000762706], [77.05546062126172, 15.759927770358539], [77.05543077832968, 15.759828182417463], [77.05434207949415, 15.75619509765928], [77.0543299468479, 15.75619518065724], [77.0480245739523, 15.756238068973811], [77.04800548475251, 15.756149251666784], [77.04795370496122, 15.755908964651894], [77.04691001531468, 15.751065506847672], [77.04694881624675, 15.750779202342628], [77.04697722995917, 15.749645091995339], [77.04676843453768, 15.746662794826538], [77.04650316113597, 15.744923093122354], [77.04632196555328, 15.743156269043373], [77.04609880966368, 15.741190663487432], [77.04597782456119, 15.74037722629657], [77.04647704441572, 15.740327779876456], [77.0484039154288, 15.740129654276066], [77.04941636526303, 15.740062234721734], [77.04942588920169, 15.739443175612838], [77.04937022868836, 15.738566556745084], [77.04917007775484, 15.737509145445632], [77.04909100175533, 15.736813284325095], [77.04911938672169, 15.735936727613623], [77.04910183004779, 15.733067460069389], [77.04909306159229, 15.731377466763105], [77.04913084473313, 15.730279550567001], [77.05029714992438, 15.730234784756854], [77.0525644096666, 15.730222006628988], [77.05449583423984, 15.730163881614716], [77.05662314813891, 15.730200761627803], [77.05891847304721, 15.73006590380768], [77.0595903275398, 15.730030037167127], [77.06192306188983, 15.729610539674354], [77.0635792534398, 15.729299254718452], [77.06491825525285, 15.729091781589375], [77.06722762172738, 15.728758050514067], [77.06829600246785, 15.72859116661285], [77.0710484351085, 15.728411131656037], [77.07413217361243, 15.728118266901056], [77.07597963535102, 15.72786115115696], [77.07876011788643, 15.7276719525064], [77.07960716991056, 15.727548707442203], [77.07972115623862, 15.727532122807553], [77.07978651316711, 15.727410153068037], [77.07957247338099, 15.725015261724483], [77.0794281823868, 15.723587387557075], [77.07931677691855, 15.72130097412389], [77.07903732091512, 15.719516072848757], [77.07884650168079, 15.717753867071174], [77.07889810719891, 15.716276305512451], [77.0792200436338, 15.716199553648782], [77.08086673729626, 15.716005608881247], [77.08382434694447, 15.71566283889945], [77.08563439474979, 15.715428225992], [77.08743966261949, 15.715509853521686], [77.08741748501174, 15.715355538930469], [77.08736043480468, 15.714958585157053], [77.08712742619302, 15.713905743255768], [77.08666606763278, 15.711759382545385], [77.08619532347444, 15.70995181446269], [77.08611426399479, 15.709730429254762], [77.08593888859681, 15.709251457476576], [77.08587043876877, 15.709032888903321], [77.0854633977405, 15.70773315295965], [77.08518375219255, 15.706567250525463], [77.08486206728593, 15.70549184298954], [77.0842002882976, 15.702875404965152], [77.08410867810493, 15.702615420835397], [77.08355225173646, 15.701036300237405], [77.08292759922053, 15.699545043479375], [77.08260119815866, 15.698718015470725], [77.08168702671146, 15.69861844858492], [77.08067487871115, 15.69855049899171], [77.08030646793505, 15.69791779493407], [77.07929471968504, 15.696304424946018], [77.07900563823337, 15.69582085710099], [77.07872588488758, 15.695165664410794], [77.07875314156995, 15.695155280502181], [77.07901049183086, 15.695057240881166], [77.08068969193017, 15.694718700101006], [77.0834651492899, 15.694023482317652], [77.08562959325457, 15.693291871020906], [77.08736956348457, 15.692650637240273], [77.08915142664786, 15.692022816757266], [77.09202010218459, 15.691169353000294], [77.09382533861326, 15.690405987463569], [77.09394200820911, 15.69025685588748], [77.09406334904442, 15.689357710507233], [77.0941334239248, 15.68893300762096], [77.0950570591235, 15.688381845525083], [77.09547214636179, 15.688341234760362], [77.09683886569294, 15.687663691861479], [77.09866269455303, 15.686642703496656], [77.1005005398265, 15.685576631696687], [77.1018112743525, 15.68487183551033], [77.10321060342679, 15.684207845674896], [77.10497377714057, 15.683444340790935], [77.10631243759381, 15.68273961161874], [77.10776767870968, 15.68203481947151], [77.10875190707095, 15.681619272515567], [77.1092602448256, 15.681483762419175], [77.10936294202553, 15.68051673694033], [77.10931634731004, 15.679897744198987], [77.10964751483282, 15.679784805631538], [77.11120071812873, 15.6791749049786], [77.11375200540085, 15.678235180153548], [77.11422776665002, 15.678004849507275], [77.11411010711076, 15.677677416823196], [77.1140832313141, 15.67760262325427], [77.11377541010727, 15.676848066987032], [77.11369312083394, 15.676580103845103], [77.11342570674692, 15.675709296451483], [77.11357962139279, 15.675605414572852], [77.11621485443153, 15.67425902858035], [77.11867272320232, 15.672840380383208], [77.12031451296167, 15.671877964636597], [77.12115237162719, 15.671328976739616], [77.12120065966697, 15.671287024546876], [77.12140342020636, 15.671110870046322], [77.12125661123441, 15.670812386573646], [77.12096284866179, 15.670215121649655], [77.12058512325449, 15.669483111894314], [77.12003015664838, 15.668461925343099], [77.12004726416464, 15.668360233252525], [77.12017002703308, 15.667630509800205], [77.12102354423227, 15.667427174907083], [77.12207752947032, 15.667264569814424], [77.12361198672285, 15.66703866480329], [77.12469395807527, 15.666776598935423], [77.12773001939382, 15.666148528470586], [77.1289058584052, 15.665888390288872], [77.12891461877582, 15.665886452811431], [77.12871407527852, 15.66474330245876], [77.12843425006754, 15.663586546022806], [77.12833164359748, 15.662484019477914], [77.12813577672956, 15.661544153846792], [77.12763214345203, 15.65897310669171], [77.1274269062574, 15.657856977679382], [77.12732943365918, 15.657580886488796], [77.12730569208453, 15.657513635978415], [77.12729972367778, 15.657469648243847], [77.12719841706993, 15.656722870799532], [77.12703985723576, 15.65578302452103], [77.1266061685829, 15.654359667893205], [77.12622838568342, 15.653112496609387], [77.12616789313218, 15.652936149981626], [77.12568279569224, 15.651521983255913], [77.12565101689074, 15.651411048791847], [77.12524915375178, 15.65000822048371], [77.1247455294574, 15.647410047315871], [77.12435380111145, 15.645123656417883], [77.12394817762468, 15.643126479799065], [77.12371498485841, 15.642204703259448], [77.12322543716455, 15.640446913792317], [77.12293631798362, 15.638806679543336], [77.12276850729863, 15.637781017047937], [77.12218565339286, 15.63500654021288], [77.12191056679495, 15.633425079343338], [77.1214536980145, 15.631106996135646], [77.12141256595429, 15.631112872708037], [77.12072630967107, 15.631210904084215], [77.12003617805573, 15.63139164247142], [77.11923879927357, 15.631631093511405], [77.11707046380708, 15.632213929008744], [77.1166041321734, 15.632299734443993], [77.11566694319367, 15.63253466002058], [77.11534979208432, 15.632760549510989], [77.11508404616876, 15.63297741678646], [77.11403483188322, 15.633763608368524], [77.11338192645324, 15.634355496899497], [77.1123093667501, 15.635064853240566], [77.11164254821298, 15.635557289176257], [77.11098495537387, 15.636027195734524], [77.10962794683098, 15.637007583337535], [77.10835485171538, 15.637856977453703], [77.10811702543884, 15.637866023426175], [77.10731975086125, 15.637124859631728], [77.10704924028143, 15.63717904828303], [77.10627984491869, 15.637463697422808], [77.10630021242112, 15.637566315793523], [77.10630314991208, 15.637581120516785], [77.10655952190766, 15.638353848764828], [77.10675063758605, 15.638647588057054], [77.10703979269958, 15.638841921212986], [77.1072915195068, 15.639203377433788], [77.10742052476814, 15.63949587415008], [77.10753865682125, 15.639763716359802], [77.10749665429353, 15.640052912957188], [77.10733340345693, 15.640296898857875], [77.1065592595996, 15.6411688986482], [77.10654523060981, 15.641435474832127], [77.10667106302152, 15.641833197898046], [77.1063446916041, 15.641941560582442], [77.1056498132908, 15.642036384372073], [77.10532336102496, 15.642361689056628], [77.1049875608903, 15.642736716779623], [77.10469839679361, 15.643048446978677], [77.10443260865723, 15.643034845059276], [77.10343004029113, 15.642858492338247], [77.10320140288165, 15.64417343348059], [77.10309868232551, 15.645379860905688], [77.10266480233149, 15.646631416587722], [77.10169467931682, 15.64814954242896], [77.10139153563767, 15.64852457943771], [77.10122363062963, 15.648578793615764], [77.10049151714779, 15.648452157459953], [77.10026766686045, 15.648551511794746], [77.09972667624353, 15.648921982506408], [77.09920898073857, 15.649202046296656], [77.0980756607862, 15.64974416054945], [77.09697976554692, 15.65016420725916], [77.09593508146536, 15.650801225189536], [77.09446597664972, 15.651745328567326], [77.09332327918412, 15.652517864054213], [77.09332324145488, 15.652517866649216], [77.0929268607341, 15.652540404271488], [77.0925211123815, 15.65303732728739], [77.0925210827371, 15.653037363617376], [77.09222722943461, 15.65319543445987], [77.09167227181163, 15.653141174795712], [77.09098204227993, 15.653416663023277], [77.09020317418253, 15.653949757172413], [77.08920037135613, 15.654704172251252], [77.08807630764449, 15.65577939849108], [77.08776371907842, 15.656285423666903], [77.08702658760744, 15.657654333694818], [77.08702654987819, 15.657654331964864], [77.08558564767088, 15.657572796326567], [77.08536636711341, 15.657884532457242], [77.08369207361213, 15.65819590655175], [77.0833795623012, 15.658840120271313], [77.08322083088882, 15.659167329714764], [77.08292989980595, 15.658831093390832], [77.08176615122001, 15.657486107964948], [77.08138855606842, 15.656966415569665], [77.07981268288799, 15.655203827703499], [77.07888030797986, 15.654010703037716], [77.07805508142387, 15.65301196722565], [77.07707142888272, 15.65180530109416], [77.07630216557232, 15.650964605452387], [77.07470766672279, 15.64940086491144], [77.07337438358485, 15.647855148115566], [77.07228334912956, 15.647000838906322], [77.07175645936766, 15.64667537464774], [77.07025037540333, 15.646177991549694], [77.06783972477882, 15.645282621764869], [77.06521457532911, 15.64445505218634], [77.06301376396846, 15.643695220489178], [77.06188998142947, 15.643365046016244], [77.05829040244161, 15.642166489007034], [77.05650927230359, 15.641709557551753], [77.05282565232763, 15.640705226211896], [77.05075084046535, 15.640076401782567], [77.04876917760986, 15.639434123782362], [77.04601823617259, 15.638660408253365], [77.04417651556697, 15.638253002436299], [77.04202236090552, 15.637800353826464], [77.04070278875376, 15.637537738366648], [77.03877705680446, 15.637311021088488], [77.03593269506922, 15.636998122094733], [77.03435670151454, 15.636821178520634], [77.0343276419134, 15.636496883216582], [77.03427773960108, 15.635939995635308], [77.0341525108572, 15.63458437668476], [77.03407223920004, 15.634587230576006], [77.03201679411698, 15.634660281181565], [77.03130335211831, 15.634646429562402], [77.03073449755792, 15.63456036731741], [77.0304640507585, 15.634515061458835], [77.0304285466435, 15.634194112088867], [77.03036657187205, 15.633633866052072], [77.03030640810421, 15.632617139065822], [77.03022400654153, 15.629363792983801], [77.03012651328204, 15.628505239388812], [77.0300993203801, 15.62685587252878], [77.0302112675325, 15.626842377672347], [77.03149347156506, 15.626856537798622], [77.03151692478052, 15.626639615595277], [77.0315080440356, 15.625740452467129], [77.03135474114248, 15.624443592472842], [77.03122035227767, 15.622645085539945], [77.03114192306515, 15.621009384755443], [77.03152432150854, 15.620896591016486], [77.03275069434791, 15.620648594586989], [77.03253203901784, 15.619582047161236], [77.03233194108495, 15.618601447241812], [77.0321134088241, 15.617399427441146], [77.03178308212448, 15.615750031743955], [77.03164838244255, 15.614810095104914], [77.03149941931053, 15.614136714826154], [77.0314532144639, 15.613291729876671], [77.03132813753534, 15.61161534575069], [77.0314029546221, 15.611122786515148], [77.03170610099616, 15.610865420497884], [77.0324569802843, 15.610459023574911], [77.03267222201626, 15.608827913131003], [77.03281731969757, 15.607630612751963], [77.03266922074489, 15.607598614507975], [77.03264942726591, 15.60759433873098], [77.0324302985237, 15.607594243559904], [77.03208529964054, 15.60750372027029], [77.0320109002704, 15.607237105122904], [77.0320046174533, 15.607177098779088], [77.03183443341935, 15.6055516569826], [77.03194648747125, 15.605402516306015], [77.0329162493632, 15.605335201936684], [77.03294441154736, 15.60500535930425], [77.03284187424757, 15.604829116604408], [77.03282611779748, 15.60475127251914], [77.03279737799657, 15.604609288230073], [77.03273026935327, 15.60427774949266], [77.03263843997169, 15.60403963871244], [77.03261885849513, 15.603942942332564], [77.03222753888265, 15.602928085721404], [77.03206468599971, 15.602505737577935], [77.03146854780749, 15.601091107570198], [77.03035883827577, 15.597910015943626], [77.02977362808898, 15.595858344834674], [77.02943849989414, 15.594800873838386], [77.02885196469234, 15.592862153923074], [77.02835857041241, 15.591176483887862], [77.02803283769713, 15.590064753940153], [77.0279447623751, 15.588939548311725], [77.02772164601134, 15.587601958117444], [77.0274846183371, 15.586155899602803], [77.02692605667323, 15.584257921590742], [77.02626992629139, 15.581758812168635], [77.02632248582037, 15.579336901344941], [77.02632332394853, 15.577565613051545], [77.02661792105606, 15.575640807589636], [77.02687972426581, 15.574149809520392], [77.0270899048895, 15.573309421916637], [77.0271876299143, 15.572719781920728], [77.02747795014275, 15.570968947901637], [77.02788899765721, 15.569166227093431], [77.02804809019233, 15.568000528544097], [77.02830964097551, 15.567051751690414], [77.02858064742539, 15.565547195912345], [77.02882380430479, 15.564033590285687], [77.02910426013314, 15.562479252991528], [77.02908105395439, 15.562131338978814], [77.02926803199259, 15.561015304116768], [77.02948789914993, 15.559537819582683], [77.02968407144505, 15.558647734792357], [77.0301420730011, 15.556153702984481], [77.03043702045159, 15.553338742564424], [77.03065687143926, 15.551644378032446], [77.03083467318683, 15.550139791817678], [77.03097999993854, 15.54844984845951], [77.03098873874964, 15.548079647232482], [77.03101327982488, 15.547040101389252], [77.0313455621569, 15.544098635170734], [77.03133711978985, 15.54232730313096], [77.03128715639208, 15.53945804919534], [77.03136240197523, 15.537935267153403], [77.03132616573328, 15.535698590361099], [77.03135497560275, 15.533931800964833], [77.03136515441324, 15.5321650024833], [77.03134696532537, 15.531071486010166], [77.03136111918101, 15.530822957077751], [77.03137557846382, 15.52962102716759], [77.03123674204001, 15.527655374867239], [77.0311768262072, 15.526209408351617], [77.03123349013869, 15.524636957204711], [77.0312991300365, 15.523633826033741], [77.03121628829929, 15.521546217326444], [77.03099857620032, 15.518514153768818], [77.0312979020395, 15.516259454507617], [77.0313635886497, 15.515306054314983], [77.03138285841086, 15.513986697874408], [77.03128131374946, 15.5119938857602], [77.0313284169114, 15.51078747660754], [77.03141776065459, 15.509061433456976], [77.03138605641325, 15.507118408943462], [77.03120952488352, 15.505871139176975], [77.0311018950344, 15.505558807894445], [77.03109816522934, 15.505532454937121], [77.03070725345198, 15.504398053192869], [77.03006961039871, 15.50267159999615], [77.02949230808136, 15.501415185610606], [77.02899283130866, 15.500762873517754], [77.02886652548476, 15.50048101463196], [77.02680492963695, 15.500761413181745], [77.0256103131412, 15.50157157604693], [77.02448697167503, 15.5020409855609], [77.02336377034608, 15.502166996069429], [77.02282311390243, 15.502261620328197], [77.02192846643962, 15.502112027381338], [77.02104771681255, 15.501985151203622], [77.01893665972521, 15.50195696610505], [77.0180511580103, 15.502069483142314], [77.01617779604543, 15.501942071975568], [77.01482173163187, 15.50185099321634], [77.01417688408999, 15.502133675183149], [77.01344198852576, 15.502455778590004], [77.01278918640202, 15.503101594836217], [77.01174015806774, 15.503955141563313], [77.01138586701128, 15.504185354173883], [77.01063543777914, 15.504365729001616], [77.00948890720223, 15.504636264546262], [77.00901815675566, 15.50469479114411], [77.00675794070358, 15.504693547241986], [77.00560681344739, 15.504774245916822], [77.00402682598296, 15.505049024209432], [77.00330438196684, 15.505256480998181], [76.99882391231644, 15.50566029843052], [76.99753828749925, 15.505680813629263], [76.99641059100058, 15.505711241906821], [76.99403384459153, 15.505717020786083], [76.99235619498435, 15.505817306301934], [76.99072524609386, 15.506098307868818], [76.98909460891876, 15.506957700692372], [76.98784609709922, 15.507798817751775], [76.9862710126396, 15.50800745766441], [76.98235665858628, 15.508660042914634], [76.97795786555812, 15.509855031619129], [76.97456138038464, 15.510530322639397], [76.97420246390277, 15.50844657010322], [76.97394967798182, 15.506079009771154], [76.97400450396023, 15.503769949156338], [76.97388805894322, 15.501099630008644], [76.97385611215678, 15.500427067818661], [76.97386698536498, 15.499550463888408], [76.97404815759145, 15.498258062714543], [76.97461541943888, 15.49565511001691], [76.9757042278689, 15.4924329076605], [76.9762395231669, 15.491190035196604], [76.97712893704488, 15.489788832471058], [76.97827940314104, 15.488816872614047], [76.98030097994126, 15.487460378287208], [76.98137657235681, 15.486903158143612], [76.98242994224886, 15.486356776808035], [76.98519723392263, 15.48537495948169], [76.98702815318525, 15.484759512281018], [76.98848168480714, 15.484193957594131], [76.98971615865374, 15.483646654042795], [76.99124415701942, 15.482922816746894], [76.99261829463818, 15.482108795867099], [76.99373140878483, 15.481326464143082], [76.9950215880605, 15.48030457097428], [76.99516334311063, 15.480174273910366], [76.99633482978447, 15.479097466037958], [76.9973313237426, 15.478030540997416], [76.9980762238442, 15.476832645532575], [76.99863906687871, 15.475359312794028], [76.99893673083463, 15.474287879557293], [77.00090200302948, 15.469830670438796], [77.00196071789746, 15.466562647652799], [77.0041709022798, 15.463563998931487], [77.0045840590385, 15.46198655854023], [77.00708441273235, 15.455093185797946], [77.00718079208087, 15.454859797226916], [77.00865657137909, 15.451286028424873], [77.010799934579, 15.448766415183233], [77.01625649475253, 15.445749816580282], [77.02205551067867, 15.443121148407169], [77.02753336002611, 15.43976493980437], [77.02759969971153, 15.439609634395586], [77.02804796981809, 15.438560200668254], [77.02921640850815, 15.437987652352666], [77.02974752304684, 15.437743830296904], [77.03028315251817, 15.43750858128297], [77.03103756757523, 15.436965301206266], [77.0320376610827, 15.435580721670577], [77.03203937596659, 15.431757983919255], [77.03269770452593, 15.428434187355279], [77.03375519049861, 15.426467935502979], [77.03504087280798, 15.425000306452532], [77.03515589758852, 15.42319982326738], [77.03461435001613, 15.420955820523865], [77.03454505936502, 15.420787370263156], [77.03450317002498, 15.42061380974299], [77.03389439163841, 15.419133702091557], [77.03385325957818, 15.41895202679813], [77.03321425917049, 15.416129580414951], [77.03317086335574, 15.415937901115743], [77.03310266146273, 15.415785567300267], [77.03226460157462, 15.413913701845988], [77.03085281376569, 15.41139397958043], [77.03085278861283, 15.411393943207836], [77.02989688233586, 15.409967016270489], [77.02899842421961, 15.407709006350595], [77.02898889668772, 15.407622369604162], [77.02882781528253, 15.406157614310807], [77.029256978223, 15.404384986960686], [77.03028569385208, 15.402668039350788], [77.03142852786159, 15.401061835920995], [77.03297105557867, 15.399732877270546], [77.03454186405753, 15.398874793519816], [77.03739755624348, 15.39798958524913], [77.03965366789302, 15.39704869592496], [77.04548367210317, 15.392947740054373], [77.04554727282532, 15.392848312784638], [77.04627640749364, 15.391708440700285], [77.0472763644572, 15.39004674026124], [77.04764913475742, 15.385863992931807], [77.04762410859192, 15.3855572959843], [77.04745022260069, 15.383426260956542], [77.04735344260352, 15.383253184603983], [77.04549255554305, 15.379925197368703], [77.04490615868175, 15.378921814281378], [77.0446904480292, 15.378584814356582], [77.04315610037109, 15.376042415160674], [77.04228626617306, 15.37374295727126], [77.04137380242322, 15.371014030838277], [77.04137185846896, 15.37099591550273], [77.04117464412812, 15.36915796560164], [77.0412426681547, 15.365425097100108], [77.04162775884899, 15.362840653229133], [77.04171173426006, 15.362512753770234], [77.04185653010744, 15.36194736415906], [77.043085464942, 15.358402153329251], [77.04477080951791, 15.355715777078451], [77.04891099823702, 15.353639766347271], [77.0542215435493, 15.351314650418551], [77.0590609880721, 15.348982445856626], [77.06328328460484, 15.345749630284692], [77.06341776689445, 15.345571522442675], [77.0649234951259, 15.34357729833815], [77.06589489913819, 15.340807424555996], [77.06603846070036, 15.337760363642776], [77.06572533134852, 15.334574725542467], [77.06514093054379, 15.33188758267228], [77.06477023175867, 15.33060624466467], [77.06473409882298, 15.330515763925241], [77.06419150201833, 15.329157058867652], [77.06410892977573, 15.328960478282447], [77.06375418327337, 15.328043670705217], [77.063774027058, 15.328033629586228], [77.06473901081095, 15.327545330861081], [77.06653747124744, 15.32707492922159], [77.06984856975654, 15.326687939408266], [77.07227495706817, 15.326217658863763], [77.07441578162909, 15.325913509719584], [77.07592843676971, 15.326523258729935], [77.07895382520441, 15.327438039621311], [77.08334929356772, 15.328657811135635], [77.08643184539719, 15.3293232527264], [77.08917194955886, 15.3300716471653], [77.09179789132267, 15.33087549738448], [77.09493768470035, 15.331291481281957], [77.09767782838792, 15.331873611998555], [77.1014740315235, 15.333702327646744], [77.10390031912215, 15.333591782138486], [77.10808132099957, 15.333600611850605], [77.11301127078724, 15.333701021210398], [77.11312731515562, 15.333703383711644], [77.11292763673598, 15.33097488316352], [77.11261387676679, 15.327456758260677], [77.11344170125055, 15.327262916385106], [77.11344167969098, 15.326431876067614], [77.1170381981187, 15.325767345357622], [77.11681001525675, 15.323385025733323], [77.1169528168442, 15.319562271636633], [77.11703865266624, 15.314520708952214], [77.1169245827948, 15.313440384339287], [77.11851576775926, 15.313468082951804], [77.11850041016119, 15.31312331645207], [77.11849657615153, 15.313037243438307], [77.11843024814422, 15.310649558569036], [77.11845176010031, 15.30839882143962], [77.11837332190466, 15.30623817448281], [77.11831629774873, 15.30305254315921], [77.11835214861343, 15.300019280990405], [77.11828095533053, 15.295420865237125], [77.11840090287883, 15.294876130797292], [77.11963644212734, 15.294567937209044], [77.11963641697453, 15.29541455281652], [77.11974430553846, 15.295385884806329], [77.11974428397889, 15.295761405534828], [77.12130900816832, 15.295345623077054], [77.12551701879308, 15.294755157262285], [77.13289863268788, 15.293495363630788], [77.13307104005214, 15.293505245237338], [77.13294931204292, 15.292865481304723], [77.13329061974862, 15.29282373563228], [77.13779608861508, 15.29282601541047], [77.14633371300795, 15.293091220773952], [77.15160282442608, 15.292460442130379], [77.15156110217272, 15.292106689999503], [77.15140320978682, 15.290767979949706], [77.15124034342915, 15.285473047188722], [77.1512807298877, 15.283858981977243], [77.15132112712604, 15.2825598517324], [77.15196919602653, 15.275709785245157], [77.1518307350985, 15.275698348160489], [77.15186253995114, 15.275362149759976], [77.14712550157412, 15.274970845863555], [77.14716056192134, 15.272947127972191], [77.15287829648393, 15.274088201805977], [77.15297955817601, 15.27298590087111], [77.1542322327886, 15.272585182242409], [77.15836830363044, 15.268962783149057], [77.15920408000112, 15.269264816421906], [77.15928503707285, 15.267867264242485], [77.16695576206372, 15.268609857119882], [77.1672566213271, 15.266160923186655], [77.16770216055517, 15.26344448313872], [77.16769624514905, 15.258521417478102], [77.16759061045813, 15.258538116918691], [77.16386601472881, 15.259126883797418], [77.16165593544936, 15.25914690504196], [77.15887802658727, 15.258773318981824], [77.15743834968201, 15.257887783268785], [77.15589717213281, 15.256962779847774], [77.15376827899549, 15.256963033777497], [77.14380230545308, 15.257239522373451], [77.1406884383528, 15.251102224525098], [77.14068294784981, 15.250998200527313], [77.14063670347728, 15.250122093617126], [77.14041791519658, 15.24903306585472], [77.14037593153344, 15.248477257760486], [77.14030142436548, 15.247510292685323], [77.14021032890744, 15.247368794529116], [77.13999891220195, 15.247040402164034], [77.138932946133, 15.24604176388093], [77.13789961226504, 15.24417106177908], [77.1369872122956, 15.242363632281037], [77.1365450183936, 15.241437269986207], [77.13624252419642, 15.240985424011049], [77.13476708805464, 15.241423847983036], [77.1340643827203, 15.24161366532836], [77.13285419662401, 15.24171762029923], [77.13279819205594, 15.241364255873505], [77.13253764738589, 15.2397203395618], [77.13248561786294, 15.239720336094905], [77.13180232242694, 15.239720292758602], [77.13052709740577, 15.239810724285816], [77.12828843193736, 15.23986949344686], [77.12641174440932, 15.240464757575603], [77.12631491051329, 15.240112321039417], [77.1262958464663, 15.240042931974257], [77.1263987421939, 15.23854549149309], [77.12622197171231, 15.236222870828929], [77.12598924427331, 15.23432496777856], [77.1257379055383, 15.23217405968886], [77.12530041970673, 15.228541001275582], [77.12514504529852, 15.22696557206009], [77.126008205014, 15.226847063521587], [77.1271902918082, 15.2267205614794], [77.12861397959968, 15.22671093936404], [77.13007067239307, 15.226372024968512], [77.13158789367027, 15.226096367765352], [77.13409166725039, 15.225630932347663], [77.1355779604307, 15.22540603568339], [77.1355854901094, 15.225404896728502], [77.13570917195433, 15.225840108800218], [77.13580894513802, 15.226191193662075], [77.13640933146321, 15.226069169020615], [77.13824292411212, 15.225373152475619], [77.13891307270399, 15.22509299447925], [77.14026731353749, 15.22474503428754], [77.14180767631476, 15.224446665963372], [77.14266870881964, 15.22443301577773], [77.1441857980445, 15.223994627477675], [77.14444174154366, 15.224220589200376], [77.14505612002773, 15.224866648839617], [77.14542385706739, 15.225128720787879], [77.14712702871009, 15.224247472672632], [77.14768085265916, 15.223935635451488], [77.14729438484751, 15.222046845194551], [77.14721046243704, 15.221070743017702], [77.14721048219998, 15.220831321659505], [77.14727563161763, 15.220709292177965], [77.14742920041212, 15.220582717103461], [77.14874146117576, 15.219705985967956], [77.1506446714626, 15.218503829046542], [77.15199776514748, 15.21759789573965], [77.15189638308115, 15.217048713777945], [77.15186274746198, 15.216684238633519], [77.15168203517291, 15.214726070011533], [77.15220323231087, 15.21466731290012], [77.15484186816794, 15.214847707686037], [77.15528839823779, 15.212963380746764], [77.15571632419811, 15.21147212844781], [77.15612087958802, 15.209754954476688], [77.15648834533644, 15.208336073995966], [77.15710705010692, 15.206871906960881], [77.15763264270156, 15.20554781885629], [77.15832574684218, 15.203464584181743], [77.15933509748865, 15.201024387651817], [77.16057286725403, 15.201042254147902], [77.16196896957982, 15.201136932681868], [77.16240608440715, 15.199830979436863], [77.16262463643096, 15.198886473186532], [77.16312694918501, 15.19729136204475], [77.16368968262506, 15.195429507066763], [77.16419187949644, 15.193811712973698], [77.16497841740976, 15.191636380946244], [77.16508982647129, 15.191328262260683], [77.16519184634147, 15.19104610668944], [77.16590805874446, 15.189378557800113], [77.16621036160053, 15.188366355079031], [77.16631718027095, 15.187060359189912], [77.16656798899996, 15.184995238931513], [77.16676765304659, 15.18303866947713], [77.16700939148618, 15.181565464737792], [77.16726501159184, 15.180169171694512], [77.16765096017724, 15.178786361302977], [77.16807392474226, 15.17681605157182], [77.16850638539815, 15.175243526936836], [77.16880635892262, 15.17386068949944], [77.16888271572178, 15.173509090943323], [77.16888289897813, 15.173508248221404], [77.16914776364638, 15.171962803251548], [77.1691569174791, 15.171375305638623], [77.1690456269952, 15.171368571598029], [77.16744472585263, 15.171271693986242], [77.16743269471604, 15.170925709336736], [77.16738391529779, 15.16952297254126], [77.16738364400659, 15.16817639891789], [77.16727772185482, 15.16818518442886], [77.1661832369705, 15.168275957905486], [77.16488984172612, 15.16823098907547], [77.1648697167688, 15.167882207640192], [77.16479181307074, 15.166532033206211], [77.16468449583532, 15.164593437171176], [77.16453078151378, 15.163721363453947], [77.16448592683501, 15.1637169623689], [77.16338153443148, 15.163608577383524], [77.16337379724192, 15.16326625383774], [77.16332056217989, 15.160910912113781], [77.16305498784254, 15.15866515775036], [77.16285474438256, 15.157386326320731], [77.16280401202688, 15.157387932990332], [77.16098915553984, 15.15744539331342], [77.15821633204057, 15.157630986495372], [77.15625766964958, 15.15776233956223], [77.15485271622332, 15.157911642462638], [77.15175424175544, 15.157979736286803], [77.15032124023108, 15.158034130520203], [77.14765084353878, 15.158206049639709], [77.1456781800058, 15.158319215762996], [77.14077925623138, 15.158613228727894], [77.14070289583897, 15.158259212589124], [77.1405833848719, 15.157705140311144], [77.14034637336734, 15.156552761429246], [77.14026272314638, 15.15631382439303], [77.14018816746939, 15.156100863616773], [77.13993690149792, 15.155585698984925], [77.13963910638796, 15.155034451566076], [77.13941578071675, 15.154659445352028], [77.13844804991568, 15.15349811808738], [77.1373454083286, 15.152427251710474], [77.13674526185359, 15.15192114612257], [77.13605196008363, 15.150850244884316], [77.1354285616158, 15.149774804185538], [77.13474454393427, 15.148319830786091], [77.13479759663832, 15.148308015665377], [77.13592156333192, 15.148057697272698], [77.13716368184157, 15.147822627461304], [77.13710781741068, 15.14694147102477], [77.1368611535084, 15.145441298099026], [77.13793120062371, 15.145197178782212], [77.13774969152898, 15.14390031571701], [77.1377589280067, 15.143647275423968], [77.13781016162233, 15.143561446105117], [77.13797292736865, 15.143493680615453], [77.13919174268153, 15.143231529852805], [77.14125260819901, 15.142738858306062], [77.14247141812197, 15.142381829228313], [77.14543478776775, 15.141934228119828], [77.14721182158809, 15.141699131564561], [77.1490260941702, 15.141445888333822], [77.14895613427417, 15.13995470247851], [77.14977020285599, 15.13979193242599], [77.15109138748372, 15.139615621907511], [77.15211013091482, 15.139547709475941], [77.15308803783141, 15.13940954674435], [77.15316612029424, 15.139398514151726], [77.15326369619869, 15.140649511804893], [77.15329194012955, 15.141011619989177], [77.15478057701444, 15.140835284472251], [77.15730194679435, 15.140496034486082], [77.15729568823173, 15.140463563813618], [77.15719482808659, 15.13994029068732], [77.15713183642222, 15.139812323130126], [77.15673884773994, 15.139013959044373], [77.15666163664295, 15.138720224950278], [77.15656663351345, 15.13835880049136], [77.15646880608071, 15.137726155320914], [77.15643141280869, 15.13616719711799], [77.15652890696649, 15.134802517416114], [77.15646823565048, 15.133907818120255], [77.15649611217042, 15.133216415440396], [77.15696110351765, 15.132285473149341], [77.15723088556378, 15.131666426134085], [77.157249007278, 15.131475889864042], [77.15739806652974, 15.129908586786582], [77.15733749043515, 15.128909936985886], [77.15714080699867, 15.12796566189154], [77.15709541063578, 15.127784817425177], [77.1570672008409, 15.127605820777791], [77.15686253317817, 15.12630716505345], [77.15663436558756, 15.124599087925358], [77.15635039554984, 15.122958808138518], [77.15630397241259, 15.122951498467627], [77.15546196083552, 15.122818914921067], [77.15518275905535, 15.121982918448827], [77.15474534329235, 15.120780992893112], [77.15472337499206, 15.120659386923725], [77.15449393179378, 15.119389289550588], [77.15442714564568, 15.119255016166296], [77.15402866735867, 15.118453874964516], [77.15305181775916, 15.11855797383472], [77.15299837698291, 15.118198562506285], [77.15292617399363, 15.11771296655852], [77.1528257674977, 15.117400085773351], [77.15272605450119, 15.117089366528473], [77.15207934744666, 15.11567960394749], [77.15160473873597, 15.114563516722], [77.15099988329224, 15.1130678436503], [77.15054394875969, 15.112209340924275], [77.150190312575, 15.111635478926807], [77.14979493347576, 15.111224345917872], [77.14874364587854, 15.110352307398543], [77.14739930178452, 15.109376366644181], [77.14611077271401, 15.108423017109603], [77.14547345485086, 15.107944063728445], [77.14419427814077, 15.106678915198918], [77.14210568522373, 15.10459592776157], [77.14154757451414, 15.1046953492537], [77.13962185873449, 15.10452824781777], [77.13696137944297, 15.104275359132304], [77.1369708863136, 15.10393211317784], [77.13699854903447, 15.102933290762692], [77.1369798883311, 15.102363930933299], [77.1368840578532, 15.10235257638325], [77.13640774054683, 15.102296139264922], [77.13524035917389, 15.1022419059146], [77.13442636605052, 15.10210190450183], [77.13316592011245, 15.101744965701732], [77.13190073825618, 15.101198231252692], [77.13014262924396, 15.100796066678122], [77.13006255521616, 15.100447833344766], [77.1299686830656, 15.100039585850835], [77.13030537073577, 15.09887102518543], [77.1306029763012, 15.098251990795385], [77.1305285338119, 15.09683311426897], [77.13040290441943, 15.095391547908743], [77.13035172919435, 15.09482675077777], [77.13049124654111, 15.09404952573819], [77.13054704000508, 15.093615675526147], [77.13048663459045, 15.093258695576313], [77.13040629735626, 15.09306358348599], [77.13019823945162, 15.092558277223064], [77.13016282606648, 15.092378130268246], [77.13011917962177, 15.092156104962022], [77.12999354124615, 15.091220755968248], [77.12995638602766, 15.090863785871786], [77.12985764141503, 15.090591394450456], [77.12984008294445, 15.090542958864257], [77.1297052323456, 15.090131763329344], [77.12969547394667, 15.090074502460736], [77.12959818909634, 15.089503638017344], [77.12951913645304, 15.088667704607895], [77.12950047754626, 15.087393369627959], [77.12961671325581, 15.086308850273442], [77.12960280913184, 15.084713742538161], [77.12955628538327, 15.08392747466501], [77.12944895557146, 15.083572449096005], [77.12938415829336, 15.083358109868355], [77.12938412236078, 15.083357907771903], [77.1292864817776, 15.082811354990103], [77.12932363609775, 15.08186686352766], [77.12937944662971, 15.080940501245856], [77.12943994726577, 15.080425403812997], [77.12942128207081, 15.080041288269765], [77.12933293545757, 15.079702360020198], [77.12930078655017, 15.079635547334515], [77.12916554518416, 15.07935448157195], [77.12899339922961, 15.078916132596527], [77.12890657885404, 15.078613011724952], [77.1288678506855, 15.078477797463133], [77.12879806416436, 15.077763871986837], [77.12871004633449, 15.076734549563174], [77.12864460496436, 15.075969883329643], [77.12860270214962, 15.075106832947872], [77.12861201947575, 15.074551010712398], [77.12850504270183, 15.074121696263255], [77.1283609026246, 15.073434823609999], [77.12831433665524, 15.072879075940184], [77.12823532623271, 15.072341269230085], [77.12797487498743, 15.071478177237296], [77.1277330044955, 15.070529274063597], [77.12766168185523, 15.070315135076404], [77.12742147683981, 15.06959393141779], [77.12721682983832, 15.069078779618044], [77.12649594080594, 15.067840604915306], [77.1257472516105, 15.066484987880559], [77.12538921637592, 15.065658049546666], [77.1248497367253, 15.064221042764125], [77.12434573424021, 15.063032214173981], [77.1243382404941, 15.063014538152157], [77.12363606157247, 15.061084996847187], [77.1232627855208, 15.06020838406788], [77.12185999883098, 15.056545956823664], [77.12176205641387, 15.056299497192413], [77.12168353557323, 15.056099057849568], [77.12149664646824, 15.0556219930643], [77.12149663209519, 15.055621956630143], [77.1212133618451, 15.054898681093936], [77.12083674675547, 15.054026559852401], [77.12074802284982, 15.053714065028855], [77.1205762901203, 15.053109196306705], [77.12046942653411, 15.051785216736649], [77.12024156167577, 15.050384403919386], [77.12002770245101, 15.048861529717456], [77.1197580560505, 15.047081111804884], [77.11952559900442, 15.045720940882948], [77.11948003106332, 15.045727760458544], [77.11780515635208, 15.045978426773281], [77.11622876214876, 15.046321839996068], [77.1152941082148, 15.046425669691809], [77.11521568259553, 15.046065794601683], [77.1150616978811, 15.045359195961467], [77.1145409615789, 15.042815121643867], [77.11419236494301, 15.041061841037244], [77.11395993304976, 15.039832684695273], [77.11365775056797, 15.03836401251949], [77.11342539952308, 15.036904480342523], [77.11317435992706, 15.035580408798268], [77.11295122380037, 15.034084721656061], [77.11289623792183, 15.034082445159035], [77.11251414670227, 15.034066626800666], [77.11142610004363, 15.034251817687451], [77.11002656435683, 15.034459569466996], [77.10875251073882, 15.034477511597487], [77.10710188245541, 15.034608442863178], [77.10546510888858, 15.034770967286065], [77.10408412970062, 15.034951523034893], [77.10240560603268, 15.035190887262297], [77.10096416393789, 15.03534888516882], [77.09946694185386, 15.035520426463302], [77.09768605695592, 15.035737094664421], [77.09637941515435, 15.035854390580193], [77.09367788375263, 15.036165791568378], [77.09359056032052, 15.035806310384643], [77.09333868079966, 15.03476940306697], [77.09325821600471, 15.034528370905393], [77.09287855472797, 15.033391090795439], [77.092409070906, 15.032378796103657], [77.09176763157231, 15.03111345069912], [77.09130743543206, 15.030114739368827], [77.09087515084597, 15.029359991480485], [77.08966623406921, 15.029658094922754], [77.08811318348691, 15.030046378107278], [77.08476993517208, 15.030737141207972], [77.0847249152033, 15.03036669244121], [77.08462605470797, 15.029553200343681], [77.08449149156999, 15.028134244148443], [77.08435225629421, 15.026692786921611], [77.08423632601185, 15.025486189609333], [77.08412961334263, 15.024229951390389], [77.08399966754519, 15.023122827516346], [77.08393932052104, 15.022417915869648], [77.08435316538926, 15.022178472243779], [77.0842836429728, 15.021125581349725], [77.08415377532882, 15.01937225612095], [77.08402854568665, 15.017890032984791], [77.08396371696752, 15.016493741821195], [77.08387095243971, 15.015282720888218], [77.08381536468993, 15.014279505288851], [77.0837260838288, 15.014277405580769], [77.08284836601582, 15.014256757293394], [77.08284029375467, 15.013901254692941], [77.08282066197243, 15.01303667145451], [77.08272341664798, 15.01115677927732], [77.0827050964061, 15.009914118163927], [77.08247333645268, 15.006109269594784], [77.08238604266494, 15.006108000177283], [77.08213771238782, 15.00610438975602], [77.08026504032908, 15.006077162787243], [77.07709901434845, 15.00597250565019], [77.07403991842938, 15.00587240032219], [77.07252437879839, 15.005826837462633], [77.0721526783917, 15.004850680516835], [77.07205977103176, 15.004615707481426], [77.07066038446533, 15.004669576966762], [77.06904241173909, 15.004791153761278], [77.06773597205846, 15.005007738611216], [77.0657507635525, 15.005346107097216], [77.06423509725907, 15.005625829222573], [77.06303558225005, 15.005833341608945], [77.0615709968586, 15.006086013136024], [77.06012040991425, 15.006288954135247], [77.05821883635788, 15.006645312784727], [77.05662876979595, 15.00687080073582], [77.05532689715024, 15.007069150977339], [77.0523187851151, 15.007547224116312], [77.05164462285056, 15.007614757877226], [77.0508275835401, 15.00781554646056], [77.05056123395667, 15.007881002057603], [77.05012885504749, 15.007957638477315], [77.0490456431217, 15.007988958022487], [77.0485155930866, 15.007970687420684], [77.04812501638087, 15.00804279715677], [77.04419096227335, 15.009848147796042], [77.04414001611863, 15.009871525318648], [77.04459992749298, 15.010825159989713], [77.04538518351038, 15.012185595864002], [77.0460820848297, 15.013423985333047], [77.04670924903522, 15.014680453711915], [77.0474432992848, 15.01624425382581], [77.04800540210752, 15.017559428003057], [77.04862323730879, 15.019041796592559], [77.0491155437289, 15.020352363814412], [77.04974329992416, 15.021825712353918], [77.04977992064504, 15.021911661109542], [77.05006783967674, 15.02297366413322], [77.05045314506842, 15.024501139304572], [77.05046623352209, 15.024589883277473], [77.05056911667327, 15.025287458240193], [77.05043900558584, 15.02585368138801], [77.05027113471374, 15.026584226151304], [77.05012642420633, 15.028093456057698], [77.04998640380296, 15.029589121866982], [77.04982319608554, 15.031007984232703], [77.04958534735113, 15.033104223281505], [77.04958530063874, 15.033104631040104], [77.04875563640526, 15.03309350183322], [77.04716285423623, 15.033072132678573], [77.04699719860962, 15.03305767286247], [77.04544717355317, 15.032922369816331], [77.04390347533129, 15.032799784432827], [77.04290381660839, 15.032668428681339], [77.04273642184343, 15.032763214505566], [77.04244976224972, 15.032964910347033], [77.04195973755043, 15.033309694467944], [77.04034634353724, 15.033132900853996], [77.0393560281916, 15.032938125794368], [77.03933159850745, 15.03290122187547], [77.03874269983811, 15.0320116218159], [77.03718970674798, 15.031925121878674], [77.03640859735393, 15.031852486647564], [77.03597173315652, 15.031305532724947], [77.03480001561569, 15.031463200359045], [77.03323759740158, 15.031638821524368], [77.0316939072645, 15.031737558751747], [77.03018267415699, 15.031800145748218], [77.02855062842352, 15.031853675227413], [77.02712440109471, 15.031891475533905], [77.02620254276361, 15.031915905615971], [77.02431006554784, 15.032000940221161], [77.02304068586423, 15.032040994463442], [77.02217829061509, 15.032059982226064], [77.0208134487629, 15.03216200997168], [77.01994389753416, 15.032233853868993], [77.01876288243011, 15.032296561312739], [77.01691687147073, 15.032485476496031], [77.01618220497683, 15.0325574365393], [77.01468493438378, 15.032696757548031], [77.01314116250002, 15.032840571623932], [77.01110912481833, 15.033074505486839], [77.01004888820424, 15.033164311271953], [77.00881669158689, 15.033299206406495], [77.00778905034291, 15.033407164269535], [77.00638537432098, 15.0335539761872], [77.00637076951108, 15.033555503109724], [77.00542894971605, 15.033588147149311], [77.00410157030615, 15.033861594465293], [77.00410153437356, 15.033861506840886], [77.00395616719764, 15.033503759516245], [77.00368832641085, 15.032844604968552], [77.0033541019212, 15.031836722781154], [77.0030570578028, 15.030941840792465], [77.00255959145971, 15.030796997353425], [77.00093233015345, 15.030606274370191], [77.00000251634222, 15.030510862061115], [76.99894068611682, 15.030430386874798], [76.99310169336393, 15.028540678354284], [76.9879817714532, 15.027051944230415], [76.98605653178069, 15.02651515926904], [76.98600694837026, 15.026175266107515], [76.98564127116758, 15.02366854003762], [76.98522538173376, 15.019497961393721], [76.98523367228549, 15.017559383753678], [76.98535823627606, 15.015575598219478], [76.98522245322592, 15.015585664609805], [76.98524555969165, 15.01521768836609], [76.98144244491827, 15.015499598779222], [76.97752299112909, 15.015713848361985], [76.97347826907016, 15.016298417979998], [76.96981472823742, 15.016937035462199], [76.96594218267575, 15.018068303788162], [76.96522512136485, 15.018598229678602], [76.96306037376957, 15.020197819227553], [76.96023888403977, 15.022295669763288], [76.95730119632965, 15.024628533389158], [76.95678378109906, 15.025025061024314], [76.95647623387838, 15.02526082976008], [76.95431698576928, 15.026916100333779], [76.95121647392236, 15.029303115960593], [76.94962657804034, 15.030401754920927], [76.94680432743749, 15.030736952075294], [76.94569764702491, 15.030972350984852], [76.94377272355936, 15.030905063195023], [76.94084314224638, 15.03034545662119], [76.93771825730911, 15.029596273376168], [76.93588621066081, 15.029438559248085], [76.93292434209988, 15.029561365194356], [76.92983705704717, 15.03006817615139], [76.9270241076008, 15.030583930672202], [76.92238841445915, 15.031289858178779], [76.92224888992587, 15.03131249417688], [76.92108674123944, 15.032849097258957], [76.9203244416691, 15.033811782153698], [76.91965960032395, 15.034521362709865], [76.9185670387327, 15.03531695453504], [76.91839038682872, 15.035551975339557], [76.91651167270136, 15.034824726792008], [76.91391698871618, 15.03419699439997], [76.9105410569964, 15.033379554712994], [76.90724421475085, 15.032548511808708], [76.90602133815459, 15.033018632134931], [76.90325482891343, 15.034130641129572], [76.89962351783646, 15.035676511153744], [76.89775428183371, 15.036607561698194], [76.89603852389554, 15.036933036813855], [76.89532279658282, 15.037048524954036], [76.89500158149511, 15.037100311932978], [76.89392747040147, 15.03685636221124], [76.89077006914587, 15.035532510728876], [76.88716164804069, 15.034064070946643], [76.8834602908294, 15.032654219566544], [76.8795636973676, 15.031221853001153], [76.8771876471529, 15.030236680813172], [76.87761545363728, 15.032107567880384], [76.87788986470204, 15.03463811012537], [76.87786655252211, 15.035487687287649], [76.87712730641691, 15.036978963482188], [76.87583461185848, 15.03931067410438], [76.87440703885335, 15.04133965376502], [76.87315150220827, 15.043165354415152], [76.8729834265203, 15.043529971978112], [76.87285706050932, 15.043804143077656], [76.87310032428825, 15.043886860981841], [76.8725290352934, 15.045126350434934], [76.87182690577914, 15.04698807604994], [76.87110141377926, 15.04831206287137], [76.86989234788217, 15.050295773911726], [76.86957144989975, 15.051750771092472], [76.86937617861486, 15.053119925423347], [76.86921806434508, 15.053449857641205], [76.86863164682255, 15.05330551094912], [76.8685018932646, 15.053273571727575], [76.86863323234903, 15.053480275261448], [76.8666084000542, 15.054557298594528], [76.86521321850161, 15.055253155074686], [76.86553402755084, 15.056441673164528], [76.86585480336238, 15.058434495864729], [76.8659105590971, 15.059713407567232], [76.86413421518293, 15.05805479161307], [76.86160894761299, 15.059378678430901], [76.8616415366949, 15.059826090133182], [76.8608927927022, 15.05981697743743], [76.86137626329315, 15.06168780439852], [76.86145536175059, 15.062004209281023], [76.85762790173469, 15.063337002792355], [76.85461886982472, 15.065153315728407], [76.85186082181521, 15.06702832973754], [76.8488516937855, 15.06910666732955], [76.84603784332887, 15.0712030555089], [76.84374007230804, 15.073109742552367], [76.84141903492132, 15.075075118184268], [76.8394701632686, 15.076376264456862], [76.83808402685261, 15.077578055373921], [76.83604200170157, 15.079263180808544], [76.83418632936127, 15.079222196068722], [76.83308993735366, 15.079278601151142], [76.830688816956, 15.079402228403398], [76.82689371964653, 15.079672514282262], [76.82379144261007, 15.080042351677955], [76.82200527651658, 15.081167172656652], [76.8196607787279, 15.08269393141174], [76.81786059083115, 15.083773483595323], [76.81437664119001, 15.085286348493595], [76.81164138882917, 15.08641078611188], [76.80974802407786, 15.088127470226652], [76.80777539557916, 15.08994343963897], [76.80552364704695, 15.091930917999528], [76.80359742012595, 15.09378313594814], [76.80206217864414, 15.095007235645367], [76.80026181377927, 15.09586072373544], [76.80017597077071, 15.095822507199259], [76.79882952731386, 15.095223067921019]]]}}, {"type": "Feature", "properties": {"dt_code": "565", "district": "Vijayanagara", "st_code": "29", "year": "2020_split", "st_nm": "Karnataka"}, "geometry": {"type": "Polygon", "coordinates": [[[76.36671496896278, 14.984505214782487], [76.36921125598332, 14.984021783721566], [76.37057800675551, 14.98401286303819], [76.37240492312523, 14.983719114619845], [76.37425966391257, 14.983981267502003], [76.37550557510936, 14.983308009860265], [76.37578439510555, 14.982835737425138], [76.37606331571307, 14.982363560271489], [76.37601689077917, 14.981699321588387], [76.37571003885454, 14.977785992186085], [76.37559847797773, 14.972969025391176], [76.37518946424908, 14.971482303840595], [76.37513831327847, 14.970583026213559], [76.37492451513917, 14.968224221840634], [76.37430622359375, 14.965802128249889], [76.37434345427067, 14.964979780608259], [76.37457126972168, 14.963800302666748], [76.37445041577327, 14.963095438524393], [76.37424123227957, 14.96254867757473], [76.37420403573859, 14.96196121693513], [76.37427843510876, 14.961373725178548], [76.37419476422654, 14.960591985344346], [76.3737391953083, 14.959534602142892], [76.37469213804319, 14.95733844172151], [76.37719278279114, 14.958029811959928], [76.38046040553546, 14.958748313155985], [76.38239395103108, 14.958192519557091], [76.38432292410194, 14.958490640608794], [76.38553143034859, 14.95844994598618], [76.38617746456497, 14.958364034223028], [76.38923122179631, 14.957487327147424], [76.39142037122794, 14.956416226508761], [76.3940095647101, 14.958512807849088], [76.39411151900327, 14.954979119295409], [76.39535249844917, 14.954653594087553], [76.39656097235647, 14.954766467449279], [76.39733254343885, 14.955078221708098], [76.40042802651683, 14.954119990552027], [76.4002929854751, 14.951964509606745], [76.40181746064823, 14.951331724117082], [76.40310488479092, 14.95120502064024], [76.40447607683387, 14.95146698243485], [76.40475492198289, 14.951037687020461], [76.40785512211444, 14.951019247524881], [76.40646481661722, 14.947539899163788], [76.40677602537097, 14.946401105554816], [76.40628793654113, 14.945854412278539], [76.40632499474152, 14.944638900335597], [76.40385685643044, 14.943523037794034], [76.40405190403482, 14.942253144038482], [76.40411664022744, 14.939709131379802], [76.40391207137935, 14.939279868866077], [76.40175031247905, 14.934829036001307], [76.40118333180433, 14.93448111782512], [76.39799490273887, 14.9330896165526], [76.40197318360275, 14.932596750084253], [76.40391118743716, 14.932894728752382], [76.40608630877728, 14.93303908727388], [76.40783844309456, 14.933499817684025], [76.40968810660391, 14.933020503884205], [76.41265771864259, 14.93182714223976], [76.4133873330113, 14.931899314927458], [76.41572043387396, 14.932002896362663], [76.41757484677622, 14.932499643192628], [76.41874139002104, 14.932137938578737], [76.4225614209695, 14.931251511457718], [76.42457863914396, 14.931947007042805], [76.42589822836374, 14.930762821862604], [76.42733437938149, 14.932305580306213], [76.43013790999214, 14.935316858794803], [76.43233152944063, 14.935246313827562], [76.4345251363127, 14.935175743666067], [76.43556609777575, 14.934660334715103], [76.43777331951426, 14.933313168215856], [76.44070084368526, 14.931884402133933], [76.44258746927528, 14.931169960846871], [76.44628658249495, 14.930400613495925], [76.45072926810622, 14.929355395764212], [76.45309424119516, 14.927655576984046], [76.45659854396567, 14.928219277238933], [76.46040870063257, 14.926238652794419], [76.46185814222494, 14.924977375146232], [76.46620821153043, 14.92518360024583], [76.46798395716661, 14.926231266075733], [76.46992226463159, 14.926998702257924], [76.4680017249446, 14.924459923606081], [76.46622623981985, 14.923882241938173], [76.46436694816727, 14.923114702619653], [76.46315868626239, 14.923155871800885], [76.46191315595125, 14.922971052678221], [76.46138800532773, 14.923052585567731], [76.46078394938459, 14.923251576727646], [76.45843624730533, 14.921110561476308], [76.45701831142658, 14.919868349540492], [76.45297899902228, 14.917583224325766], [76.45301609585029, 14.917257793476214], [76.45297197689175, 14.910719102205515], [76.45432826229084, 14.909069323801456], [76.45500638792242, 14.908047851090329], [76.455590745608, 14.90498835111501], [76.45736047163346, 14.903003973510137], [76.45754058115298, 14.90003054271295], [76.45765653029997, 14.899483745397205], [76.45897050864247, 14.896573125138415], [76.45983852105711, 14.894259243940896], [76.46062745926886, 14.891669593834914], [76.46037091659338, 14.889243086503479], [76.4607186445584, 14.887317975606464], [76.4596633316104, 14.88584069389896], [76.45917025623241, 14.884534890555456], [76.45912353126121, 14.88391137321683], [76.4608517874599, 14.883273613354875], [76.46406165032808, 14.881216278271872], [76.46517949769797, 14.876340077717945], [76.4688604002702, 14.878801412109109], [76.47072027403107, 14.881841841900055], [76.47204431619969, 14.881479785609434], [76.47534318863777, 14.881144053859662], [76.47540218279912, 14.878206793533122], [76.474719240401, 14.878252272354535], [76.47449943971897, 14.875197589772016], [76.47475331439804, 14.871510087609023], [76.4750957333197, 14.868446200012404], [76.4756898817436, 14.867347854232596], [76.47760764204305, 14.864870727651484], [76.48072334080818, 14.861087103806856], [76.48187462437127, 14.859396527354969], [76.48304559271716, 14.859739418855645], [76.48474174133095, 14.860511403762768], [76.48530887292267, 14.861057900509987], [76.48591784714198, 14.861676729282413], [76.48864961044625, 14.861544303245166], [76.49565082375081, 14.860953396713288], [76.49618599957292, 14.862552780546787], [76.49670648883841, 14.862783013769198], [76.49900634395073, 14.862779197765326], [76.49928699471347, 14.863004721307526], [76.49932732098492, 14.865585016438304], [76.49926574237048, 14.867532594323272], [76.49921912699378, 14.867862401551438], [76.49931646304806, 14.86823758241487], [76.49954399822468, 14.868445514973022], [76.50022229184121, 14.868495601851064], [76.50095174271654, 14.868577349848433], [76.50186681876725, 14.868844426315277], [76.50286090524041, 14.869170346189057], [76.50368328952685, 14.86918436383563], [76.50535595168753, 14.869153638750669], [76.50653586276209, 14.869371174828244], [76.5092580482288, 14.870222092590442], [76.51057740478494, 14.870557145889046], [76.51173412764705, 14.870792759664944], [76.51239843898618, 14.87106875094881], [76.5135410574, 14.871715516527797], [76.51567327879545, 14.872484728047468], [76.51711801680902, 14.872905715955646], [76.51768939563537, 14.873095763918844], [76.51834462231204, 14.872779774597795], [76.51885124608116, 14.872515657558306], [76.51935777103554, 14.872251549745924], [76.52051039578336, 14.871425146521082], [76.52162125695527, 14.870639341979675], [76.52257868318172, 14.870007122993862], [76.52316426167776, 14.869641450618287], [76.52353133037086, 14.869555746486158], [76.52425142080091, 14.869700605038444], [76.52505035995672, 14.870044439567554], [76.52667628995974, 14.870501551443464], [76.52815822810756, 14.87108057793569], [76.5290919810313, 14.871352127008308], [76.52982594055104, 14.871659762627383], [76.5302020705504, 14.872003346590995], [76.5304900758204, 14.872247490807252], [76.53082912605976, 14.872365074973782], [76.53138211098234, 14.872288533402434], [76.5322184622748, 14.872076448364556], [76.53282256133706, 14.872040552555148], [76.53338937492512, 14.871963962248147], [76.53261303558526, 14.872994003445658], [76.53135788162248, 14.874439480219342], [76.53131131834807, 14.874751271908494], [76.53093483890405, 14.875135207115726], [76.5305397535539, 14.875365518945035], [76.5303258790578, 14.875695234325168], [76.53207747797917, 14.87582254922211], [76.53488850682749, 14.875837209778437], [76.53738339337448, 14.876064209517411], [76.53850781281898, 14.87609172385808], [76.53929711035684, 14.877524509349671], [76.54051831518838, 14.879422851011139], [76.54116832894144, 14.880665801579573], [76.54171631204456, 14.881511069786189], [76.54257125037853, 14.881488780006045], [76.5445646066041, 14.881304215953994], [76.54673460215724, 14.881024794537437], [76.54902999623587, 14.88068219384219], [76.55087017623076, 14.880131473561285], [76.5525429354095, 14.879874528971904], [76.55417847289449, 14.879816288074734], [76.55674781989707, 14.879952647959309], [76.5582904095979, 14.88007966342181], [76.56063680732343, 14.88013450701867], [76.5625464109201, 14.880293271209121], [76.56447456652404, 14.880384194102936], [76.56499968211324, 14.880343648784452], [76.56521813532237, 14.879801432445726], [76.56603655085185, 14.877492530033697], [76.56675737520548, 14.875287522450156], [76.56756169526989, 14.87308257393888], [76.56868235256995, 14.869449680510296], [76.56911947997372, 14.868112286038574], [76.56968672026159, 14.866372651412606], [76.56984018934304, 14.865956934913456], [76.57000281764714, 14.86563159972803], [76.57054789470027, 14.865325964646361], [76.57072775718308, 14.865225142561], [76.57228900399407, 14.86434884600585], [76.57547189943737, 14.862713732667277], [76.5772143553058, 14.861729032673757], [76.57889638419996, 14.860875373302965], [76.58009979879562, 14.860328831811984], [76.58252514765479, 14.859547523602307], [76.58395153398543, 14.859159217554964], [76.58558231039939, 14.85883417602285], [76.5862095159274, 14.858671574757734], [76.58692036269318, 14.858789221021183], [76.58748707028006, 14.859164382053617], [76.58869951474092, 14.859851422505699], [76.59076202417539, 14.861537310236788], [76.59210913867379, 14.862947369295696], [76.59269897967584, 14.86405008916199], [76.59307975935512, 14.865541372162001], [76.5934743173942, 14.867931899797217], [76.59367378560809, 14.869978979277704], [76.59381289511974, 14.871790972154205], [76.59422591623286, 14.87586257359776], [76.59447621921038, 14.879726212296925], [76.59450866815507, 14.880345239307777], [76.59440636262062, 14.880923648140813], [76.59435517841234, 14.881321333103115], [76.59485691804126, 14.881610608897763], [76.5964227785995, 14.881759902719825], [76.59877381522514, 14.881877719582807], [76.60141292269776, 14.88194579643842], [76.60348528126099, 14.88184207457324], [76.60569229908192, 14.881756508120786], [76.60772276291527, 14.88165721216819], [76.60921892139402, 14.88149018386119], [76.61042235215932, 14.881259812590368], [76.61120295220861, 14.88125087548444], [76.61223905917585, 14.8814361254485], [76.61379095003313, 14.881892703559881], [76.61652302684946, 14.88279203198834], [76.61735462605405, 14.883167168653422], [76.61842332928968, 14.883592012985996], [76.6193386245293, 14.884143308709], [76.61975215678382, 14.884278921832081], [76.62077904973118, 14.884080037893463], [76.62238213288155, 14.8837547352488], [76.62370163945634, 14.88374571837414], [76.62545797788914, 14.883994303903304], [76.62681017325876, 14.883985288774973], [76.62878482925507, 14.883867821202083], [76.6301927731729, 14.88382264048116], [76.63151230579878, 14.88375927494032], [76.63242766571713, 14.883628222889046], [76.63279940475137, 14.883483598548251], [76.63310142643472, 14.883452016004794], [76.63340801245803, 14.883709562317716], [76.6337193739254, 14.884970359473643], [76.63394248310263, 14.886515765098764], [76.6342585283859, 14.887808082606243], [76.63447236155947, 14.88898755831704], [76.6345467052341, 14.889574950174232], [76.63496490782978, 14.889746691489371], [76.63644248465688, 14.889823456923768], [76.63715336466032, 14.889836959282317], [76.63724634837709, 14.89047860986576], [76.63743234276002, 14.891721284857386], [76.63767864284463, 14.892277160936052], [76.63778553427859, 14.892588913806037], [76.63821767872749, 14.892792285118457], [76.63950016393274, 14.893352530372798], [76.64026690567215, 14.893677787277063], [76.64073158260904, 14.893899204352572], [76.64078730780109, 14.893727472424306], [76.64095919773577, 14.893343416668351], [76.6415167766427, 14.89356480457087], [76.64321283811995, 14.894070778143504], [76.64424443195121, 14.894346322058169], [76.64535034610084, 14.894386974127265], [76.64666072489399, 14.89446367887533], [76.64709290078392, 14.894910998551977], [76.64790159474542, 14.896221368731966], [76.64815717352857, 14.896519633053828], [76.64831520784831, 14.8966325586503], [76.64911907246682, 14.896682136336779], [76.65043404973592, 14.896740783298634], [76.65170264968182, 14.896853647142411], [76.6526843331159, 14.896693388088742], [76.65314308476519, 14.896618477678958], [76.65501573706096, 14.896396834213604], [76.65688828694884, 14.89617516447641], [76.65834734231139, 14.896062045047955], [76.66028962212654, 14.895853877815767], [76.66157676150327, 14.895758787491252], [76.66187873288101, 14.895740701790347], [76.66196697349302, 14.895582551460118], [76.66196697708627, 14.895374625104415], [76.6619855506531, 14.895239101436367], [76.6624687517495, 14.89521644585717], [76.66284049976686, 14.895175655043856], [76.66285913352083, 14.895351944363773], [76.66285917663996, 14.895573343224028], [76.66294747923574, 14.895731468385293], [76.66391395509036, 14.895794643758338], [76.66467609565888, 14.895758366449398], [76.66547990997174, 14.895853108655155], [76.66578196219784, 14.89581689733377], [76.66590272002654, 14.895541189487668], [76.66611176877294, 14.894962786895453], [76.66627425154994, 14.894547076896822], [76.66652057678738, 14.894565039423178], [76.66736164962495, 14.894917349797625], [76.66899742067191, 14.89563555936202], [76.6702475045432, 14.896109808482265], [76.6714976135673, 14.896656386047761], [76.67201344416972, 14.896859562533052], [76.67287307889602, 14.897031129625368], [76.67353294177789, 14.897076185171668], [76.67417421222827, 14.897035448534107], [76.6747967878393, 14.896981084969292], [76.67535441615361, 14.896836335899268], [76.67593974671465, 14.896348164520349], [76.67669695193898, 14.895512058569931], [76.67735193337558, 14.894657825384417], [76.67756204303231, 14.89441157614771], [76.67757486109309, 14.894138111497503], [76.67780626980526, 14.890238311359626], [76.67790333456834, 14.88806930036563], [76.67789851600513, 14.887653560571716], [76.67793565505394, 14.887377927359239], [76.67796818305037, 14.887206192838008], [76.67823767044909, 14.887183505160358], [76.68055165695912, 14.887341133813452], [76.68365088780847, 14.887579904115132], [76.68584407067574, 14.887665170477165], [76.68923614781615, 14.8878496205633], [76.69254920285591, 14.888119769016757], [76.69408249409524, 14.888173560965132], [76.69619666833663, 14.88824530293091], [76.69683796304157, 14.888290260476497], [76.69737230612539, 14.888285609756213], [76.69754889784224, 14.888235812229961], [76.6976464135596, 14.888086698260912], [76.6977439310736, 14.887937562484733], [76.69865883824102, 14.886595156145095], [76.69971307321067, 14.885031341529867], [76.70106912055624, 14.883146492119808], [76.702559902618, 14.880949892571898], [76.70349334202974, 14.879666178542553], [76.70435707756533, 14.878391629377512], [76.70693903871113, 14.874784691994568], [76.70743131638515, 14.874034414894822], [76.71008283677835, 14.8702692947956], [76.71292455387342, 14.865984454884217], [76.71339354452029, 14.865351567601742], [76.71358382117222, 14.865026165516822], [76.71366723872949, 14.86453813049584], [76.71377800369896, 14.862698940112027], [76.71383781802217, 14.861103717228504], [76.71394807813844, 14.858157418834377], [76.71400314576367, 14.856408592204103], [76.71405853229085, 14.855468661133553], [76.71409079079268, 14.854967019220386], [76.71429959789226, 14.85429363886804], [76.7145965988915, 14.853593119525831], [76.71496329478373, 14.852675661725938], [76.71505596229352, 14.851993279474357], [76.71492548918503, 14.851234165424325], [76.71461379983259, 14.85007293583091], [76.71397649993574, 14.847967418157582], [76.71389249577857, 14.847664924846185], [76.71365543845992, 14.846810708005783], [76.7132603495165, 14.846255028263688], [76.71294883174228, 14.845703811172049], [76.71269777238331, 14.845184260708331], [76.71253028599014, 14.844560733031225], [76.71241354003752, 14.843078603368387], [76.7121525291418, 14.840891600381594], [76.71194750394956, 14.83921516078235], [76.71180307641146, 14.838297860779939], [76.71169133048168, 14.8376923638665], [76.71172842551303, 14.837344459930012], [76.71225772275992, 14.83678840851313], [76.71331641517001, 14.835667344162704], [76.71416623670014, 14.834903381107004], [76.71527619686181, 14.834161806410387], [76.71591234062691, 14.833637393090552], [76.71661832750704, 14.833289179568084], [76.71820228372837, 14.833031007804566], [76.72006494047001, 14.832727499301908], [76.72090562254044, 14.832546409655224], [76.72214582674022, 14.832238599371955], [76.72457032399653, 14.8314783738992], [76.72680895712557, 14.830641441803175], [76.72757066560442, 14.83032485372257], [76.72860176715889, 14.830093938972238], [76.72931233454864, 14.829637167992454], [76.73040361963389, 14.82898602565848], [76.73159256776019, 14.82844315849094], [76.73256791268162, 14.828018031127167], [76.73413302853652, 14.8275562963235], [76.73610237638779, 14.826986032634066], [76.73781621552452, 14.82655137773361], [76.73888447139915, 14.82633398786499], [76.73959509089116, 14.826121277626214], [76.73998532354214, 14.826084901768933], [76.74060356927353, 14.826012687580594], [76.74121053575816, 14.825237950799012], [76.74242222293928, 14.823691299958032], [76.74192413945356, 14.820430213976882], [76.74207444826183, 14.819745985308707], [76.74185744762855, 14.819043372296496], [76.74178642053398, 14.818610103977008], [76.74173517613859, 14.818352553007678], [76.74131449419274, 14.818619169597433], [76.74108227250525, 14.818623749737329], [76.7404272398647, 14.818610555564591], [76.74050138231667, 14.818047163725192], [76.74037126943261, 14.817839367667323], [76.73973922647681, 14.817458572569363], [76.73957164576053, 14.816744707509116], [76.73933417252195, 14.815723518714401], [76.73922247240625, 14.815312372751626], [76.73916667804397, 14.815226524629235], [76.7389158252975, 14.81517697774494], [76.73818663403529, 14.815299315592414], [76.73621739937171, 14.815625574120626], [76.735576427162, 14.815734402119764], [76.73530699725545, 14.815757097300926], [76.73514907881841, 14.815707458482356], [76.73489339403402, 14.81534149711802], [76.73454916949864, 14.814410774709893], [76.73433995995379, 14.81394096464127], [76.73423293287419, 14.813629179896466], [76.73419116750172, 14.813574963817535], [76.7338753360175, 14.813651961275482], [76.73330875329641, 14.813828477801108], [76.73214764755403, 14.814131772237308], [76.73048026658887, 14.814507562203616], [76.72880826199496, 14.814833711630785], [76.72707140802066, 14.815539407401257], [76.7259242576062, 14.816009852312565], [76.72447074934053, 14.816751530882383], [76.72362086941992, 14.8170320358626], [76.72264074186789, 14.81709569453351], [76.72144705962003, 14.817326696965996], [76.71983083681201, 14.81784247581669], [76.71864759298776, 14.81814862527238], [76.71818669975482, 14.818267921904893], [76.71681644106147, 14.818367867923273], [76.71599892833883, 14.818300418890543], [76.71486085809529, 14.818205941403216], [76.71344858339945, 14.817903727800841], [76.71229192252108, 14.817655576002215], [76.70989499995075, 14.817543477547638], [76.70505047904828, 14.817997041710303], [76.70463698721795, 14.81791587467748], [76.7036056583897, 14.817473378641042], [76.70255112248442, 14.817030906016985], [76.69974515564274, 14.81599242429593], [76.69660010712064, 14.814768790432854], [76.69248886661155, 14.81331033500068], [76.6885354906406, 14.811363800700699], [76.68352301981429, 14.808956508806984], [76.68278908904067, 14.808667548296246], [76.68238017771993, 14.80816604798711], [76.68185038370473, 14.80709519186403], [76.68053991418175, 14.8046598384309], [76.6797452465151, 14.803105555069418], [76.6774405719413, 14.798948628583577], [76.67535422481247, 14.795062859918781], [76.67483840049822, 14.794145638684437], [76.67451794179199, 14.79402820741894], [76.67076046233335, 14.79381207035591], [76.66966902004293, 14.79374900500628], [76.66762546685759, 14.79385328330141], [76.66749074202288, 14.793821671163743], [76.66748839023344, 14.793733571098679], [76.66748604742716, 14.793645480551744], [76.66822908082959, 14.793012708245353], [76.66938075785478, 14.792040921621565], [76.67056955686074, 14.791335725205697], [76.67108032994814, 14.790933499018237], [76.67230635513947, 14.79045877071888], [76.67269648089098, 14.790246320574571], [76.67290530056695, 14.78960462438747], [76.67289125001759, 14.7888725642804], [76.67288648804826, 14.788370892255063], [76.67286317676665, 14.787955198754403], [76.67283061463424, 14.787747324345847], [76.67229649612922, 14.787562148739212], [76.67061987778803, 14.787558004829771], [76.67001608774619, 14.787544568174624], [76.66967228452066, 14.78718313313087], [76.66907764831161, 14.786008264877077], [76.6682646100974, 14.784526221832905], [76.6672934809696, 14.782542616068909], [76.66602972384139, 14.779623647248165], [76.66585778988927, 14.778963911052147], [76.66583444896325, 14.778200256241773], [76.66595044212767, 14.777540434073378], [76.66661428634285, 14.77622086884679], [76.66684173078966, 14.775628800054522], [76.6669391997946, 14.775298927877179], [76.66676268712949, 14.775109138011679], [76.66604271168376, 14.774716180268655], [76.66504410488807, 14.773993351998065], [76.66326068224946, 14.773351903107335], [76.66159801204964, 14.77272408012389], [76.66034866479691, 14.772136803553867], [76.66010487101192, 14.771940270400005], [76.65986095325948, 14.771743714484147], [76.65978197248137, 14.771567467735766], [76.659916554484, 14.77079017029531], [76.6602088590909, 14.769127162227747], [76.66022716945133, 14.767373898157718], [76.66019452287729, 14.766452009121997], [76.66022221703916, 14.765656705390601], [76.65961853389689, 14.765643226554086], [76.65901018041345, 14.76550773887951], [76.65821140205608, 14.765114758562511], [76.65779802341346, 14.764821075014428], [76.65757967890052, 14.76425623443354], [76.65716147091491, 14.762783130055931], [76.65644143168883, 14.760636756916195], [76.65573059749944, 14.758359330256352], [76.65543330544607, 14.757749248482872], [76.65508958756048, 14.757496242328402], [76.65475065140716, 14.75741949597839], [76.65441162811723, 14.757342729621607], [76.65275845131335, 14.75759599569051], [76.65163940738752, 14.757862689531956], [76.6504134136372, 14.758030043420685], [76.64979116501296, 14.757790589886191], [76.64914561768349, 14.757171536491658], [76.6488250628575, 14.756285872756052], [76.64862532964058, 14.755458921071972], [76.64875990266003, 14.754672652376533], [76.64913139735252, 14.754274971950593], [76.6498928075907, 14.753646788095587], [76.65049178625584, 14.753176719686154], [76.65082150030447, 14.752842334418826], [76.65094213955558, 14.752426539939217], [76.65090032297908, 14.751748727707872], [76.65071251220263, 14.751134253453039], [76.65026625791558, 14.750182167799583], [76.64988546116831, 14.749576622974585], [76.64974614145089, 14.748980118931968], [76.64968105491529, 14.748523701033243], [76.64982488597207, 14.747516002279578], [76.64998733730806, 14.746670966021577], [76.65027049976034, 14.746417888780794], [76.65074875832603, 14.745929820342463], [76.65088337805787, 14.745676678822822], [76.6510319441345, 14.745292580203332], [76.65116192945781, 14.744655446790539], [76.65112937630856, 14.744126694992014], [76.65094820408204, 14.74372004035231], [76.6501215680694, 14.74272140378902], [76.64984753070377, 14.742405071434117], [76.64967573688881, 14.742070738249058], [76.64967100905548, 14.741555563015368], [76.64978236242146, 14.74012301899014], [76.64959187107223, 14.739083747261386], [76.64960577429787, 14.738817058208683], [76.64980066739201, 14.738500774045267], [76.65084540896575, 14.737953838920452], [76.6512493319417, 14.737745977514946], [76.65144439841069, 14.737510990557498], [76.65155117126706, 14.737303092241323], [76.65142102334868, 14.736584566874487], [76.6511980588002, 14.73604232002208], [76.65097512479446, 14.735500066607296], [76.64952629764973, 14.73395923501147], [76.64801707048022, 14.732490719500854], [76.64740870711532, 14.731745179902214], [76.64717649530931, 14.731211919902242], [76.64709754417561, 14.730818744733268], [76.64727391221199, 14.730005373709368], [76.64779390920071, 14.72907445337166], [76.64829062724718, 14.728631540045837], [76.64899635810742, 14.728477839308619], [76.65016178923793, 14.728423451678355], [76.6503754274771, 14.728296947671156], [76.65071895402154, 14.727781753765854], [76.65083963190018, 14.727293718286262], [76.65089060769928, 14.726367315454803], [76.65105301142457, 14.725834086605973], [76.65121548791336, 14.725300777391064], [76.65109003009908, 14.724785666761028], [76.6505421529972, 14.724302170212143], [76.65010099485276, 14.72407175871014], [76.64891697937566, 14.723403045987915], [76.64858265068142, 14.72319074754525], [76.64828080416954, 14.722874451127195], [76.64806256296285, 14.722386382941476], [76.64792313275265, 14.721708551076553], [76.64785337587591, 14.720384482990783], [76.64767690992319, 14.719431049179608], [76.64744465769299, 14.718915917732652], [76.64692927534988, 14.71843235603873], [76.64600056556809, 14.717759162788644], [76.64529485087753, 14.717108436618611], [76.64494658392334, 14.716629472321864], [76.64457511707862, 14.715861247593379], [76.64447751063143, 14.715084061433332], [76.64461206388795, 14.714451360346635], [76.64493700967904, 14.71369665518154], [76.64482552515904, 14.713005259479472], [76.64445873404537, 14.712801949704069], [76.64366018924999, 14.712648353368301], [76.64205372304424, 14.712508390232527], [76.6409904932436, 14.712106221621566], [76.64022445578338, 14.711690552716224], [76.63966260089569, 14.711166401530187], [76.63894755091269, 14.710479560245814], [76.63817219253309, 14.710230978221366], [76.63756394774579, 14.709955414839927], [76.63733653204505, 14.709706812234376], [76.63708574667227, 14.708694622630654], [76.63694642695486, 14.708251731345744], [76.63633814982819, 14.707357000069662], [76.63598534907678, 14.706932279645354], [76.63578569940319, 14.706444187958605], [76.6356789130721, 14.70600132773199], [76.63587850974507, 14.705165372919444], [76.63611522300897, 14.704672779024214], [76.63610129463049, 14.70437908958054], [76.63544669857116, 14.703719317399218], [76.63495917747656, 14.703312568271874], [76.63435564884452, 14.703064051073403], [76.6336452709993, 14.702878851209592], [76.63176501356634, 14.702788476906944], [76.63127291375872, 14.702720673129559], [76.63101750924872, 14.702675502459277], [76.6308968484381, 14.702368208537864], [76.63067394407675, 14.701251993343599], [76.63035359765989, 14.700809155604077], [76.62953647929768, 14.700447691237061], [76.62878904864193, 14.700594486517577], [76.62804162068116, 14.700741366852473], [76.62734984335222, 14.701261080366791], [76.62630990057872, 14.701993149281389], [76.62539071204067, 14.702408799290268], [76.62459215466883, 14.702603167327903], [76.62410464525236, 14.702463004854794], [76.62357080432677, 14.702024731313731], [76.62282794789246, 14.701143479068852], [76.62203413452364, 14.700162828588748], [76.62108243954873, 14.698409427415147], [76.62057178863219, 14.69724805842764], [76.62017257552333, 14.696660554035375], [76.6195365656072, 14.696005359506016], [76.61819957242713, 14.69522345561646], [76.61773064556061, 14.694861941166216], [76.61748467336112, 14.694522956687713], [76.61734540215271, 14.694034923290584], [76.61752179713852, 14.693108531332843], [76.61760539435888, 14.692710901092175], [76.61747083391583, 14.692548185859263], [76.61636131123367, 14.69173472779152], [76.61229937925056, 14.689321335556956], [76.61149624586066, 14.688720259347967], [76.6106745856164, 14.688304438179205], [76.60954195467187, 14.687956410696819], [76.60835350061896, 14.687653565135532], [76.60958880450889, 14.68243878838709], [76.6103039551032, 14.67883271942361], [76.61043400330857, 14.67806903436251], [76.61065241968674, 14.675073019526264], [76.61110754753219, 14.671340332112461], [76.61137224511378, 14.669822001433705], [76.6111726771869, 14.66953281281109], [76.61060637204527, 14.668769017946198], [76.61033722420974, 14.668583671707639], [76.6098822904004, 14.668511413068197], [76.60753809714063, 14.668524705850901], [76.60593671090781, 14.668628472260716], [76.60463698703225, 14.668605793893759], [76.6038014064943, 14.66872770920733], [76.60164752581903, 14.669256151795064], [76.59926145579567, 14.669924655737919], [76.59894575277053, 14.670033081225673], [76.59863940210582, 14.669956284116795], [76.59831918953796, 14.669752863026583], [76.59804536147978, 14.669314455251367], [76.59781339940545, 14.6683880194021], [76.59765590137994, 14.66579863434661], [76.59744249580442, 14.66503946022904], [76.59679741829382, 14.663701744339825], [76.59661196379837, 14.66254031182916], [76.59662192970814, 14.661389298460312], [76.5966260439921, 14.660918032778449], [76.5968629629702, 14.659327408126146], [76.59706734047714, 14.658825824673938], [76.59763829979025, 14.658089306710956], [76.59851107776748, 14.657434149604702], [76.59865498967261, 14.656991387397019], [76.59871079391638, 14.656286430176484], [76.59827929984775, 14.654989357716552], [76.5973651292989, 14.65346642043561], [76.59901763236628, 14.652598983305499], [76.60058651665382, 14.651853531762194], [76.60197448293806, 14.65131597633734], [76.60360363250305, 14.650977166004395], [76.60626328354789, 14.650692757792196], [76.60728903653315, 14.650534718402653], [76.60825918200571, 14.65020944671415], [76.61090952650422, 14.648953367428732], [76.6121441997768, 14.648415761434965], [76.60926684920936, 14.643806167896155], [76.60580958043047, 14.638351417651979], [76.60485831574857, 14.63679232150201], [76.60400443203672, 14.635445547695088], [76.60345687563337, 14.634532610299347], [76.60283968811743, 14.633800535639969], [76.60214358360379, 14.633217471948722], [76.60105296417015, 14.63272479259546], [76.59980913436986, 14.632439917430114], [76.59690845096127, 14.632191021628044], [76.596017591694, 14.630613749598814], [76.59776289252692, 14.628892286178855], [76.59826414167566, 14.628214524435725], [76.59901617709555, 14.627233968831542], [76.60003735675768, 14.626167640986372], [76.60058038744863, 14.62572939636687], [76.60087800020058, 14.620871527556902], [76.59791238746153, 14.620947938540375], [76.59679398223786, 14.620690186203309], [76.58740128027212, 14.61819425443266], [76.58507631275606, 14.617443649619538], [76.58525285416727, 14.61668902721334], [76.58530859912221, 14.61618737233697], [76.58518339283624, 14.615627004830529], [76.58494219338581, 14.615184137380341], [76.58378688986186, 14.614076731020742], [76.58196329456374, 14.612820097215714], [76.58092852428962, 14.612300223393985], [76.58041351834062, 14.611857232758089], [76.57986132393543, 14.611301248335163], [76.57955978554571, 14.610984904084097], [76.5786133861394, 14.609692290049804], [76.57800111061141, 14.608372572249769], [76.57723116637801, 14.606578351233551], [76.57683215718669, 14.605850716716951], [76.57601102335515, 14.604734354857486], [76.57494398559606, 14.60365412734099], [76.57448933475605, 14.60318396510503], [76.57406249216396, 14.602718496068777], [76.57387703587186, 14.6022755669701], [76.57385211750419, 14.602109350863998], [76.57377974473334, 14.601624782738417], [76.57386355305775, 14.600391080474548], [76.57394266948148, 14.59918003075736], [76.57372477322782, 14.598502184321248], [76.57320987956824, 14.597702210698253], [76.57293160395109, 14.597028768028729], [76.5729226064252, 14.596057226379964], [76.57283000089919, 14.595040400651854], [76.57251469942099, 14.594068702437168], [76.5719997958799, 14.593363646613483], [76.5710580299838, 14.59251386735405], [76.57081215390403, 14.59228335543606], [76.5706545480807, 14.591519598574141], [76.57016754531402, 14.590696993127473], [76.56943451016072, 14.59019967002437], [76.56861797480514, 14.589675249068774], [76.56824683764212, 14.589268528237108], [76.56781565888217, 14.587881038122092], [76.56748175239608, 14.587356797685493], [76.56684618085784, 14.586800727861048], [76.56595535392992, 14.586348610601712], [76.56437787815506, 14.585918852445955], [76.5627167341929, 14.585602109167283], [76.56168209417454, 14.585289942645284], [76.5607727646467, 14.58491006326114], [76.55989591370799, 14.584475993703695], [76.55907480952087, 14.583834038336171], [76.55818872929092, 14.582952588335496], [76.55750456248906, 14.582369486266252], [76.55682031753378, 14.581786287021407], [76.55590645959863, 14.581085586591353], [76.55524309867704, 14.580619902156053], [76.55430128157698, 14.580181254649048], [76.55257531069236, 14.579783035412325], [76.55154379950612, 14.579352053384838], [76.55117884544721, 14.579199580673686], [76.55066393471961, 14.578910210079185], [76.55017692925801, 14.578331596420119], [76.54993126068905, 14.57763108496201], [76.54986193680026, 14.576776998837724], [76.55006210300512, 14.574802271277564], [76.54999741172826, 14.574183163632513], [76.54971923223086, 14.573505161988374], [76.54923220431138, 14.572980790831219], [76.54835088066086, 14.572424707319703], [76.54804026210023, 14.572263706046348], [76.54717251109533, 14.57181420894016], [76.54540966077504, 14.5711492430752], [76.5447463303962, 14.57071073060227], [76.54431953361818, 14.570385152967242], [76.54392082446418, 14.56965294038975], [76.54351763720845, 14.568301633383264], [76.54305858103028, 14.567510661742096], [76.54217270202294, 14.566633597104007], [76.54044712549876, 14.565611700572989], [76.53868883323021, 14.565095812949348], [76.53675413160279, 14.565018261855148], [76.5357704485189, 14.565171492969728], [76.5352184391667, 14.564877553273536], [76.53503757506236, 14.564674127893493], [76.53548350505758, 14.563467712442497], [76.53578078094131, 14.562731253949678], [76.53583680527233, 14.56181841121021], [76.53528956327932, 14.561203657012125], [76.53438032448138, 14.560914077597365], [76.53314140307577, 14.561216305061855], [76.53178176785899, 14.56178514398111], [76.53117862101092, 14.56173063499551], [76.53069611341392, 14.561585843073196], [76.53023708418523, 14.561029800378387], [76.5301768629252, 14.560821888500291], [76.52800945990998, 14.562248999748975], [76.52671033790563, 14.56228912605279], [76.52471541052664, 14.562035178446155], [76.52199191890948, 14.561934458694099], [76.52035404310983, 14.562123526642651], [76.51926368957753, 14.562308281054422], [76.51823816206941, 14.562520165814224], [76.51732894123774, 14.562293808946977], [76.51606236609446, 14.562125986337717], [76.51572380723356, 14.561949580310351], [76.51511622450461, 14.5613934481086], [76.51324206753074, 14.56093160334639], [76.510064185585, 14.560423889041243], [76.50920023804703, 14.56234396094657], [76.50862918081754, 14.562967294348097], [76.50622022711062, 14.56466068623653], [76.5055380033647, 14.56513928870891], [76.50509243449223, 14.565401224675291], [76.50400188782213, 14.56573500938947], [76.50192297964217, 14.566249051432965], [76.49993221775114, 14.566790235297145], [76.49938465685622, 14.566943576468457], [76.49900890504762, 14.566990802620344], [76.49752464924636, 14.567405079123667], [76.4938875000184, 14.568161505070368], [76.49134503240573, 14.568456510659999], [76.49081384240853, 14.568608773446309], [76.48759197445494, 14.569533826147445], [76.47950569600012, 14.571611704590447], [76.47350223160015, 14.572721379090128], [76.46610586916505, 14.573994959787107], [76.46466380363943, 14.57424324506355], [76.46385667274656, 14.574699948084232], [76.46230292057999, 14.576286668193807], [76.46029391480384, 14.57663541532104], [76.45555694290215, 14.577739602109038], [76.44394841064252, 14.580346142376273], [76.44152167388621, 14.580473323883881], [76.4397910820678, 14.580875962687628], [76.432573760157, 14.580109841515286], [76.43118125917721, 14.580355480446372], [76.42362158122678, 14.581688597391121], [76.42377376481906, 14.58176543581346], [76.42419179583653, 14.583740153986849], [76.42484678535796, 14.586609611135565], [76.42746428026318, 14.588737529281488], [76.42787272086666, 14.589293257775342], [76.42840206752085, 14.590585616134577], [76.4286995796615, 14.592560389946364], [76.42893634772261, 14.593066451490163], [76.42964205702329, 14.594864852925856], [76.42966133846255, 14.59773896802671], [76.42955025548947, 14.598642781883767], [76.43007955273633, 14.599935071424614], [76.43225254506928, 14.604769998320693], [76.4321970399645, 14.605380068899958], [76.4319744787596, 14.606338118085452], [76.43198422278549, 14.608032766367245], [76.43171098941203, 14.610287762404054], [76.43149343631487, 14.61226265921911], [76.43139204077379, 14.615082505761743], [76.43216791658298, 14.61834510854835], [76.43072475601109, 14.619032255436068], [76.42819124370348, 14.620677814507687], [76.42665182056402, 14.621660516815167], [76.42169021773898, 14.624827580079495], [76.41479340663673, 14.623066259428017], [76.41283036495877, 14.623527514874294], [76.40929865189395, 14.62377212310576], [76.40583172263251, 14.623569136355796], [76.40316783243784, 14.623641780963792], [76.40266222376502, 14.625675344774777], [76.40191988476032, 14.627428824309574], [76.39937661854538, 14.627329647762126], [76.39363561132868, 14.626914380196768], [76.39257799060871, 14.633457929499585], [76.392137393013, 14.637574749617533], [76.39192402516672, 14.639264893675621], [76.39044373812241, 14.644073211064983], [76.389896435044, 14.64864647692254], [76.38804444130479, 14.648547174385218], [76.38451222877671, 14.648000472945387], [76.37547532434215, 14.646251671193246], [76.37472333653297, 14.646256204548504], [76.37455162356643, 14.646595113436646], [76.37474197927007, 14.649469225181837], [76.37458409676563, 14.652117359881128], [76.37459803143231, 14.65380742225373], [76.37523860479006, 14.654765504297215], [76.37658463861516, 14.657160569839737], [76.37915623320261, 14.661656984167495], [76.37933732278408, 14.662050154343712], [76.37864106555683, 14.662447757761388], [76.37402249250786, 14.664002327886195], [76.37118634945917, 14.663957038846775], [76.36858222687529, 14.664142251691905], [76.36725931658394, 14.664431405721102], [76.364539147835, 14.664842468155273], [76.36355508476379, 14.664959900394313], [76.36218131275935, 14.66502983288916], [76.36199550612427, 14.665027610727345], [76.34296385510879, 14.665757549261484], [76.33884366648117, 14.683159532400198], [76.33862067947483, 14.684180813354386], [76.33816551030687, 14.685703591681484], [76.33793102935645, 14.685929505063571], [76.33769653762629, 14.686155403439763], [76.33694895874854, 14.686837633158607], [76.33527762789106, 14.687804401855153], [76.33325347921419, 14.688382445386676], [76.33105751246784, 14.68890166866555], [76.32979003811099, 14.689412116018561], [76.3284621664243, 14.690152956724033], [76.326894499354, 14.69075142388622], [76.32649824619395, 14.69090267034913], [76.32217125460814, 14.692442646861124], [76.32072270055127, 14.692677256586277], [76.31893072684944, 14.692749081461074], [76.31621029130092, 14.692648961273877], [76.31522619768691, 14.69237302639084], [76.31446958175742, 14.69187121456501], [76.31235863246788, 14.687256743532291], [76.31033891338366, 14.688173577422162], [76.30803693106076, 14.688813635630497], [76.3078550976742, 14.688864248829717], [76.3055987937852, 14.68932448638368], [76.30161074104767, 14.690023594276468], [76.29830592715228, 14.688409272713324], [76.29673703657657, 14.68785735974136], [76.29454129620568, 14.68769845389277], [76.29273580106222, 14.686635804068896], [76.29023870376129, 14.6855232433279], [76.28896683484606, 14.685192862811903], [76.28798255348421, 14.685590157404603], [76.28414816476254, 14.685163834857473], [76.27995114143201, 14.684724439531365], [76.27951073966904, 14.684678336209108], [76.27334416816294, 14.688322455151976], [76.27284571906291, 14.69204589391017], [76.2723472412168, 14.695769275307581], [76.27049477676042, 14.696057687170514], [76.26511413051658, 14.695973747059758], [76.2579321600072, 14.696074139435376], [76.25692222545577, 14.700755203350287], [76.24903981606143, 14.697536757688965], [76.24826713196643, 14.69695662602036], [76.24764463091556, 14.696220358950255], [76.24651559502882, 14.694567022892278], [76.2454792374316, 14.692511390547581], [76.24239733957569, 14.685015948210369], [76.23984600199789, 14.679761651982018], [76.23927908690018, 14.678564404713319], [76.23712647105283, 14.67205811717312], [76.23637768483934, 14.669347090927927], [76.2353661216423, 14.6654747271338], [76.23435461234418, 14.661602412170831], [76.23280195971553, 14.656831112923626], [76.2323787184694, 14.655055321653979], [76.23222948853778, 14.653681600741113], [76.2323636815699, 14.652682895734232], [76.2322751813447, 14.652194835930139], [76.23052865970133, 14.64934414079334], [76.22774949229954, 14.651704223351985], [76.22394962942747, 14.655131198408357], [76.21989486240702, 14.659791969739512], [76.21716224570326, 14.662825237393998], [76.21296356587935, 14.668082364086697], [76.20971565307067, 14.671676140619601], [76.20606862596782, 14.675961313301276], [76.20525205827288, 14.677082337240146], [76.20446323324884, 14.677914084905948], [76.20167867595534, 14.679799405330623], [76.19356952998666, 14.682016150265875], [76.19309276262435, 14.68625508777372], [76.19304291061766, 14.687111155838252], [76.19274180252093, 14.692283448037164], [76.19299322929085, 14.694827591418766], [76.1934538817753, 14.69800427502971], [76.18552503307404, 14.700080529690746], [76.18414627452148, 14.700284203223188], [76.18371516493177, 14.700337194578815], [76.18442102964102, 14.703275726115098], [76.18515108508254, 14.70765441735082], [76.18541673487834, 14.711441277847365], [76.18627242330562, 14.71631704057434], [76.1865888755257, 14.718847588975645], [76.18715633859573, 14.72254394032868], [76.18746438707633, 14.72258300775933], [76.1882939345288, 14.72268826545756], [76.18859560497089, 14.72247581166864], [76.18896715086736, 14.722683600757149], [76.19087087948208, 14.72288639914404], [76.19108951864243, 14.724228479079535], [76.19271935631693, 14.724752245271004], [76.19455806217644, 14.725013840318157], [76.19716283963216, 14.725026607507255], [76.19723808880858, 14.728009144004654], [76.19775509171247, 14.732925543589301], [76.19847580557332, 14.735939477867486], [76.19864411392497, 14.7391569616363], [76.20097040016788, 14.739178829946487], [76.20104519659337, 14.74063843825652], [76.20121813755694, 14.743887486779022], [76.20115814896057, 14.744809417582767], [76.20085185848299, 14.745464716563946], [76.20049465419002, 14.746544910449588], [76.20016548182555, 14.747887139139994], [76.20023076239721, 14.748569493762503], [76.20064052172755, 14.751128242864935], [76.20060470050728, 14.753260356317185], [76.19865443736423, 14.753270031887899], [76.19743355233292, 14.754499528644219], [76.19602711488982, 14.756510777454457], [76.19490416149587, 14.758969411187266], [76.19426834831081, 14.760171585546287], [76.1930854126087, 14.764130433143272], [76.19236225533025, 14.768373848731235], [76.19059737032585, 14.767859220483777], [76.1861482384041, 14.767028859083494], [76.18683500313377, 14.765126239532801], [76.18092770877482, 14.764092843801292], [76.18066821603198, 14.766293604437022], [76.18054772051134, 14.76759501887615], [76.17993505062294, 14.768770109210509], [76.17823590073776, 14.770885254758955], [76.17728427044153, 14.77273825254969], [76.17651827789707, 14.773782189536979], [76.17432259861164, 14.7782879882452], [76.17306455297201, 14.780457310666145], [76.17260937661753, 14.780692391937182], [76.17192225166346, 14.781713727453605], [76.17061757357908, 14.783101230901712], [76.16897851200325, 14.785184717311209], [76.16523977589306, 14.78499554669164], [76.16336814318511, 14.784950661476753], [76.16014027628201, 14.784657359121226], [76.15318765374947, 14.783962358385004], [76.14939324904111, 14.7839310861572], [76.14791666215744, 14.787293214845633], [76.14699736492325, 14.789525570339102], [76.14606847997001, 14.790153761650778], [76.144577660179, 14.791152521658455], [76.14362102806327, 14.79225071574064], [76.14292910430895, 14.793240336879908], [76.14268315995719, 14.796308677769538], [76.14305515950285, 14.800818540754674], [76.14248407532392, 14.803633788155912], [76.14275815131711, 14.805088802609347], [76.1440822339099, 14.807885923213096], [76.14427269202152, 14.809033688549123], [76.14428218272248, 14.810931587842774], [76.14402684558614, 14.812784379154493], [76.14363217166436, 14.813850793666342], [76.1451699544801, 14.817303119611315], [76.14620611804122, 14.820918104544385], [76.14643397750966, 14.823516477938686], [76.14701927662965, 14.823304054983272], [76.14867284330238, 14.82220133656021], [76.14982015631189, 14.821884919372295], [76.15038224296494, 14.822142367140119], [76.15152959729699, 14.822630364139274], [76.1517153158971, 14.82151416865605], [76.1523006015424, 14.821351435114961], [76.15336893916371, 14.82137392128516], [76.15353619468983, 14.82194776290312], [76.15434498297442, 14.825241975884268], [76.1548279837465, 14.825241883832692], [76.15523713940894, 14.82786731592823], [76.15684443296308, 14.827966549769148], [76.1576807483229, 14.829154898225836], [76.16050496354127, 14.828309482440451], [76.1605981044632, 14.82994978939545], [76.16126231968259, 14.829710239812275], [76.16408640464525, 14.828137264138812], [76.16469469704326, 14.82696229393964], [76.16592569800297, 14.826749688526899], [76.16645511921735, 14.8263790685872], [76.16720300891218, 14.826089717089385], [76.16873120580556, 14.8259267420965], [76.17065425808035, 14.825659822746092], [76.17190372840228, 14.825076676383363], [76.17249356311616, 14.82466084398335], [76.17387282742025, 14.823092539317987], [76.17424436523189, 14.822780644431885], [76.17616262858787, 14.822061792189267], [76.17824819508074, 14.82158681595253], [76.17997142340882, 14.821134575844539], [76.18229390348985, 14.820993980856526], [76.18360373251406, 14.820623133087526], [76.18568001132519, 14.820301783511429], [76.1869667482567, 14.820477757059502], [76.18891774532335, 14.820648964523702], [76.19057323978068, 14.820711943888194], [76.19434323456784, 14.820855294583422], [76.19426451969105, 14.821478981768465], [76.19314180974054, 14.82593034512253], [76.19201408539409, 14.82955924616906], [76.1915966391799, 14.83153413209027], [76.19136498971926, 14.833409477780533], [76.19150931574775, 14.834629501527676], [76.1912264901637, 14.836400980304058], [76.19069765015934, 14.838954312003386], [76.19044762116796, 14.84157976960378], [76.19056431322169, 14.843396315514903], [76.19062529535475, 14.845267111625834], [76.19071850185368, 14.846514335639762], [76.18932946298102, 14.846644528875194], [76.18524146278662, 14.8469857013632], [76.18210111874168, 14.847519614746684], [76.18151117982325, 14.847573982960895], [76.17894685709803, 14.848085218732791], [76.17702358922756, 14.848352257155685], [76.17443135404984, 14.848470273732248], [76.17309796311406, 14.848267089878426], [76.17114684567315, 14.848357850861884], [76.16983679386676, 14.848471079531171], [76.16599010361557, 14.84809667533782], [76.1608890328511, 14.847550677213446], [76.15936053412383, 14.847193846282295], [76.1580047463914, 14.851965929644711], [76.15931949099682, 14.852214276529375], [76.15916171449358, 14.853330509822767], [76.15938017309259, 14.85390437866914], [76.15864176960712, 14.855702956817048], [76.1567694685526, 14.855373317697355], [76.15617944698916, 14.855585778616938], [76.15578465898135, 14.855951863792697], [76.15464193007472, 14.857465757207953], [76.15438190912248, 14.858690379895657], [76.15452151899576, 14.859964687696227], [76.154744642546, 14.861238953246247], [76.15411742713655, 14.861248045732523], [76.14836576230732, 14.861275721723231], [76.14063485378567, 14.861212971238922], [76.13590993727507, 14.861317152783233], [76.13055781074492, 14.860797515703673], [76.13043235742222, 14.862175796840157], [76.13075764187819, 14.863034362812046], [76.13081801405517, 14.864331271676726], [76.13062303382442, 14.868258152716113], [76.12955444197989, 14.868940507880714], [76.12891330987006, 14.869152862548894], [76.12752409762251, 14.869338099460697], [76.12546585069407, 14.869509791776018], [76.122738589746, 14.869234151001365], [76.12064751119055, 14.869305173424353], [76.11728866452916, 14.869419208987297], [76.1162199648868, 14.870047258713733], [76.11433364652058, 14.870214313246505], [76.11032396953752, 14.870308906924036], [76.1064770412328, 14.870195642819908], [76.10196098302576, 14.870190598400987], [76.09866684740416, 14.870000393333731], [76.09419731114903, 14.869710574951226], [76.09376979122725, 14.87012627032835], [76.09220386239701, 14.871255655814897], [76.09089355277415, 14.871806785985957], [76.08908142716558, 14.872357740236659], [76.08777117233991, 14.872601574097063], [76.08578734364626, 14.872298404218341], [76.08140159595266, 14.871149704412284], [76.07692752769695, 14.869973914884415], [76.07275557904093, 14.86887482325119], [76.07281096556811, 14.870411275556082], [76.07178335037524, 14.87351086238645], [76.07117441029192, 14.874685605543952], [76.0684971226231, 14.878697633166853], [76.06668903584006, 14.881227685368511], [76.06637729708028, 14.882736905172562], [76.06627478044172, 14.88398861301676], [76.06649296415624, 14.88463481721212], [76.06751146324561, 14.886690955463033], [76.06786757518717, 14.887409756753394], [76.06942348420871, 14.890148635813187], [76.06980435821107, 14.89069097284198], [76.07184822490846, 14.893176874025462], [76.07480272279248, 14.896381387666237], [76.07854246052423, 14.900679692898432], [76.08245897772075, 14.904458183416388], [76.08256057178949, 14.907589764132954], [76.0835358915581, 14.910604018169234], [76.08469704401287, 14.913383306262983], [76.08216917312527, 14.91287673831942], [76.07536624225843, 14.911189710419796], [76.0735447984254, 14.910443627856262], [76.06974391686381, 14.908951500108408], [76.06915369497605, 14.90934444139602], [76.06883740355443, 14.910492154604027], [76.0679545231235, 14.91010329273543], [76.0677405830504, 14.91065454230403], [76.06613760230796, 14.910111870131551], [76.06571875921348, 14.912226560676283], [76.06543040360052, 14.912899741867612], [76.06510956670354, 14.913581983453385], [76.06378016967749, 14.914887612404454], [76.0633246564548, 14.915307704095007], [76.06215340064801, 14.915881290786828], [76.06143298772277, 14.916147608108322], [76.05950902275964, 14.916517618162374], [76.05697155337322, 14.916869255464187], [76.05559136739767, 14.916873402102468], [76.05414148383416, 14.91662439359659], [76.05131152119458, 14.91619409366356], [76.05038129236168, 14.918408046005874], [76.05006934429441, 14.92020184910853], [76.04965044640271, 14.922221642192797], [76.04877210515893, 14.921936616105995], [76.04800912197067, 14.924543724912645], [76.04897096880664, 14.924824292046372], [76.04769560993653, 14.930314121106115], [76.04550683150912, 14.930042221067113], [76.0452648756772, 14.930638620805105], [76.04479038195088, 14.931971481515045], [76.04409789405453, 14.931889895590206], [76.04192369169094, 14.930004719591823], [76.04117089000812, 14.929773982734966], [76.03993949738295, 14.929208630428414], [76.03934940664922, 14.928946388023567], [76.03822965395261, 14.928227406026314], [76.03721213582355, 14.927504009582632], [76.03697072526904, 14.926853236447764], [76.03661784277094, 14.926202323329726], [76.03603241339522, 14.92592195155997], [76.03547007701052, 14.92581776045733], [76.0337043574712, 14.925306406094585], [76.03260326817293, 14.924533236730936], [76.03225020601178, 14.924067672226872], [76.03154466469606, 14.922178518049535], [76.03030945692586, 14.92002253943482], [76.0289482721152, 14.91893736077572], [76.02744781429949, 14.917671462256362], [76.02660161387828, 14.916943513870832], [76.02548746846566, 14.915985044869117], [76.02574385124103, 14.914186697059817], [76.0243179814417, 14.912532167442935], [76.02354236255063, 14.91160094032555], [76.02289243593418, 14.910222382310753], [76.02036578136546, 14.907555076529555], [76.02003272738058, 14.90729972979665], [76.01848446571707, 14.906112696984142], [76.01413700601748, 14.902102405538374], [76.01412850615829, 14.900489208290406], [76.01338058502239, 14.900181519191092], [76.01389808199971, 14.896901090063805], [76.01269019469224, 14.896362789823765], [76.01081529930319, 14.900686322636528], [76.01062899859474, 14.901467949706745], [76.01053867568785, 14.905263683135754], [76.00573336984081, 14.90596160747369], [76.00585974483498, 14.904348455637619], [76.0054278608975, 14.903882770186655], [76.00507114349146, 14.901957560079005], [76.0012191819262, 14.901377048730831], [75.9990701844928, 14.89928027449284], [75.99783959496153, 14.89855212673415], [75.99732825503719, 14.898150262330384], [75.99622274243444, 14.899022947325479], [75.99410933355767, 14.900664343886298], [75.99308055145328, 14.901463207251886], [75.99215852603552, 14.902179158756475], [75.99059331945081, 14.903680207126891], [75.98772284548687, 14.906207588285092], [75.98538700116934, 14.907677955813767], [75.98455458449783, 14.908201920981895], [75.98427713892401, 14.907573255858816], [75.98384279989088, 14.906589044625282], [75.98309396427004, 14.905198230937946], [75.98235905073949, 14.90383322627754], [75.98147079119664, 14.902270101062616], [75.98017039807618, 14.90116057278787], [75.9794857650487, 14.900576427126728], [75.97870784736887, 14.899884595095243], [75.97712414087914, 14.898476135297635], [75.97558210004897, 14.899882212130892], [75.97322712610746, 14.902034138860209], [75.97118789292033, 14.903725016479036], [75.96981759200614, 14.905036095207516], [75.96595746026338, 14.90849901329755], [75.96579426512236, 14.907328668141801], [75.96536501324867, 14.903049509601152], [75.9624565755825, 14.904374560924781], [75.96181048836553, 14.904013385418857], [75.96063115670434, 14.903279400955306], [75.95997458974131, 14.902870694338333], [75.95930995231372, 14.902527570190232], [75.95426807154335, 14.902384607059394], [75.95048084257743, 14.902232244031872], [75.94971863822855, 14.902029086505333], [75.94988552814036, 14.90112076232381], [75.95019666143561, 14.90028019719471], [75.94963431247452, 14.900000250002616], [75.94837956095701, 14.899982534472935], [75.94779402827503, 14.900014346378835], [75.9452104798061, 14.900010584856682], [75.94007108780995, 14.9000436207939], [75.93999197767444, 14.89945619324142], [75.93992134404196, 14.896424038642705], [75.9382669751737, 14.896356743332634], [75.93822978132768, 14.89573766942071], [75.93721674309694, 14.895697232034081], [75.93731825182574, 14.893501129365324], [75.93486017374748, 14.893420342294744], [75.93425137919122, 14.892941461809723], [75.93434407365045, 14.892064816886052], [75.93243428679746, 14.891839262958792], [75.93094754805276, 14.892946760061081], [75.93059890650113, 14.892386534586928], [75.92935355405645, 14.892178942853656], [75.92824304232917, 14.892359916511415], [75.92787578139662, 14.891438180384014], [75.92753153350502, 14.889626135566461], [75.92559391864114, 14.889359939966983], [75.92442279309007, 14.889098138635937], [75.92246649416661, 14.888818316684647], [75.92185782447618, 14.88906694411206], [75.92074736485118, 14.888872927997216], [75.91894893585575, 14.88838068254334], [75.91767564939897, 14.887937993959762], [75.91653255667468, 14.88723334286521], [75.91510598888438, 14.887084461738285], [75.91424103343664, 14.88685292876597], [75.91272683768528, 14.886447568143208], [75.90943692504385, 14.88558046575518], [75.90699276456431, 14.884925600046765], [75.90409796691745, 14.884022168842904], [75.90368256347219, 14.883592512187501], [75.9027316949473, 14.882607803301354], [75.90152817704538, 14.881157443897674], [75.8989632210079, 14.881017660645956], [75.89775978934429, 14.880836947470854], [75.89762019653904, 14.878184348872127], [75.89519544775443, 14.877881116515507], [75.89313640491868, 14.877624399318039], [75.89226742771343, 14.876675535648522], [75.89128701809044, 14.875731116503355], [75.88998602938696, 14.874398115926118], [75.88860591797155, 14.873128371608738], [75.88840148207413, 14.872486658971452], [75.88796468614868, 14.8712801120084], [75.88764400825353, 14.869951745464412], [75.88741624490481, 14.86864116785965], [75.88621280425802, 14.86854631124345], [75.88345771350244, 14.868311464273663], [75.8816178245617, 14.868279800498966], [75.87646993090969, 14.868094527949214], [75.87434667829405, 14.868085511288085], [75.87366361552166, 14.86805835711386], [75.87320370414734, 14.868031220300985], [75.87250212979191, 14.86747544494644], [75.87140107373132, 14.865920889615778], [75.87115480418944, 14.865369588128235], [75.87063911372418, 14.863543966137687], [75.87032327146018, 14.861578262832538], [75.86980760075787, 14.858157448355866], [75.86932916702067, 14.85493999711321], [75.86915267771174, 14.854393087206493], [75.86723861667464, 14.854822429504292], [75.86543125752694, 14.85559955662948], [75.86308976280627, 14.856720113853958], [75.86253937401486, 14.857020715522404], [75.86015341628087, 14.85832409705275], [75.8580208283728, 14.859539490337859], [75.85557224369047, 14.861627015044316], [75.85415039834359, 14.862919190796928], [75.85376469769322, 14.863624089765299], [75.85348117501653, 14.864726683751321], [75.85335558604821, 14.866556844475369], [75.85360627350465, 14.86855417573474], [75.85415409221606, 14.872160279607709], [75.854274605703, 14.875341575458398], [75.85425564765725, 14.878563596651457], [75.8544273381659, 14.879747537697966], [75.85519402151485, 14.880940534382363], [75.85576081803492, 14.881853379191087], [75.85480348523328, 14.882716400497321], [75.85394846694922, 14.883597500729687], [75.85197373549441, 14.883922655153645], [75.84776857881734, 14.884437288820092], [75.84738259070606, 14.887261461757532], [75.84684822516435, 14.887261358446272], [75.84597920843323, 14.88844972620842], [75.84482656841406, 14.889882077103803], [75.84228490659022, 14.889637715848478], [75.84095135665262, 14.889673654740584], [75.83865151681168, 14.888308527379595], [75.83634709735942, 14.886893692505536], [75.8336941064241, 14.885433575934623], [75.83309016546532, 14.88500425112906], [75.83266294378419, 14.8836891237164], [75.83225880072101, 14.883499312550496], [75.83202639038733, 14.883621254905385], [75.83039513517132, 14.885622877518873], [75.82927466022925, 14.888695304229172], [75.82767981732493, 14.893326892543639], [75.82674050382955, 14.896327132451981], [75.82569901325884, 14.89923699469972], [75.81989039434232, 14.899615220124566], [75.81606132993534, 14.899803984909326], [75.81604839419524, 14.896057852866154], [75.81312097063554, 14.895953081282755], [75.8131582956356, 14.895442442466738], [75.81310285610783, 14.894479933791724], [75.81267557962947, 14.893530848283376], [75.8117369883796, 14.893598312026555], [75.81104510055788, 14.892287666316447], [75.81085007990295, 14.891542061710679], [75.81092019430919, 14.890285777441603], [75.8109018444229, 14.889169676277765], [75.81043731750462, 14.889020430127205], [75.81034934818379, 14.887845466420679], [75.81061445809213, 14.887172205162802], [75.8106517714141, 14.886657101403847], [75.81018774036588, 14.884533056974677], [75.8095149453372, 14.881582152412726], [75.80931991659746, 14.880940357272145], [75.80612870185625, 14.878313930900557], [75.80463753262062, 14.877156605412749], [75.80351349855334, 14.876306643113361], [75.80316075619243, 14.875149773083821], [75.80303742109717, 14.874683223169201], [75.80232545592887, 14.87199080163411], [75.8019221069764, 14.869627349651026], [75.8017272165772, 14.868895133020972], [75.80192267830492, 14.86768867103322], [75.80206225763546, 14.867051586451291], [75.8026342131802, 14.865962740016124], [75.80337362008383, 14.863947537783885], [75.80496862648153, 14.85963260568318], [75.80713516082587, 14.854730308885172], [75.80897619691521, 14.85054186773616], [75.8097900849357, 14.84807929332152], [75.8101807649477, 14.846267361107344], [75.81032529489374, 14.844749050171538], [75.8103259156296, 14.842720004059645], [75.80537873435817, 14.841326772661201], [75.80733577888331, 14.837418573786389], [75.80929267069489, 14.83342899631809], [75.81114274473433, 14.82931734975111], [75.81225762766375, 14.82951202291307], [75.81300077066065, 14.829855586193547], [75.81420823845487, 14.831184505790285], [75.8157176336093, 14.832323706096897], [75.81690666078735, 14.832929546285772], [75.81803966722767, 14.834534046431564], [75.82034946399521, 14.830684513912308], [75.82191097221592, 14.827996212578334], [75.82568884253317, 14.822746164644887], [75.82829553340046, 14.819226505378447], [75.83232372735645, 14.81410291953489], [75.8327280258282, 14.813678300722179], [75.83311828812359, 14.813122581922272], [75.83396894957852, 14.810117657701596], [75.8346618048858, 14.805757086945473], [75.83483410714717, 14.803637790193136], [75.83458834784837, 14.801789420416604], [75.83441194477773, 14.801079993056916], [75.83416147561191, 14.799200018783733], [75.83373468063053, 14.796737226811556], [75.83333079628216, 14.795480881360655], [75.83280153856114, 14.794305819184638], [75.83168266801016, 14.79200998147307], [75.83053595597356, 14.78980904973014], [75.82902712765603, 14.787043223134113], [75.82837255674956, 14.785176721241514], [75.82793178577897, 14.783477587101405], [75.82702655885709, 14.781787294020413], [75.82523453215467, 14.778971615502265], [75.82318228866727, 14.77645857876346], [75.82259721053282, 14.776078868864587], [75.82151521492592, 14.775784912624015], [75.81633246304764, 14.775557577517318], [75.81433049647006, 14.77648803494295], [75.81387073421608, 14.776456235263266], [75.81058786975638, 14.774503117982107], [75.8050112308805, 14.771482795794721], [75.80096228853637, 14.769673903463913], [75.79879829732258, 14.76893200314086], [75.7983012846287, 14.769361169097538], [75.79590426234536, 14.771398393094959], [75.79106354580813, 14.775395766698463], [75.78867560369568, 14.777532308300474], [75.78629696812959, 14.779316340288602], [75.78449922365041, 14.78068939704056], [75.7818046919214, 14.782274402092485], [75.77822755913753, 14.784582030321777], [75.77718234594825, 14.785182531985216], [75.77652722706944, 14.78571996777885], [75.7749283085087, 14.788548131156729], [75.77329670474639, 14.791511783068673], [75.77295749281025, 14.791651735349037], [75.77285556636484, 14.791217817323941], [75.77251794804006, 14.788316531759637], [75.77205495185105, 14.785279645210471], [75.77174022170135, 14.783105922101512], [75.77154544359155, 14.782292518131035], [75.77076561878835, 14.781465076494529], [75.76979069787176, 14.780592465903167], [75.76770116531694, 14.779936324280511], [75.76541208639475, 14.778742159141899], [75.76326240354682, 14.77762044447351], [75.76045338153486, 14.776159446135285], [75.75984984571627, 14.775779539407823], [75.7597804823016, 14.775296005000897], [75.7596200917009, 14.771287666619386], [75.75931947408432, 14.768960149568429], [75.75921397773399, 14.76641152411366], [75.75853188693873, 14.761130907784745], [75.75839557747585, 14.759808968737469], [75.75821049757788, 14.758584288406219], [75.75773814453686, 14.756148350865645], [75.75756558625561, 14.75394521070475], [75.75755371232418, 14.753793893295482], [75.75735927916745, 14.751116260780087], [75.7573777197836, 14.749844542844242], [75.75737821475533, 14.749004093760822], [75.75716292631098, 14.747743279832967], [75.75683994244048, 14.746324835127776], [75.75667860232048, 14.745116633449676], [75.75640956857099, 14.743488105637086], [75.7562487512705, 14.741649513514668], [75.75603343587667, 14.740546398570721], [75.756252342735, 14.738800705599376], [75.7556858983545, 14.738746125075544], [75.7534901382207, 14.73771923009831], [75.75178648148774, 14.736837051752522], [75.75080252082442, 14.736181258543002], [75.74947678802644, 14.735158823909167], [75.74910364762036, 14.734753226327612], [75.74838354641051, 14.734273813413692], [75.74565696818206, 14.73253084419382], [75.74388741822638, 14.731718397866182], [75.74254523098732, 14.731041200564105], [75.73938258896038, 14.729980797322462], [75.73530059580031, 14.728595334649393], [75.73421846724278, 14.728261357328709], [75.7326906970492, 14.727787667692626], [75.73143683755876, 14.727395128391096], [75.73043846252838, 14.72710640955263], [75.7285530433758, 14.726402165014743], [75.72767984858028, 14.726009349543718], [75.72676956504162, 14.725449483841874], [75.72623078787358, 14.724988747294187], [75.72523687657186, 14.724442362966268], [75.72455408688732, 14.723945592753463], [75.72372744907804, 14.723331349358707], [75.72301202988747, 14.722667431127253], [75.72239887041725, 14.722039509716645], [75.72092656759918, 14.720779286918628], [75.72004882822664, 14.720300666051624], [75.71926859918158, 14.720002816822644], [75.7178430276229, 14.71957853631598], [75.71635258332768, 14.719393819637432], [75.7148807673965, 14.719498276072565], [75.71385477276442, 14.719625177897704], [75.71321410688017, 14.719819795595662], [75.71144077771211, 14.720611223240995], [75.71071195296253, 14.720941275621225], [75.70974177065904, 14.721375520652238], [75.70804739621794, 14.722248234074305], [75.70713750883631, 14.722772709636423], [75.70629738372133, 14.723337812499475], [75.70503480608107, 14.72442282420551], [75.70428295751078, 14.725259116178265], [75.70373528971635, 14.725991309617076], [75.70315991428532, 14.726917941673209], [75.70287686412244, 14.72759131168449], [75.70245472151589, 14.728685023206323], [75.70220425504502, 14.729453269652604], [75.7021347883241, 14.730009180755449], [75.70214898889212, 14.730646264919898], [75.70246508717598, 14.731649361586479], [75.70271671876179, 14.732179087174515], [75.7028321765303, 14.732422087449601], [75.70347325653788, 14.733402468682431], [75.70453700556473, 14.734495644543719], [75.70530801609834, 14.735182279865855], [75.70660398501605, 14.736383925349418], [75.70738430568925, 14.73713378072914], [75.70795560276893, 14.737666797750345], [75.7089497224798, 14.738574773973143], [75.71186176508516, 14.74044002533539], [75.71194547100167, 14.740706621182015], [75.71357165432957, 14.743006167410392], [75.71450070996273, 14.744004528146974], [75.71586658397919, 14.745721203806344], [75.71662848290087, 14.746593025699047], [75.71794321223496, 14.747939188527383], [75.71858902905903, 14.748589621954304], [75.71928125913887, 14.749366582635492], [75.72065288237314, 14.7511188382358], [75.72111666458801, 14.752207016979312], [75.72160934380895, 14.753499235416673], [75.72172558939998, 14.753969227552702], [75.72194447649537, 14.75514400929827], [75.72204263540647, 14.756689440061963], [75.72215930410401, 14.758103845599484], [75.72227613898987, 14.75972159759166], [75.7223696581025, 14.761104299622804], [75.72243539861162, 14.762618061799444], [75.72255198735911, 14.763887930392023], [75.72253832757688, 14.76450246243199], [75.72263635443565, 14.765510116375125], [75.72285048944319, 14.766820544222185], [75.72291606196734, 14.768099277058182], [75.72283776211222, 14.769468583583203], [75.72275904184556, 14.770038011763607], [75.72272240854826, 14.771140605393763], [75.72241627168258, 14.77197670311446], [75.72184067975755, 14.772790434968776], [75.72122808353102, 14.773585989683506], [75.72028452369932, 14.77442367190185], [75.71991425880044, 14.774752267678162], [75.71841473074107, 14.776063359868976], [75.71762087155818, 14.77674605255979], [75.71608404724485, 14.777686622365323], [75.71430100728853, 14.77850061946892], [75.71340487491055, 14.77887606640421], [75.71213704302421, 14.779247128890079], [75.7105164031999, 14.779708659110518], [75.7081851618499, 14.780003185917348], [75.70590955226709, 14.780261498153637], [75.70377327946973, 14.780623732531721], [75.7015533977739, 14.78091817558153], [75.69957497783658, 14.781108615286179], [75.69847898288428, 14.781181217925841], [75.69749919848873, 14.781366775073407], [75.69649147558951, 14.781692405417655], [75.69546507851221, 14.781882530015617], [75.69391387935768, 14.782005037779173], [75.69251133521301, 14.782005439933661], [75.69178688076731, 14.782299259204422], [75.69004566187905, 14.783461164889653], [75.68925167423707, 14.784071356013111], [75.68859696768496, 14.784772007337601], [75.68743631199852, 14.78627702230642], [75.6863127836828, 14.78783185358165], [75.6852263926192, 14.789318936862605], [75.6845810599871, 14.790168605197954], [75.68411215827341, 14.790900747787862], [75.68275907626658, 14.792781507930867], [75.68168392222891, 14.793956131066896], [75.68008085973976, 14.79563845094324], [75.6790789291775, 14.796636360603188], [75.67845668145155, 14.79729633316869], [75.6777183642044, 14.797996850597695], [75.67678025445149, 14.798421869250376], [75.67586997899768, 14.798756479658827], [75.67384031107171, 14.798896936216073], [75.67185700789246, 14.79903285902839], [75.67001310797399, 14.799105481726983], [75.66887983203908, 14.799074034504283], [75.66770012937369, 14.799291167722012], [75.66695241125707, 14.79947213926226], [75.66597706094576, 14.799761472462789], [75.66545223730898, 14.800104947441541], [75.66474169237713, 14.800782819847187], [75.66434241728449, 14.801646065792537], [75.66396638789645, 14.802482110285263], [75.66360885751506, 14.803530574999538], [75.66368333414032, 14.804276202773039], [75.66366023306446, 14.804935952333583], [75.66372542560126, 14.80604759550814], [75.66392997288978, 14.807068823825649], [75.66425523309123, 14.807895752676693], [75.665765275931, 14.810335700437257], [75.66737279945382, 14.812165632807377], [75.66826010588414, 14.813218275732815], [75.66895246262644, 14.813995467219135], [75.66989104579147, 14.81555425181591], [75.67038826509788, 14.816467049792035], [75.67085290520384, 14.817316430235048], [75.67134563742542, 14.819155594161035], [75.67184310017522, 14.821008186602722], [75.6723218276615, 14.822747871092266], [75.67291229299269, 14.82455081076973], [75.67310764692259, 14.825181390310581], [75.67358991826265, 14.826736917762616], [75.67396742627766, 14.828219936617325], [75.67426969499772, 14.829200487240048], [75.67464613581417, 14.830117743320944], [75.6751993345358, 14.831830293996482], [75.67546898273294, 14.832661702931063], [75.67584073344527, 14.833438792492297], [75.67634262668611, 14.83427475508177], [75.67708143980333, 14.8350743730929], [75.67785770098979, 14.836746285873689], [75.6787266763984, 14.838336667724496], [75.6790799038496, 14.839050540590295], [75.67965151623793, 14.839931632331139], [75.67994436881717, 14.840541635788016], [75.68061360022914, 14.841630588648105], [75.68103649742046, 14.842412194361458], [75.68144091177487, 14.84315772991802], [75.68197066087433, 14.844002656108575], [75.68220313498838, 14.844440896897023], [75.68287705021622, 14.845864239219516], [75.6833047560893, 14.846718134178689], [75.68396921115888, 14.847368766390469], [75.68448042442077, 14.848050938350884], [75.68571196257301, 14.849605126505349], [75.68636727818289, 14.850395819770924], [75.68690171648812, 14.851186416366083], [75.68773374957901, 14.852803974852268], [75.68805458467936, 14.853413993211227], [75.68850084255965, 14.854579567153133], [75.6891143622543, 14.85538840857787], [75.68967671660532, 14.856133875057148], [75.69031347661468, 14.856874764843452], [75.69106158549847, 14.857538914265012], [75.69182826166086, 14.857986046568186], [75.69258573009157, 14.858338294268936], [75.69372888659629, 14.858898239163308], [75.69415102830446, 14.857013818747024], [75.69433636152738, 14.855522422149852], [75.69469811668557, 14.853638085160217], [75.69479096206175, 14.853312637638922], [75.69499041320766, 14.852530914182019], [75.6952087208897, 14.852196366916152], [75.69621227111438, 14.852227775163458], [75.69685336369838, 14.852250118327177], [75.6983121702276, 14.852285795141603], [75.69941321640671, 14.852258452295423], [75.70029588842847, 14.852262589757105], [75.70098340325141, 14.852262418701505], [75.70141093844457, 14.852370765466983], [75.7018942832714, 14.85276831375286], [75.70214521057802, 14.85310255449174], [75.70257291465448, 14.853870602822171], [75.70398056661985, 14.853693927939553], [75.70462629900229, 14.853639453596324], [75.70605720385879, 14.853467331009638], [75.70770177300561, 14.853371813030487], [75.70859832130358, 14.85331274443962], [75.70956457707094, 14.8532175363748], [75.71065633556836, 14.853158421721893], [75.71112095501309, 14.852986485436375], [75.71155763685246, 14.85295473258438], [75.71256107209283, 14.852737426564545], [75.71302584065788, 14.85328860400801], [75.71365334801985, 14.854083645240939], [75.71425755847318, 14.854829060652227], [75.71485719829838, 14.855610593452457], [75.71541965595566, 14.856224946187446], [75.71625140877218, 14.856685585644364], [75.71680911434157, 14.856983593797837], [75.71700904069627, 14.857308915965483], [75.71754816102077, 14.857968455223846], [75.7179525771718, 14.858424649721439], [75.71851506357515, 14.859215370617484], [75.71881720473444, 14.859775532910605], [75.71899386562158, 14.859888421310986], [75.71963968873385, 14.859915202287741], [75.72025301888398, 14.860041600048383], [75.72080603794254, 14.860497707680894], [75.72117320185707, 14.860818413182697], [75.72137796474122, 14.861333536096659], [75.72136416392352, 14.861816980903276], [75.72142966907404, 14.862887953415026], [75.72158827651893, 14.864229974191618], [75.7224616509775, 14.864116629622611], [75.72339080273038, 14.864007847675946], [75.72439894873607, 14.863975776058112], [75.7252399299455, 14.86391219370133], [75.72649889276506, 14.863757988826118], [75.72732122944073, 14.863667217816522], [75.72858945029763, 14.863449773235008], [75.72907266397041, 14.863395314376412], [75.730587327744, 14.863444397852273], [75.73271527765029, 14.863619725037923], [75.73295762155439, 14.865237285043001], [75.73326980048864, 14.86699949359614], [75.7335540606822, 14.86884310572849], [75.7337357440501, 14.869642858023427], [75.7338199260737, 14.87068655624878], [75.73387654688605, 14.872602640272145], [75.73389138076635, 14.8744418443643], [75.7339991938718, 14.87622216145867], [75.73409762676904, 14.877998036911723], [75.734228559815, 14.879733172592726], [75.73428521745825, 14.881382554942503], [75.73430876769176, 14.882173413970483], [75.73433240146856, 14.882964138134268], [75.73493183647787, 14.883045222568978], [75.73556378151733, 14.883117188495332], [75.73592620951365, 14.883220908878918], [75.73627485286191, 14.883469423822694], [75.73667474419885, 14.883880391513408], [75.73706991219403, 14.884381802133078], [75.73719080477002, 14.88464382970872], [75.73760947448966, 14.885366569765024], [75.73792563296064, 14.88589975271855], [75.73846506769549, 14.886622538049147], [75.73910666692932, 14.887331616159669], [75.73893950303133, 14.887661501632532], [75.73861915212292, 14.888222137875832], [75.73842413685789, 14.888470684384297], [75.73804791253542, 14.888836872638743], [75.73761136723998, 14.889198667412098], [75.73727693613779, 14.889447290928063], [75.73696566629856, 14.889614662934694], [75.73674271971642, 14.889732338336453], [75.73635720861056, 14.890044223374781], [75.73613896920047, 14.890198070010786], [75.7358509127265, 14.890351729016711], [75.73541420573429, 14.890496530192058], [75.73490772749226, 14.89060524929488], [75.73451284605967, 14.89070039137856], [75.7343131137411, 14.890777251969416], [75.73408084084966, 14.890989784808083], [75.73376043244906, 14.891455353157792], [75.73363982284239, 14.891758174887373], [75.73350994531691, 14.892119596663532], [75.73339848954299, 14.892323075200338], [75.7332498614826, 14.892458824683201], [75.73292927611391, 14.892617040680904], [75.73239498333574, 14.892770966216865], [75.73219988812063, 14.89283424055787], [75.7320139575181, 14.892938296575457], [75.73179110436072, 14.893146325118627], [75.73157280745846, 14.893390453206598], [75.73136381171268, 14.893616424819603], [75.73104801795769, 14.893815370276293], [75.73069493603359, 14.89396470946846], [75.73036040791335, 14.894050657393846], [75.72999803471426, 14.894168311273884], [75.72962633969748, 14.894272408317509], [75.72929181696713, 14.894417221616063], [75.72894345389321, 14.89466131527477], [75.72870194811726, 14.8949235595378], [75.7284604324599, 14.895321303743671], [75.72835369643447, 14.895597004926191], [75.72829820929599, 14.89595397979388], [75.72827048908295, 14.896360722817995], [75.72824290361721, 14.896957224619085], [75.7282011607026, 14.897205738479371], [75.7281361747783, 14.897513112362128], [75.7280154528822, 14.897504103008158], [75.72736022351062, 14.897414029414373], [75.72535264964903, 14.897170831304333], [75.72344734269436, 14.89686437367101], [75.72105410052173, 14.896467650624738], [75.71861454300972, 14.896107209312738], [75.71613752754698, 14.89576471593386], [75.71380473750138, 14.895435702314835], [75.71148588391914, 14.895061473367145], [75.7091438547009, 14.894714352051734], [75.70687146378175, 14.8944079100223], [75.70598854202836, 14.894290692076135], [75.70458048941437, 14.89406065743358], [75.70235911561684, 14.89344689599714], [75.700240119219, 14.892891726129166], [75.69785613238878, 14.892309549557748], [75.69622516373536, 14.892088557974517], [75.6959325465147, 14.892734850740858], [75.69511535628726, 14.894483917652408], [75.69433517754783, 14.89621939027364], [75.69361080395048, 14.89794122465721], [75.69272852808577, 14.899649645101322], [75.69206929312632, 14.901597437868851], [75.69176295144474, 14.902813125488752], [75.6916098704355, 14.90361296443402], [75.6912545660794, 14.905199185836324], [75.69081142714973, 14.906401335303865], [75.69033325841556, 14.908050839014601], [75.69019876444786, 14.908986305544818], [75.68983659696296, 14.9099849947742], [75.68912607718393, 14.91183795628459], [75.68880101012029, 14.912457186155406], [75.68830869920859, 14.913559835013032], [75.68766793271307, 14.915209445304614], [75.68722664521121, 14.916068111639822], [75.68692941065001, 14.916962859055248], [75.68629800010815, 14.918621413524873], [75.68571274051403, 14.920361346756593], [75.68506729289757, 14.922191646865626], [75.68434763994703, 14.924189141105398], [75.68389262618764, 14.92573014389057], [75.68327496525953, 14.92751980283154], [75.68284317384855, 14.929309408678138], [75.68254617734087, 14.930827757640694], [75.68248143935162, 14.932133779215198], [75.68244446918611, 14.93299236666751], [75.6823518115578, 14.933959360586474], [75.68218024501664, 14.935491315923677], [75.68224575016716, 14.936982508695854], [75.68248776259288, 14.9385911340873], [75.68263210928266, 14.939395435754857], [75.68291580174095, 14.94011837033349], [75.68344122635061, 14.940981418351383], [75.68392472838264, 14.941455687258799], [75.68463595154255, 14.94214248428625], [75.68544028059004, 14.942829067339979], [75.68626762267851, 14.94334856983144], [75.68714153792287, 14.943827364990396], [75.68790394079947, 14.944093729264205], [75.68896366178058, 14.944558942253046], [75.69057681684191, 14.945053230708396], [75.69077188600585, 14.945123215243925], [75.69149693783123, 14.94536710640692], [75.69264503417169, 14.94561977029115], [75.69345838589793, 14.945750678693907], [75.6947604786309, 14.94618119283488], [75.69636828332644, 14.946739513693897], [75.69733059189642, 14.947091621421135], [75.69839970206887, 14.947484433092377], [75.69895287743431, 14.94768310565988], [75.7001846886744, 14.948179769349613], [75.70111899136711, 14.948468638458806], [75.7018813053105, 14.948680741082187], [75.70274774208012, 14.948752242415656], [75.7029178749101, 14.948766279180939], [75.70397295339781, 14.948833779406034], [75.70568803131133, 14.948900921161853], [75.70658042310444, 14.948918727263045], [75.70750535187717, 14.948999720009004], [75.708579104543, 14.949153042780491], [75.70964817069805, 14.949274651961055], [75.71035475585609, 14.949369311568393], [75.71184212881137, 14.949621799762715], [75.71240920470753, 14.949698442279843], [75.71391986648652, 14.949964507650058], [75.71450552493263, 14.950181173989815], [75.7155096653505, 14.950564923404666], [75.71611708009448, 14.950691182891788], [75.71648584480678, 14.950767840649268], [75.71942344178709, 14.951110154413625], [75.7203716504004, 14.9512137014121], [75.72138029676773, 14.951195223743884], [75.72227258974617, 14.951054784734485], [75.72326718736076, 14.950864526156087], [75.72368924103407, 14.950750361033922], [75.72427103762276, 14.950592982810695], [75.72476077486115, 14.950403103966025], [75.72536769104016, 14.950167803870283], [75.7259161062329, 14.949873766046586], [75.72614540120915, 14.949758026009503], [75.72666884772859, 14.949493806428983], [75.72743073766713, 14.948847396963917], [75.72902444779587, 14.947775739381898], [75.72979769872782, 14.947291210875214], [75.7306554182459, 14.946753744137379], [75.73111110214852, 14.94650634380296], [75.73158003170998, 14.946251748964327], [75.73304831366882, 14.94547382237344], [75.73304834600818, 14.945473805882838], [75.73381042099967, 14.945084861492445], [75.73524641032068, 14.944569020661786], [75.73605048424668, 14.944362660548292], [75.73679846916292, 14.944170691418568], [75.7376164535011, 14.94410693485498], [75.73843442256789, 14.94404331974548], [75.73843446658532, 14.94404331974548], [75.73936400371547, 14.944119773309621], [75.74043323156724, 14.944494294439895], [75.74164189771402, 14.945040440045686], [75.7425485206179, 14.9456094072519], [75.74334365540848, 14.946169347408594], [75.74373961212446, 14.946543542095617], [75.74385877544353, 14.946655989234339], [75.74595256601282, 14.948874685887773], [75.7471849997854, 14.950315681425238], [75.7480315640243, 14.9513048069683], [75.74910180697233, 14.95234414893393], [75.74989193006196, 14.95329295920925], [75.75068613240128, 14.954355382649206], [75.75214437119523, 14.95646643350788], [75.75255747495339, 14.957370442146583], [75.75291966579448, 14.958156908892656], [75.75337936247145, 14.958975037941501], [75.75467036460392, 14.961018264902386], [75.75596138200775, 14.963079545485861], [75.75596140087237, 14.963079578464397], [75.75735023403087, 14.96488338004409], [75.75839705340785, 14.966165298322593], [75.75887848482314, 14.966754893611137], [75.75963576011607, 14.96746926156167], [75.76073687097391, 14.968427802757077], [75.76073690331323, 14.968427828792118], [75.76171268661251, 14.969128725031736], [75.76275818007616, 14.969703107808355], [75.76291432703549, 14.96975404414319], [75.762916143429, 14.969754636870102], [75.76312103836553, 14.969821527348245], [75.76312111472231, 14.969821552515274], [75.76478450806592, 14.97035946998884], [75.76769378116529, 14.971567352938848], [75.77074721320652, 14.972707513361959], [75.77301531017856, 14.973399966527149], [75.77360093269205, 14.97360363711764], [75.77407955327882, 14.97386141299052], [75.77479054197842, 14.974282038407305], [75.77566885717106, 14.974738803748028], [75.77566888861207, 14.974738821104202], [75.77697469138717, 14.975557318158122], [75.77729994530041, 14.975864656299498], [75.77729998123303, 14.975864684937022], [75.77889857550194, 14.976963438008967], [75.77902457589862, 14.977064087088756], [75.7792099136131, 14.977212133535973], [75.77948404081029, 14.977546639160147], [75.7795606096118, 14.9776958116735], [75.77963726375333, 14.977844994496495], [75.7799947159813, 14.978875416187488], [75.78031034444626, 14.97995554758807], [75.78038890211785, 14.98100389880135], [75.78038841343437, 14.982233075138515], [75.78036459729955, 14.983480255914532], [75.78020614795815, 14.984415572513429], [75.78008015384964, 14.98544130875925], [75.77993558437772, 14.986412754701131], [75.77989338332232, 14.987289422385118], [75.7798837390094, 14.98814344851221], [75.77995773952757, 14.98898396729653], [75.77997859481522, 14.989146658327254], [75.77999945189947, 14.98930934316007], [75.7800965193575, 14.990493284013036], [75.78019358412058, 14.991677315502015], [75.78031424942279, 14.992138284364465], [75.78050459165175, 14.992734842875977], [75.78081561625086, 14.993792375435298], [75.78112664803652, 14.994867941938944], [75.78145639172955, 14.995518766385562], [75.7817257470759, 14.99607025554532], [75.78219971079623, 14.99674368562485], [75.7824691775337, 14.997014924045109], [75.78303135132333, 14.997855738574845], [75.7831753575516, 14.99811330215449], [75.78358395715686, 14.999229623185238], [75.78403916764734, 15.00026912830204], [75.78445269990185, 15.000802581292676], [75.784655092132, 15.001100858218084], [75.78465518915004, 15.001100999653431], [75.78486477508899, 15.002372734714376], [75.78648638689042, 15.004632702869943], [75.78819662018955, 15.006165264521957], [75.79029749217823, 15.007575964123333], [75.79524748697317, 15.011152168528632], [75.79849174184199, 15.013706422174112], [75.79958393512396, 15.015026332833555], [75.80055057806524, 15.016219597231409], [75.80173101914579, 15.017625338725784], [75.802697582137, 15.018990345341837], [75.80466812025605, 15.021593778167569], [75.80570449761618, 15.022872965516203], [75.8077218837756, 15.024531967094045], [75.80835410908941, 15.024952352301106], [75.81021361993088, 15.025942528910662], [75.81177568420875, 15.02657110893729], [75.8134586680121, 15.027308220674515], [75.81771297690827, 15.027521765200403], [75.82283683254161, 15.027563720314278], [75.82625903109181, 15.027564502884045], [75.82906274495876, 15.027479329431028], [75.83094574584662, 15.027990294158863], [75.83328902192649, 15.028691228592821], [75.83420945103796, 15.029671951129805], [75.83565516821518, 15.031633410443966], [75.83631031853504, 15.033892876375878], [75.83666324235566, 15.036324077649706], [75.8366816874634, 15.037083157763272], [75.83718816211214, 15.039392408219747], [75.83854545542103, 15.04165203573535], [75.84034014562825, 15.042759354947675], [75.8431020536985, 15.044038657435326], [75.84617093406767, 15.044933807189125], [75.84823093271092, 15.044676581161749], [75.8502491048962, 15.044125546316543], [75.85248128722323, 15.041821214864438], [75.85537386423472, 15.039051472828033], [75.85629460685821, 15.037985134852798], [75.8577408037358, 15.037090634354456], [75.85958221532094, 15.036408415583756], [75.86168858050758, 15.036069690300893], [75.86514801692125, 15.035812297419328], [75.86716604807101, 15.035771744170232], [75.87113704449625, 15.035559507508378], [75.87214139332328, 15.035645437719422], [75.87247619183641, 15.035247781166586], [75.87336424117346, 15.035148432196651], [75.87396872920623, 15.035333667257536], [75.87497305827027, 15.036061222921035], [75.87634479559063, 15.037832569776139], [75.87783275873903, 15.040001576375957], [75.87865119223483, 15.041443098098064], [75.87902311991526, 15.042346812634337], [75.87950212138769, 15.04462434491012], [75.87964159741196, 15.045089731437606], [75.87987420088342, 15.046576379073993], [75.88046943537047, 15.04796819307459], [75.88173428395177, 15.050100984167704], [75.88273871362713, 15.051546978066044], [75.8837060096436, 15.052342240034823], [75.88652870581086, 15.054145206789801], [75.8888353009827, 15.054723500685682], [75.89125336899652, 15.055012604104558], [75.89612225400613, 15.055337579207265], [75.89934946334242, 15.055405075288668], [75.9001725563996, 15.05559028840968], [75.90288847611723, 15.056349146368447], [75.90352091972163, 15.056710553401144], [75.90671605201577, 15.059782958148887], [75.90719996637449, 15.061355436112589], [75.90742350674304, 15.063560514631122], [75.90760984518074, 15.0661633052325], [75.90868929855537, 15.069303718411945], [75.90943841445058, 15.071694078507345], [75.90935965555639, 15.073858506514126], [75.90883926510556, 15.076750598082166], [75.90753746881663, 15.079475561277434], [75.90628207500369, 15.081622113323295], [75.90630997757474, 15.081965531502085], [75.9047522314984, 15.083737120179405], [75.90359897792992, 15.085038620242615], [75.90281307332889, 15.085838549210024], [75.90103190007174, 15.086634019572715], [75.89939484353563, 15.08757406550429], [75.89863213613017, 15.088111911750325], [75.89660451726137, 15.0895580281396], [75.89140034775005, 15.093602669989018], [75.88973079465852, 15.095663330390655], [75.88857736591856, 15.096915083019708], [75.8871635389339, 15.099599301230112], [75.88571248845882, 15.102920572868122], [75.88493118502869, 15.105631886045694], [75.88489873249073, 15.107615549045565], [75.88575000929163, 15.109802664652033], [75.88831774830987, 15.112604154766839], [75.89262992847328, 15.115708239169674], [75.89753768089028, 15.119173744616438], [75.90096150089957, 15.121559387039607], [75.90133388043262, 15.12300530246117], [75.90149232618073, 15.125526776447817], [75.90141829961141, 15.128721484675765], [75.9016510504066, 15.13009065476008], [75.90217214513659, 15.131396531641748], [75.90231642085945, 15.131694714930774], [75.90290136065332, 15.132002975159468], [75.90307963221979, 15.1320964263628], [75.90325831521464, 15.132189150838789], [75.90361643489085, 15.132373982246524], [75.90508803702298, 15.133101198061686], [75.90658529414132, 15.133777262779423], [75.90684771090044, 15.13389030408539], [75.90830381350065, 15.13427418777564], [75.91036460715293, 15.13435075613881], [75.91054561588604, 15.134368808640858], [75.91509429551432, 15.135106150318128], [75.91591463793009, 15.135425380283861], [75.91682482534901, 15.136242915856407], [75.91798340952037, 15.137320000901688], [75.91760149706553, 15.13695672009147], [75.91795715176461, 15.137291189099777], [75.9200408326937, 15.138668909304974], [75.92067307866878, 15.13907960407865], [75.921312200349, 15.13948019503864], [75.92424297372638, 15.141284619562446], [75.92562004075128, 15.141623184120713], [75.9281090505197, 15.141943486437988], [75.92850442243245, 15.141956963329708], [75.92960117107124, 15.142026588431401], [75.93027719015346, 15.142064713397975], [75.93095368983438, 15.142093275685104], [75.93168187947504, 15.142118910549094], [75.93384678337718, 15.14204932709983], [75.93414879697568, 15.142040575188403], [75.93404813176494, 15.142043220792514], [75.93655721079512, 15.141973132650365], [75.93769660785038, 15.141386964287294], [75.94076655182481, 15.139945026114107], [75.9397312398666, 15.14040134351897], [75.94142307746537, 15.139631300607597], [75.9416033926991, 15.139549677009992], [75.9415431965919, 15.139576792384744], [75.9439250723812, 15.138500674406414], [75.94717649311109, 15.137519200768047], [75.94820923768417, 15.13740134266907], [75.95027937561206, 15.137468490966501], [75.95168902183734, 15.137689508922078], [75.95421983291087, 15.13792813920382], [75.9590856501738, 15.139752750878236], [75.95944426572004, 15.139888892092614], [75.95980167393057, 15.140027906038128], [75.95980309596365, 15.14002739963123], [75.96253429153268, 15.141101828484727], [75.96253220654289, 15.141102503112448], [75.96309108980365, 15.141326597320383], [75.9636462926667, 15.141557782671072], [75.96421974749967, 15.141800047062342], [75.96644293589407, 15.143138242245932], [75.96861227747367, 15.146490276720547], [75.97220993047358, 15.14979204550574], [75.97581182801319, 15.15189617663399], [75.97667724250002, 15.15225733432915], [75.97851986501419, 15.152803269431505], [75.98136217499733, 15.152178394893863], [75.9813622262013, 15.152178769474734], [75.98179012880544, 15.152083351046386], [75.9830321422122, 15.151798051032873], [75.98303142535659, 15.151800037528972], [75.98409071065478, 15.151570090294229], [75.9851552861317, 15.151364346724451], [75.9851533475673, 15.151363289743347], [75.98546037556177, 15.151308908535169], [75.98758627281761, 15.150883174388698], [75.9901385338635, 15.149263332725164], [75.99114277399434, 15.14864365119996], [75.99216296730631, 15.148049103422295], [75.99216263582798, 15.148047633683943], [75.99263698402721, 15.1477807671833], [75.9938229856794, 15.147156617455863], [75.99544635458552, 15.146771658494183], [75.99771209347996, 15.146960282906079], [75.99906822436887, 15.147845773045598], [76.00236844338157, 15.149188001900312], [76.00388034753061, 15.149319821504937], [76.00611348476676, 15.149190066459678], [76.00931002202599, 15.148419025401113], [76.01450770210771, 15.146157866888835], [76.02140347745242, 15.143580977996871], [76.0248510147818, 15.14274659478644], [76.02721424783407, 15.142788325124231], [76.02931686974088, 15.143073970257976], [76.03266617000575, 15.143554380805949], [76.03720179262136, 15.144039816083758], [76.04143504949886, 15.14442105921409], [76.04336082007573, 15.144769751003997], [76.04538869586273, 15.14598144981432], [76.04760224982567, 15.148318466835965], [76.050508622265, 15.152092650540707], [76.05318270833813, 15.154836431796364], [76.05558283250414, 15.156274149940659], [76.05687599867812, 15.156993071678828], [76.06073260094016, 15.157581700894701], [76.06571522703776, 15.1580350053851], [76.07162358320532, 15.158935850720198], [76.0784532389519, 15.159204075700579], [76.08342203368908, 15.159521415558043], [76.08475720239082, 15.15978825077502], [76.0860039130882, 15.160506933400349], [76.08674351223132, 15.161049320055183], [76.08812526756365, 15.161542140585047], [76.08954418530102, 15.16183160835029], [76.09375925937887, 15.162790220656184], [76.09672270268649, 15.164155322476391], [76.09964895933462, 15.165845743337643], [76.10244493691033, 15.167621928655231], [76.10346380969885, 15.168408350850676], [76.10380334323186, 15.169149439939735], [76.10422659615605, 15.170509636763498], [76.10456611980757, 15.171788474641815], [76.10473338072362, 15.174305427854192], [76.1051283564793, 15.179339371758783], [76.10517009310571, 15.180744667684774], [76.1058024998792, 15.184676095925198], [76.1076027596412, 15.190030911521783], [76.10847723543431, 15.193537592696938], [76.10964499589632, 15.195905427670754], [76.11001152200697, 15.196387412927722], [76.11173416014188, 15.198653009930112], [76.11410260971095, 15.200239247709842], [76.11823935249265, 15.20236783904342], [76.11994248730446, 15.202747490238847], [76.12313001266473, 15.20325359627993], [76.1250798158704, 15.203389212869943], [76.12748097669223, 15.203109088919708], [76.13272065570841, 15.201861912921277], [76.13615016295172, 15.201052970577312], [76.14263674939635, 15.199037289220449], [76.14391639323034, 15.198594347164143], [76.14906271842388, 15.196903874637412], [76.1528642485691, 15.195534308397837], [76.15426956940632, 15.19545282688669], [76.15592148317893, 15.195854841104913], [76.15761540397082, 15.196943661958331], [76.15914659674566, 15.19810927299543], [76.1598912956246, 15.19935630561191], [76.16022188912389, 15.200847418235663], [76.16026395183877, 15.201809973715097], [76.15914749056937, 15.203906822509412], [76.15849163686865, 15.205615003581098], [76.1576217613481, 15.208308236686266], [76.15750108885936, 15.21016095666261], [76.15778983613775, 15.21152101745789], [76.15989381000911, 15.214936881731049], [76.16150423239533, 15.216789350988071], [76.16539064345345, 15.219766589707964], [76.16805761936111, 15.221410947079006], [76.17401578441626, 15.227451358164608], [76.18137043268284, 15.232709524810039], [76.18529420916515, 15.234439202508629], [76.18749585775568, 15.235048689686991], [76.1901068488582, 15.235450118704069], [76.19201036816548, 15.235246253676804], [76.19461183353275, 15.234603884438558], [76.19738061012164, 15.233396504609567], [76.20072683545332, 15.233273462245059], [76.2086384526708, 15.232746542156422], [76.2136181682269, 15.23240583376185], [76.22048744237242, 15.23222241950496], [76.22449955109495, 15.232785535695827], [76.22755722498094, 15.232716435443274], [76.2291254193623, 15.23234064852142], [76.23119135676788, 15.231332030768387], [76.23239151047906, 15.230247036698389], [76.23284694375168, 15.229040319218141], [76.23267879260523, 15.22779325166057], [76.23185427212508, 15.22619396042803], [76.22916701944482, 15.222214190955588], [76.2275974245899, 15.219517276579056], [76.22577561424427, 15.214899903727709], [76.2245274303098, 15.212857993429838], [76.22411297548548, 15.212117083832164], [76.22201273052089, 15.20894586731675], [76.21875306235843, 15.203899745358097], [76.21780279121322, 15.201726588355024], [76.21809041469919, 15.199634325402867], [76.21887549374847, 15.196615495224508], [76.22040082771105, 15.194482060481004], [76.22319633367125, 15.192027246020048], [76.22969035906472, 15.18847717819104], [76.23270090733091, 15.188484794227321], [76.23803385393146, 15.189503552121765], [76.2403466007664, 15.189805168021849], [76.24903547091039, 15.190765310082524], [76.24978064589645, 15.191242588409432], [76.25048290117486, 15.191803247170522], [76.25102236914739, 15.192314213422826], [76.25165952351718, 15.192969798608178], [76.25230586675399, 15.193684138664242], [76.25293828790053, 15.194362291387959], [76.25396127497302, 15.195619013904953], [76.25497950187285, 15.197101744011873], [76.25552798803251, 15.198200096890716], [76.25564399556998, 15.19868361910945], [76.2557829388933, 15.19984504298902], [76.25581978059974, 15.200491225051472], [76.25597263074197, 15.201792745308941], [76.2561671995443, 15.20340150949333], [76.25636668482616, 15.204449945487031], [76.25660826246731, 15.20512337817122], [76.25704983743006, 15.206099673861617], [76.25718929638636, 15.206303073862589], [76.25743585428745, 15.206420634342866], [76.2579243976648, 15.206524852881287], [76.25853866745274, 15.2065794435237], [76.2595577854813, 15.206561893034602], [76.26076302275865, 15.20650374565159], [76.26161005142659, 15.206477093967678], [76.26344351561642, 15.206405771115042], [76.26413223058854, 15.206388060241894], [76.26624024957361, 15.206316756430095], [76.2671848999601, 15.20636241150379], [76.26754789838661, 15.20643036140863], [76.26792011083302, 15.206525443214463], [76.26825046717707, 15.206634113903252], [76.26889246077128, 15.207000373960284], [76.2696414005967, 15.207552042255676], [76.27032512003751, 15.20821660403498], [76.27115294182634, 15.209111737701877], [76.27165060490051, 15.209649735457553], [76.27238090648041, 15.21038658302021], [76.27292043464003, 15.210969768702151], [76.27373446549262, 15.211738299883583], [76.2743670294713, 15.21224922216347], [76.2752834871309, 15.212959121982646], [76.27588829406561, 15.213379633131467], [76.27654426454734, 15.213800181581641], [76.2776282328546, 15.21436096499717], [76.27822370809012, 15.214790529102782], [76.27883310900918, 15.21528780620495], [76.27979608143418, 15.2160699792987], [76.28036363613239, 15.216404655915282], [76.28107185532598, 15.216679407843104], [76.28130817333114, 15.216771059351377], [76.28247138921614, 15.217349975620042], [76.28315531976105, 15.217779507625933], [76.28377404698942, 15.2181593338919], [76.28472319164727, 15.218805938282806], [76.2851057032784, 15.21903486919953], [76.28548619459846, 15.219262646143514], [76.2861747514671, 15.219660566957025], [76.28713326914661, 15.220167030241457], [76.2879241962284, 15.220632822725861], [76.28868256477104, 15.221112092088116], [76.28940365143276, 15.221668159714339], [76.2900876062322, 15.22217459303324], [76.29089244013291, 15.222775817030543], [76.29136670658546, 15.223066509659887], [76.29094266314382, 15.225157259704597], [76.29129493838079, 15.228776822835158], [76.29154015509717, 15.23225640328994], [76.29202840113217, 15.233521797854772], [76.29287485128506, 15.234990695782574], [76.29441940560142, 15.23639211387826], [76.29674100533352, 15.238611604812368], [76.29941177302999, 15.240799691822103], [76.30011432115919, 15.241446042910681], [76.30096095995827, 15.242607635724088], [76.30145392394516, 15.243769136316217], [76.30145364097584, 15.244623175654048], [76.30141608331212, 15.24547717165424], [76.30099162215387, 15.248138612441029], [76.30037947239002, 15.251090721098999], [76.3006594368399, 15.25296961578797], [76.30287401847552, 15.255726748394364], [76.30587055212496, 15.257905595539096], [76.30985437020426, 15.260292932213938], [76.31485739434703, 15.262906173167266], [76.31970717668213, 15.264430355663913], [76.32293743669712, 15.265054698153179], [76.32525093452365, 15.264630543034361], [76.32914725759257, 15.263339015384027], [76.33160045332724, 15.26261656256999], [76.33245691250902, 15.262449612946048], [76.3336808940331, 15.263656344913288], [76.33553737845041, 15.267447861236091], [76.33843660479162, 15.271917444994116], [76.34056315152944, 15.276020725005178], [76.34140522329362, 15.278903850544701], [76.34235453413976, 15.2812944076611], [76.34262414191274, 15.283531176146074], [76.34319150437146, 15.287408312893398], [76.34385221795786, 15.289333329720636], [76.3453462303614, 15.29213068624073], [76.34579289428025, 15.293337231867453], [76.34636512381118, 15.29658624054039], [76.3466628479542, 15.297729517433162], [76.34812896676986, 15.300454512596655], [76.34901432295769, 15.301865840176658], [76.34956264113238, 15.30272303355674], [76.34977182911764, 15.304991487484752], [76.34977153357194, 15.307743336310079], [76.35073023360943, 15.31044567215015], [76.3526806836021, 15.313717436147025], [76.35378762901769, 15.315275209999196], [76.35378853272287, 15.315276515684245], [76.35627442533726, 15.319284796103682], [76.35684227558119, 15.321182675686025], [76.35780126667285, 15.323360821678012], [76.35920719746615, 15.325073510941145], [76.36226610384068, 15.327197569153846], [76.3640307894191, 15.328431242801043], [76.36572090315084, 15.32913177773367], [76.36810948935535, 15.328603165597537], [76.36969728317959, 15.328201067564637], [76.37094516617843, 15.328286997453121], [76.37340359280299, 15.329403173982314], [76.37580148824878, 15.33018045056969], [76.37906549796901, 15.330293403739853], [76.38177074390443, 15.330099041218217], [76.38446205966471, 15.33043792406898], [76.38742807664565, 15.330781243810886], [76.38894599411721, 15.330853482593744], [76.39153482827325, 15.329922455208884], [76.39472418709504, 15.328950785482947], [76.3984396972636, 15.327572264340256], [76.40083746425029, 15.326478510011109], [76.40323520608415, 15.325619672542325], [76.40461349481782, 15.325705353110857], [76.40583806384012, 15.326012501927273], [76.40719309159782, 15.326536472556693], [76.40945619034366, 15.327923451015714], [76.4104201706784, 15.328903814211733], [76.41350757430872, 15.330855420616205], [76.41647384551287, 15.332120197804215], [76.4201292233546, 15.333411828158136], [76.42336567994843, 15.334875324848309], [76.42611303531112, 15.335647441152146], [76.42782220500499, 15.33696653641743], [76.42953144656406, 15.338285598230465], [76.43183658287192, 15.33917520538257], [76.4344769461893, 15.339576729590418], [76.43495185853055, 15.33952685422799], [76.43495234002754, 15.339526828238572], [76.43911924015163, 15.339259202343131], [76.44243306414933, 15.338607824127239], [76.44243437928287, 15.338607576360642], [76.44482780561015, 15.33860233601057], [76.44857630910242, 15.338872295735689], [76.45063915091353, 15.33926030169565], [76.45345223959879, 15.340773120503815], [76.45782559054149, 15.343329119941307], [76.45938045572069, 15.344156476275616], [76.46028467024128, 15.344390158879119], [76.46495948591185, 15.343755759597167], [76.46819102961938, 15.343487908686047], [76.46877227464252, 15.343635342770028], [76.47181882109709, 15.344408149180126], [76.47325810723517, 15.345356543470075], [76.47601632951785, 15.348509335999236], [76.47718557938659, 15.349543610279552], [76.47823336265589, 15.349722024857543], [76.47834991187747, 15.34974190230263], [76.4802682273358, 15.349307215948118], [76.48463932260879, 15.346580416173875], [76.48784687321343, 15.345056128174997], [76.4902726748235, 15.34459394029138], [76.49335085634911, 15.344999063046032], [76.49595525830902, 15.347469393722127], [76.49900196107045, 15.351160929211472], [76.49955968819945, 15.351480746084606], [76.50104919375521, 15.352529932149498], [76.50187773329795, 15.353117751278537], [76.5027015243461, 15.353818629607918], [76.50354412881123, 15.354397480273013], [76.50667517619132, 15.35597569135731], [76.50759897578173, 15.35635635357139], [76.50884669079561, 15.356998639788623], [76.51039697277022, 15.357740560404734], [76.51149561685426, 15.358310503955654], [76.51212878090755, 15.358708399087266], [76.51294809205737, 15.35926011449353], [76.51376273376435, 15.35984799695258], [76.51443762186764, 15.36044028597957], [76.51502413550989, 15.360924030272075], [76.51549424545766, 15.361326483678031], [76.51642978692716, 15.362330044158808], [76.51711409566282, 15.362881687617465], [76.51848239153729, 15.364405130778174], [76.51975337022206, 15.365241742118197], [76.5207309726098, 15.365879382375647], [76.52217893018533, 15.366634683647236], [76.52262124176661, 15.366878887054188], [76.52411559373336, 15.368027258997525], [76.52496290357394, 15.368646711097602], [76.52536325664492, 15.36900389287826], [76.52683429194012, 15.370247241626123], [76.52769083556352, 15.370925435104414], [76.52891985663636, 15.371920093572804], [76.5303582759002, 15.373384752867032], [76.53175489475727, 15.374483417713444], [76.53241395903682, 15.374930734863776], [76.53379875875966, 15.37588958787084], [76.5350371833969, 15.376861628050548], [76.53681108838505, 15.37808688968595], [76.53763986508302, 15.378566219831685], [76.53915300890718, 15.379691956470916], [76.53986996601355, 15.380315790361944], [76.54066363295694, 15.38113264700218], [76.54134575878648, 15.381834702642527], [76.54246312645598, 15.38266201102514], [76.54340832211986, 15.383412438377725], [76.54483306273688, 15.384339337304253], [76.54628596643637, 15.385157722460841], [76.54712871014038, 15.385682221882425], [76.54811115983738, 15.386518505281625], [76.548660543414, 15.386929947180308], [76.54950777510118, 15.388014667206933], [76.55016875728388, 15.389271134860813], [76.55063874685736, 15.39018404180259], [76.55113689951335, 15.391029222740384], [76.55168611869827, 15.39207777148606], [76.55210031480779, 15.392968023038325], [76.5527287483328, 15.39393976264349], [76.5537250635262, 15.395169171047613], [76.55423247781273, 15.395860744834318], [76.5550053954697, 15.39668334578377], [76.55843731468961, 15.398150536502982], [76.56040546778154, 15.398959063487982], [76.56188398604307, 15.399048805224512], [76.56388687159718, 15.399071989799264], [76.56575924002533, 15.399131266777937], [76.56650446082548, 15.39927602000805], [76.56739394656866, 15.39959704827491], [76.5685303064199, 15.39994535699689], [76.56915236909292, 15.40019989848556], [76.57183235080926, 15.401292722316287], [76.57404452136669, 15.402504322826694], [76.57565122742263, 15.403440062205643], [76.5762939064314, 15.403833304472895], [76.5771507743466, 15.404384771315874], [76.57870633392352, 15.405356670637095], [76.58021998529581, 15.40624713296813], [76.58124453094533, 15.406875493690308], [76.582446184843, 15.407485765468039], [76.58369428613246, 15.408290338253824], [76.58556663120443, 15.409149264765988], [76.58634445635779, 15.409515344715194], [76.5881655875771, 15.410311022562363], [76.58880366541497, 15.410717767761836], [76.58980502195375, 15.411382178404846], [76.59116501380176, 15.41225005448528], [76.59236191201832, 15.413049995609722], [76.59306523180035, 15.413782157577172], [76.5935960687596, 15.414554950602453], [76.59391790458318, 15.41518936292118], [76.59401985528311, 15.41539089449898], [76.59442030088056, 15.416376033628314], [76.59467174921006, 15.417090025789962], [76.59482998565072, 15.418039024446037], [76.59483447273556, 15.418893046441244], [76.59494618542767, 15.419864564436924], [76.59500639590789, 15.422114845125458], [76.59508084648203, 15.422711349171168], [76.59535085759853, 15.423985620912008], [76.59569545762973, 15.424613704578258], [76.59610058434816, 15.42545424865305], [76.59672471853618, 15.426299377139452], [76.59753046961683, 15.427270951414577], [76.59848528264409, 15.428296806296055], [76.5993004076447, 15.42925939662516], [76.60021797472365, 15.430316850053336], [76.60102376712679, 15.431265890447817], [76.60154356019795, 15.431855948207254], [76.60201117282922, 15.432386614718082], [76.60281237304459, 15.433313018221705], [76.60386044018152, 15.434501539742438], [76.60471742757267, 15.435590664087144], [76.6052531163328, 15.436245921284538], [76.60658694564644, 15.43781001568162], [76.60659052183958, 15.43781372261669], [76.6077731467246, 15.439156132723303], [76.608863147219, 15.440294915021383], [76.60968303688385, 15.441063156961377], [76.61043901590784, 15.44164475917295], [76.61144395133473, 15.442382719583001], [76.61230577705201, 15.442852822703111], [76.61333066406134, 15.443313749016431], [76.61470031549356, 15.443594025864467], [76.61585565854342, 15.44367083199335], [76.61763526424038, 15.443612181633018], [76.62015026765987, 15.443331886626012], [76.62251759613146, 15.442943685845018], [76.62338882451483, 15.442916528301502], [76.62498209446906, 15.443065660958677], [76.62655671180471, 15.44330515861034], [76.62901655237755, 15.44357178227501], [76.63075139861718, 15.443772297467138], [76.63418304654581, 15.444104884840362], [76.63623289781961, 15.444190705429735], [76.63719260127532, 15.444118361361205], [76.63916324180228, 15.444086667637617], [76.63992726883289, 15.444163448473596], [76.6412457549215, 15.444416388455684], [76.64281576300144, 15.444664825577165], [76.64398049164936, 15.444872606131774], [76.6454526588218, 15.44513909530262], [76.64700406458886, 15.44556826502407], [76.64827126136628, 15.446038089906063], [76.65026527426032, 15.446661477903374], [76.6510107906062, 15.446968676922925], [76.65301416035223, 15.447637208224135], [76.65376425002121, 15.44788111822385], [76.6554228508528, 15.448296635447102], [76.65703482013798, 15.448630796621936], [76.65880990641075, 15.44890165267838], [76.66021224214626, 15.449073178155453], [76.66191739277757, 15.449235605938409], [76.66317992370541, 15.449357378204217], [76.66337268330076, 15.449380223808607], [76.66477796640875, 15.449546954650515], [76.66529051995704, 15.449650733409978], [76.6660266444166, 15.449862994090426], [76.66739173061055, 15.450463775335791], [76.66868711203004, 15.451132339524852], [76.6698985800222, 15.451868633185068], [76.6708304419923, 15.452519086343159], [76.67139682977894, 15.453087370969731], [76.67313721413228, 15.455234292964672], [76.6736778921355, 15.456192221352559], [76.67412536723303, 15.457050622367856], [76.67469864509788, 15.45785935984409], [76.67535115167586, 15.458975353311342], [76.67588253301422, 15.459964802455525], [76.67639528509015, 15.460823231130911], [76.67705710629932, 15.462106317248866], [76.67752785944083, 15.462851794410545], [76.6787724375377, 15.464862308591098], [76.67945300119698, 15.466149942766856], [76.6800914985481, 15.467017457297215], [76.68078613162133, 15.468377360018396], [76.68168105666358, 15.469660396736153], [76.6823848004504, 15.470356095348233], [76.68396005289496, 15.471774609021779], [76.68532550560155, 15.472931030229637], [76.68590809809761, 15.473337494217988], [76.68676556518913, 15.474001506042011], [76.68820096252037, 15.475040390353277], [76.69009782261645, 15.476445211371438], [76.69107657754266, 15.477131737175537], [76.69166371641238, 15.477542758815671], [76.6926424596605, 15.478175117984941], [76.69465044135721, 15.477288838572623], [76.69494378441662, 15.476755608424396], [76.69466861607205, 15.475942301759185], [76.69425343181572, 15.474577759831192], [76.69373574349726, 15.472906107673195], [76.69314341865342, 15.471175572625354], [76.69306378929171, 15.469978207160487], [76.69318931268296, 15.468984069207249], [76.69403218394777, 15.467736675020426], [76.69440916644832, 15.46649845322857], [76.69540600715618, 15.465621553115371], [76.69629084321944, 15.464554860774998], [76.69681696222686, 15.463384353015936], [76.69770651354706, 15.462362918453769], [76.698791708953, 15.461205835621723], [76.70023552080349, 15.459741274914933], [76.70140429905672, 15.458150352317134], [76.70188863023373, 15.45751302970467], [76.70289934362451, 15.456532176892383], [76.70402649843906, 15.455709451959553], [76.70513978685888, 15.455126155806475], [76.7062250873677, 15.454524808832058], [76.70703077915952, 15.453855730888382], [76.70741742214264, 15.453629673705656], [76.70753813954717, 15.452603892145886], [76.70761253352738, 15.452174596721804], [76.7075611939106, 15.45199841902946], [76.707677537418, 15.451623314815613], [76.7076168418475, 15.451234707890151], [76.70796579960614, 15.450113999731725], [76.708114537261, 15.449399926354548], [76.7082727692101, 15.449002260125637], [76.70837987084984, 15.448771778309343], [76.70846363785175, 15.448550329745926], [76.70856606465877, 15.448252067017927], [76.70898514490851, 15.447732261776437], [76.70958610705377, 15.447772708812208], [76.71007014897329, 15.44662485864991], [76.71074075480759, 15.445869909373044], [76.71057752553057, 15.445467873244475], [76.71045147303158, 15.444943748969608], [76.7102695722714, 15.444387992035653], [76.71078193627515, 15.44420253591216], [76.71084248991184, 15.444057995823254], [76.71097749502096, 15.443890696014718], [76.7112010704238, 15.443746021497187], [76.71163881946175, 15.443262389275521], [76.71180636604203, 15.443031811893393], [76.71217444983138, 15.4429232423559], [76.71294302054068, 15.442710561544992], [76.7147738266156, 15.442529130283694], [76.71928829210964, 15.442170795867908], [76.71815384028002, 15.43749410334614], [76.71792489115516, 15.43606174376012], [76.71751405743976, 15.434155013857561], [76.71177477049685, 15.43403980326571], [76.70954325202483, 15.433877971459022], [76.70524804103714, 15.433685153402857], [76.70210367074307, 15.433939311521613], [76.6997419387757, 15.434238279772629], [76.69796702857272, 15.43437445673666], [76.69685370242365, 15.434478715878985], [76.6968628275103, 15.433778292736227], [76.69450527630225, 15.432947563845394], [76.69395976715946, 15.431434023936653], [76.68969701320127, 15.430432069639247], [76.68699491136937, 15.429904153543054], [76.68637383594485, 15.429777350017984], [76.68803776288777, 15.427640043234604], [76.68891783518511, 15.426591454766013], [76.6905387292326, 15.425669188240244], [76.69146537738081, 15.424512211551756], [76.69219628173025, 15.423111217712473], [76.69302484912076, 15.42134413777143], [76.69390471660223, 15.41964489232478], [76.69496152794012, 15.417837167227603], [76.69620002534086, 15.416309489817348], [76.6967912524434, 15.415071207802644], [76.6963668999813, 15.413738307448412], [76.69567226960301, 15.412111749946241], [76.69495425787453, 15.409983674166952], [76.69480488331413, 15.409098133864308], [76.69452947062781, 15.407100986045503], [76.69361608340986, 15.405994144756338], [76.68965235166031, 15.406261875491994], [76.68820380568825, 15.406443022339149], [76.68553026489249, 15.406683191838791], [76.68543242398499, 15.406683225614094], [76.68300564770281, 15.406751618024545], [76.68021083614033, 15.406526421474219], [76.67921876728327, 15.406644143236885], [76.67834787217488, 15.406969627992451], [76.67769587763662, 15.407430704976012], [76.67725370888748, 15.408745705202273], [76.67493387434493, 15.408199440028403], [76.67366224977144, 15.408122885782303], [76.67288818406752, 15.404539737596068], [76.66924576622041, 15.404612763172532], [76.66632531448565, 15.404613276735665], [76.66367497088545, 15.40441040793039], [76.66099669866308, 15.40434752711704], [76.6594084269351, 15.404537590676124], [76.65783872248572, 15.404808926886341], [76.65660440764096, 15.405030444623911], [76.65257061897732, 15.406632436189359], [76.65054946618194, 15.407353793642091], [76.64992521161963, 15.406395860676382], [76.6488117165873, 15.403522130564879], [76.64783804522727, 15.401823178497553], [76.64678055027142, 15.400354725850118], [76.64563452275108, 15.398190386081529], [76.64474945492246, 15.397200809629016], [76.6437386732597, 15.39567361022295], [76.6434032647905, 15.395190153609045], [76.64181015293977, 15.393391787896963], [76.640687638822, 15.391778743445107], [76.63933197056546, 15.387838493986589], [76.63887543056842, 15.385597316001673], [76.6390242176306, 15.382126997766854], [76.6390752500236, 15.378091744472401], [76.64262872836937, 15.377793333835026], [76.64734643140822, 15.37761225992552], [76.6504338377335, 15.37433139481678], [76.65224529319889, 15.372627651022526], [76.6547646300913, 15.37145710508864], [76.65540725520114, 15.371118054964874], [76.65581244480163, 15.3714298299332], [76.65948188936241, 15.369061552577534], [76.66072989902369, 15.368374530857457], [76.66099528381652, 15.367931670068101], [76.66193609480347, 15.368713292671115], [76.66257904061187, 15.370041690532982], [76.66319869400328, 15.371885175318239], [76.66287305561112, 15.373525478976196], [76.66646843677164, 15.37409875657356], [76.67035723555178, 15.374486656314787], [76.67281178684419, 15.375308583817548], [76.67431146671885, 15.375751082466683], [76.67538699355738, 15.374268794217], [76.67684901695364, 15.370637242968588], [76.67779792984615, 15.368461750428997], [76.67831931922358, 15.367698035485708], [76.67826778826561, 15.366265644700267], [76.67729856087128, 15.363970286140558], [76.67705142894673, 15.362768401259736], [76.67641306544458, 15.361308992913454], [76.67588182604005, 15.359808916179466], [76.6758582901796, 15.358778706903724], [76.67596049959434, 15.357721308278743], [76.67614194131545, 15.357106750031337], [76.67890345322864, 15.357101601967083], [76.68079420028921, 15.357205048322603], [76.68622859812636, 15.357081713961877], [76.69001461256998, 15.357152984719013], [76.69231041178878, 15.357152371421254], [76.69336271627891, 15.356898995261828], [76.69528117007776, 15.356288433171551], [76.69623104596425, 15.356116409292818], [76.69610909696948, 15.353360045691737], [76.69608984607295, 15.351493904624277], [76.69744013881082, 15.351154575160054], [76.69726693553919, 15.350196126442695], [76.69714617142229, 15.349527902180084], [76.69672138507389, 15.34627009060751], [76.69648760750434, 15.3434686006686], [76.69638287921356, 15.342472067873855], [76.69616990393108, 15.34044566457408], [76.70048161786886, 15.339915606598678], [76.70049983031292, 15.338853785168338], [76.70127741651442, 15.338672709508955], [76.70103432341539, 15.335925497930955], [76.70106613096297, 15.333941792610904], [76.70114488806057, 15.332613229928011], [76.70147475841607, 15.330642993492559], [76.7014323372734, 15.329273858342718], [76.70146395707306, 15.32661234721393], [76.7015657334998, 15.32474607719321], [76.7063477675911, 15.325209912639034], [76.70950467207834, 15.325488947575503], [76.71304326713651, 15.325370155063695], [76.71679138435323, 15.325323468024289], [76.71938943971568, 15.325259159833351], [76.7208839030735, 15.32497842043399], [76.7210980596406, 15.324901480410665], [76.72118640176225, 15.324535431192945], [76.72011917445863, 15.322443724431484], [76.7191730688014, 15.320266138107455], [76.71894437030647, 15.319082344190095], [76.71885527809154, 15.317604732389144], [76.71936657849002, 15.31578349429483], [76.71977525804537, 15.31330262421456], [76.7198121689221, 15.312746813145159], [76.71957871205109, 15.31106135884818], [76.7188147020885, 15.310085676543402], [76.71962489982975, 15.310248032523743], [76.72072378106903, 15.310663240405713], [76.72232084460872, 15.310884040225135], [76.72494669025278, 15.310765396243118], [76.72781006213607, 15.310953992437298], [76.73145548664446, 15.310938731981578], [76.73553861437674, 15.310954897858037], [76.73755923357285, 15.3109946072687], [76.74158654089167, 15.311024222750394], [76.74282031495066, 15.311023578125697], [76.74639127271527, 15.31109405014964], [76.74897027660718, 15.311064435544278], [76.75582953992719, 15.311241422171724], [76.75595619339909, 15.30129225947331], [76.75648323946785, 15.297062127141313], [76.75672809416317, 15.290022459570979], [76.75285539948116, 15.289931066171233], [76.7489704706433, 15.290362194983137], [76.7474408741747, 15.290393365313502], [76.74360731010647, 15.290398060099315], [76.73654271706535, 15.290344662753414], [76.73124964488363, 15.290288476942695], [76.7282609328654, 15.290316899559556], [76.72437379686686, 15.290404483585196], [76.72127333263063, 15.2904554936639], [76.71633408887304, 15.290471018166611], [76.71643969212289, 15.286973518647141], [76.71646621398332, 15.283792393304502], [76.71713979503788, 15.280606444102371], [76.71746975342826, 15.279191941245362], [76.71757596663419, 15.27723983849822], [76.71760758643387, 15.275093440053304], [76.71752690783988, 15.27160051185484], [76.71690314285942, 15.271501348339932], [76.71569750583176, 15.271501766905088], [76.71440813234493, 15.271610754996352], [76.71223464683688, 15.272497218140295], [76.71193145105542, 15.270820917192701], [76.71141329561304, 15.2672016083182], [76.71098847602698, 15.264246581969728], [76.71059656801798, 15.26188792383564], [76.71018214643131, 15.261445275241632], [76.7102141525066, 15.260017348945023], [76.70990996588338, 15.255941571527341], [76.7098947448292, 15.252796574461245], [76.71057891342768, 15.252601986648898], [76.71097898173275, 15.252199695971163], [76.71114176724201, 15.251806508952166], [76.71127887351058, 15.251098636475437], [76.7112852524474, 15.249822121521921], [76.71114492661687, 15.248231546816287], [76.71082311145452, 15.246501049989261], [76.70985994499341, 15.24712491361579], [76.70851064040238, 15.248508127504044], [76.70865520538274, 15.249199508729498], [76.70836688749903, 15.249823182343063], [76.70485683191744, 15.251098524673889], [76.70430923059833, 15.252545509929966], [76.70373775205897, 15.25535631869771], [76.70313338799369, 15.257182046782976], [76.70271046205627, 15.258935506706855], [76.70274784454848, 15.259495767684891], [76.70218558452056, 15.262089708235441], [76.7007379359655, 15.262067537153992], [76.69870382946371, 15.261955257832149], [76.696557916845, 15.261644143839495], [76.6937603591327, 15.261247317290696], [76.69165618403872, 15.2606243414369], [76.69039481193758, 15.260561465007942], [76.68915209514992, 15.261022696178587], [76.68989258003191, 15.262143102374274], [76.68893861770918, 15.26300643269591], [76.68879016392195, 15.264700985593086], [76.68828284575515, 15.264859314005738], [76.68769651357259, 15.265410721391845], [76.68824132023283, 15.265957325402967], [76.68875364111746, 15.266942290049831], [76.68952688306625, 15.268867091742097], [76.68999704421798, 15.269088395765742], [76.69058843481389, 15.269585288826327], [76.69088647696056, 15.270055072583876], [76.69110074222382, 15.270665052681702], [76.69113830617573, 15.27165467310985], [76.69087682366452, 15.27300730386878], [76.69019421633799, 15.274307396260307], [76.68943105438501, 15.275179666442078], [76.68890972699134, 15.27527479169416], [76.68603928716338, 15.275507132629485], [76.68530670026942, 15.275280188747375], [76.6845524648754, 15.27475619991961], [76.6830767754087, 15.274390568268748], [76.68142416454344, 15.274079196267094], [76.68026488687265, 15.27335650224544], [76.67849591273709, 15.273135423702588], [76.67521422327376, 15.273154223455716], [76.67284935079613, 15.27229616734851], [76.67212773682334, 15.272124651551085], [76.67067093353718, 15.272667140841452], [76.66829691171839, 15.273006517873226], [76.6659277390055, 15.273797650793998], [76.66422435805532, 15.275727387158213], [76.66341906242057, 15.275582983314752], [76.66070042979078, 15.275122421940491], [76.65779103541887, 15.274499264554512], [76.6547093414805, 15.274309896351904], [76.652121192739, 15.274179167086015], [76.65089691746586, 15.273551179147884], [76.64893238099121, 15.27239906376082], [76.64588317103184, 15.269918579503829], [76.6444959171116, 15.26889744892511], [76.64119545196053, 15.266706138661556], [76.63913337641235, 15.26663393754812], [76.63717841508036, 15.266765010360286], [76.63466010136904, 15.267122086232469], [76.63007050168298, 15.26760119330037], [76.62183146471409, 15.268934134054057], [76.61844742300391, 15.269209597293278], [76.61510053202065, 15.269254676291716], [76.60899334903628, 15.269041829638088], [76.61039456277601, 15.267826379336762], [76.61228915282936, 15.266574849158923], [76.61359722924044, 15.265603415041328], [76.61570590489396, 15.264220844956142], [76.6166369808382, 15.262404415490991], [76.61850824703347, 15.258396411259891], [76.61909942652535, 15.256584370428717], [76.62117541607894, 15.255513567363245], [76.62288833803576, 15.254478760962149], [76.62760601951506, 15.251097011452927], [76.62896701837447, 15.249742594589206], [76.63223903028722, 15.24677824310837], [76.63376561021308, 15.245540121066774], [76.63510136910796, 15.244306489074107], [76.63446370180016, 15.243226504780987], [76.6335094430334, 15.241590809979389], [76.63247620708182, 15.240063481138447], [76.63066567957611, 15.239137180649504], [76.62964643398678, 15.237840319308482], [76.62875742165572, 15.236109601749574], [76.6286456712344, 15.234397050847797], [76.62864564697989, 15.231739978833081], [76.62832920104802, 15.22902425797726], [76.62615576584564, 15.223027922580053], [76.62374049788058, 15.21694570619026], [76.62319597239299, 15.215508712409816], [76.62260966985482, 15.21436094506009], [76.62235371916913, 15.213710233840724], [76.62232578605538, 15.21291042747749], [76.62203730018672, 15.21256246449445], [76.62080409026974, 15.211970461391603], [76.62004088789256, 15.211396606568272], [76.619333646066, 15.210321119640119], [76.61905907689771, 15.20987376736131], [76.61859372173276, 15.20929983314594], [76.61823541341033, 15.208739515630656], [76.61803534961342, 15.208228820626095], [76.61784460224432, 15.207569146230494], [76.61682090640105, 15.20563956275974], [76.61628580873237, 15.204315543199195], [76.6159368366007, 15.203158734051794], [76.6151784464985, 15.201699172344101], [76.61450838594152, 15.201301462940968], [76.61167920932785, 15.200682239191332], [76.60548602523144, 15.199701428790496], [76.60365736433344, 15.195512064419155], [76.60140059332049, 15.195326483712496], [76.59901813811781, 15.195326214104012], [76.59686320821027, 15.195091183002692], [76.5961564460841, 15.19501407401222], [76.59371352977121, 15.194521141725806], [76.59109374416207, 15.194475518764873], [76.58908825259532, 15.194533985887432], [76.58648713936763, 15.194533470075086], [76.58397438892288, 15.194410942497118], [76.58138260020785, 15.194179970129602], [76.57826968172853, 15.1937455327104], [76.57623631813347, 15.193496564177085], [76.57503114014493, 15.193437567081347], [76.5737608064505, 15.193405551002765], [76.5718715200506, 15.193789252084725], [76.57002876189085, 15.194285855722123], [76.56843701907259, 15.195397022293259], [76.56665901058022, 15.197122699608206], [76.56456000529072, 15.198667498339134], [76.56222371900205, 15.199516342430211], [76.56019023143949, 15.199732603896948], [76.55907796889572, 15.199854316107967], [76.55733270669037, 15.200902130845233], [76.55586653128087, 15.201954546981781], [76.55542441643061, 15.202198424747477], [76.55469441848129, 15.20044937434134], [76.55331797937876, 15.19740332997795], [76.55271824972205, 15.196070071241133], [76.55077421729378, 15.192956034551274], [76.55010457355513, 15.191925530923912], [76.55000220513863, 15.191794401090581], [76.54857803135855, 15.192738351325211], [76.54599510721873, 15.19396201508849], [76.54479418634632, 15.194838163251909], [76.54222950878656, 15.196703470254132], [76.5389809240381, 15.198279271396894], [76.53627704623686, 15.198960516293429], [76.53491361384135, 15.199000581499055], [76.53413236700504, 15.197888657170589], [76.53333735887693, 15.196198294286267], [76.53297000541788, 15.195728246768589], [76.53125797009828, 15.194859914896641], [76.53013213670552, 15.194303624827945], [76.52900170932841, 15.193747310752586], [76.5285598199553, 15.193367519387], [76.52808083285592, 15.192648798582788], [76.52760191852008, 15.191934634474284], [76.52661110910104, 15.191310648083828], [76.52468979596463, 15.19040150644718], [76.52441529057673, 15.190238714548538], [76.52327624925435, 15.18823639513343], [76.52169527993132, 15.186120856999656], [76.52009100920812, 15.184122777806312], [76.51811010453072, 15.1815416483464], [76.51465212787939, 15.183198304265725], [76.51154766524182, 15.184877708990898], [76.50949975702403, 15.18592500338265], [76.50650405970609, 15.184549648333192], [76.50419204140485, 15.183536225188305], [76.50056367500537, 15.182020453444068], [76.49974484804748, 15.181735290069602], [76.49900348640982, 15.18213790261385], [76.49711384697201, 15.183642807085313], [76.4953932192667, 15.185293047563272], [76.49350088667966, 15.187928446605254], [76.49194804360818, 15.190197560549416], [76.49075760248188, 15.191739109614804], [76.48833497551799, 15.194858195813719], [76.48769330711393, 15.195771299947863], [76.48703319360212, 15.19694197150016], [76.48677781783819, 15.19806723282907], [76.48677897666492, 15.200200097306626], [76.48663076362618, 15.201614513489934], [76.48654750057914, 15.202436983061371], [76.48592915872803, 15.203503693235751], [76.48431532364202, 15.20538424979888], [76.48297140175615, 15.207187859285806], [76.48201328023369, 15.208223081177543], [76.4804178677975, 15.2096607340423], [76.4799635637072, 15.209974275816322], [76.47963167393893, 15.21020337756386], [76.47929182958887, 15.209968541616385], [76.47790982182991, 15.210104690464783], [76.47546213815784, 15.210318194899587], [76.47433138648887, 15.21051301078955], [76.47190729976266, 15.211259594312327], [76.46966917418175, 15.211997087242453], [76.46837563161364, 15.212286785748045], [76.46726834843149, 15.212793290166248], [76.46556539957098, 15.213643479912125], [76.46305318901372, 15.215379636884796], [76.46067112727313, 15.21696662774148], [76.45914035670648, 15.2176675496497], [76.45709769105667, 15.218404807778354], [76.45520379899429, 15.218920634777481], [76.45324467397096, 15.2192873571568], [76.45148115710069, 15.219983789950273], [76.4499920953127, 15.220336726539067], [76.44826566988056, 15.220644553186672], [76.4469258218545, 15.222050236109745], [76.44511604174713, 15.223718206118583], [76.44405519517699, 15.22459065681869], [76.44322243984061, 15.225286759162163], [76.441519228672, 15.225788862863855], [76.44032799972321, 15.226168797765396], [76.4377548196093, 15.227719328766145], [76.43536794110216, 15.229870894326343], [76.43420005577434, 15.23097372395666], [76.43188286677031, 15.232939923622125], [76.43066776778775, 15.23133155058328], [76.42930357631582, 15.228851113735534], [76.42880607224348, 15.227957526207232], [76.42830247400025, 15.227052942409845], [76.42779019264152, 15.225733595907851], [76.42768278108296, 15.22399837461236], [76.42831976836611, 15.221634977743518], [76.4290871559942, 15.219583247651752], [76.4302128914706, 15.217924633367483], [76.4313435586979, 15.217133589204657], [76.42834107191307, 15.213568986008292], [76.42632071592335, 15.210925983542506], [76.42467757150455, 15.208775439755003], [76.42399521840122, 15.207998181529769], [76.42322993193261, 15.207126359928735], [76.42214552524747, 15.206340362844575], [76.42091224616023, 15.205992643871667], [76.41971616002067, 15.205120751561164], [76.41834865107039, 15.203709405093324], [76.41699332686863, 15.202310568652575], [76.41475921496038, 15.199762449189453], [76.41207840499736, 15.19685727259263], [76.40916032211996, 15.19378496085745], [76.4066523354412, 15.19403836071263], [76.40490737237485, 15.194192151990547], [76.40286461060529, 15.194156250522056], [76.39956550191027, 15.193935187569787], [76.39586141561718, 15.193393279804035], [76.39790387285785, 15.189669633725735], [76.39943904966098, 15.187111951782997], [76.40156513735968, 15.183944077642474], [76.40267234687994, 15.18245279007693], [76.40388661402255, 15.18111508037804], [76.40614304996392, 15.179497062122078], [76.40722700479645, 15.1782950036978], [76.40820391188812, 15.177169668161767], [76.40935299637539, 15.176320010257683], [76.41165138813209, 15.17544757051109], [76.41335412139695, 15.174525462299934], [76.41473573120223, 15.173133504530657], [76.41620554209369, 15.170959751554612], [76.41733113473795, 15.168695649473023], [76.41854495721446, 15.166264312594961], [76.4197542288258, 15.164266858856577], [76.42064710391251, 15.162174459647803], [76.42164702135022, 15.160515968940793], [76.42309349490893, 15.158658431108408], [76.42453998194235, 15.156913892099285], [76.42653999827745, 15.154577322044716], [76.42773077896692, 15.153610032932505], [76.42932605935074, 15.152059703015759], [76.43115384349306, 15.149917433493421], [76.43193973551766, 15.148520949601506], [76.43279069790822, 15.146952732140566], [76.43404614921333, 15.144774409149477], [76.43491566091618, 15.142989304385761], [76.43559911804897, 15.141750968486672], [76.43702228930918, 15.14052152299798], [76.43857568125132, 15.139142900013674], [76.43944998456789, 15.138211799934501], [76.4401521580996, 15.137185793507491], [76.44085409896769, 15.135540833131412], [76.44178838549071, 15.133362462983866], [76.4428949365459, 15.131405578830948], [76.4437459258859, 15.130451845313742], [76.44455472045871, 15.128467879924084], [76.44576310183953, 15.125227609752402], [76.44669736051482, 15.12300853193179], [76.44735745516199, 15.121553303556423], [76.4481010877407, 15.11986757188276], [76.4485473438244, 15.118886887840272], [76.44984412212415, 15.116021615906366], [76.45086668070029, 15.113770922687333], [76.45267463363435, 15.109712444570219], [76.45347868600078, 15.107927345434062], [76.45460329768474, 15.105360247281448], [76.45526329351726, 15.10394568962171], [76.45604878938484, 15.102454201839564], [76.45704787318594, 15.10004086945282], [76.45757718480587, 15.097600486905216], [76.45861775460342, 15.094491219118309], [76.45910553890438, 15.09282363122453], [76.45957478916442, 15.09169829688974], [76.46076498864389, 15.090563693431964], [76.4628293288449, 15.088895426806225], [76.46435889387246, 15.087480518365123], [76.46506073323087, 15.086377625419733], [76.46623214714116, 15.084971917653894], [76.46714332001193, 15.084081325977577], [76.46844088343924, 15.083927167618015], [76.46997041522911, 15.0827019242212], [76.4704397400493, 15.081834175712316], [76.47062969510434, 15.080166638562252], [76.47156398522066, 15.07893718836335], [76.47273516287399, 15.077309958731224], [76.47377657529132, 15.076572945367932], [76.47464589385636, 15.075836021394855], [76.4760915706094, 15.07428542746005], [76.47851327949505, 15.071699625621891], [76.47995901284193, 15.070496970507413], [76.47749267205974, 15.067185851237413], [76.47485414400049, 15.06340020247013], [76.47328131700718, 15.061326771011917], [76.47194026613694, 15.059364388687479], [76.46976811732209, 15.056185841185707], [76.46655285557905, 15.051546327443752], [76.46523610234065, 15.049667066884926], [76.46262094395352, 15.045180842989115], [76.46170421949428, 15.043418848419115], [76.46117378947181, 15.04249718742989], [76.4600667838691, 15.041706851901186], [76.45910860036288, 15.040911848681954], [76.45647171083071, 15.039905064753636], [76.45583400040378, 15.039685386936672], [76.4543883568884, 15.03918729077918], [76.45287697466053, 15.038763086041662], [76.45166339472912, 15.038655017240533], [76.44883632556311, 15.038850231264378], [76.4474135657313, 15.039144335066963], [76.445604942654, 15.039434155390815], [76.44345678784033, 15.039647104788905], [76.43977887486137, 15.04025820423434], [76.43760757675109, 15.040764869188546], [76.43571526392698, 15.04130760430793], [76.43424604951686, 15.041741752022608], [76.4328650927868, 15.042130767098474], [76.43097274133515, 15.042849652015299], [76.42925254302455, 15.043875876347224], [76.42748585510134, 15.044825129911436], [76.42448672442242, 15.045395190297054], [76.42199911692417, 15.0459605125036], [76.42093455671859, 15.04708592737829], [76.41819637405331, 15.050457365090432], [76.4167272782208, 15.052152219040948], [76.41481637386359, 15.0538606495606], [76.41347735588086, 15.055329468259995], [76.41254291664424, 15.056793633237199], [76.41077642275715, 15.060241742283173], [76.40984192423171, 15.06184157897719], [76.40718200818384, 15.061977459605963], [76.40518241315863, 15.06207264096677], [76.4037176175614, 15.062615042491995], [76.40229000682704, 15.062773306325763], [76.39958810352282, 15.062900173552853], [76.39784424089267, 15.063053912557882], [76.39698911391247, 15.063170777062835], [76.39612363654355, 15.063289021614306], [76.39435662163362, 15.063908274040356], [76.39239886204948, 15.06471272638178], [76.39235667357049, 15.060180352926972], [76.39242145737383, 15.056904305674486], [76.39245374911336, 15.056073989472532], [76.39254681278015, 15.053677893395982], [76.39512277138324, 15.051662316019874], [76.39771730714641, 15.049596963870096], [76.39816366473971, 15.049077259599043], [76.3988237530987, 15.046573847660408], [76.39924667454457, 15.044820488659205], [76.4000788055518, 15.04303548592341], [76.40054365316864, 15.041932871922997], [76.40097126741354, 15.039799911479824], [76.40109667043058, 15.038977499662602], [76.40333324731594, 15.038977283643298], [76.40392831381801, 15.037815863322324], [76.40450000974967, 15.036573142230836], [76.4049881030711, 15.035664799947577], [76.40490415191455, 15.033821185729305], [76.404796973918, 15.031855466772976], [76.40486174244998, 15.02939277324066], [76.40439199901488, 15.028272089669981], [76.40247610631288, 15.026442245432548], [76.40045803024731, 15.02502801001132], [76.39933279423423, 15.024232857875619], [76.39863065124523, 15.023767451871572], [76.3970776824096, 15.02363199283868], [76.39597115291397, 15.023437838992919], [76.39382295587951, 15.022498034017023], [76.39278148776667, 15.022421266598355], [76.39154944476122, 15.022846194446341], [76.38987098936525, 15.023641532210002], [76.38891323255879, 15.023081241999986], [76.38769971730608, 15.023293687153037], [76.38642576699434, 15.023167258791466], [76.38472400390998, 15.02309045517372], [76.38338499041883, 15.023049836171213], [76.38217149313242, 15.023208029603706], [76.38151121702558, 15.023632756335436], [76.380279165037, 15.023343604297915], [76.3786842987765, 15.022489548746343], [76.37949332331803, 15.021590351943066], [76.37998153431874, 15.02058264999919], [76.38004654180259, 15.019439375756228], [76.37985593996055, 15.01850845767571], [76.37908879397926, 15.01691785547414], [76.37861913768074, 15.015530561485255], [76.37883300139706, 15.014387379932625], [76.37917235347038, 15.01281934682418], [76.3791304955714, 15.011481750044586], [76.37876787713222, 15.010230067111523], [76.37795890559131, 15.008160438004067], [76.37717316897525, 15.006393570336424], [76.37640606431647, 15.004911414207006], [76.37536464650927, 15.003379479583765], [76.37419779244736, 15.001906354383854], [76.37321805296759, 15.001111946574827], [76.37305634813161, 15.000416001179222], [76.37259776985717, 14.998632830283487], [76.37152768231769, 14.996923903006003], [76.36961665489127, 14.997406845027736], [76.36896694926034, 14.996998112007326], [76.36843198364404, 14.9958464274376], [76.3678204285649, 14.995363487966584], [76.36552737280098, 14.9956606175382], [76.36384570682618, 14.995697666726972], [76.36144959184128, 14.995901315235368], [76.36167045253536, 14.995666366206581], [76.36231197092077, 14.995503746080612], [76.36311631973125, 14.995110629355601], [76.36595690584737, 14.992309162700083], [76.36509698635511, 14.990045156855652], [76.36383263544049, 14.987424187684164], [76.36366533589693, 14.986687675975423], [76.36309819352545, 14.986217679326163], [76.36314011250984, 14.985584983691483], [76.36372119583623, 14.985268711970091], [76.36430228095922, 14.984952433707011], [76.36478574166871, 14.984871109174927], [76.36671496896278, 14.984505214782487]]]}}]}